ISO-10303-21;
HEADER;
/* Generated by software containing ST-Developer
 * from STEP Tools, Inc. (www.steptools.com) 
 */
/* OPTION: using custom renumber hook */

FILE_DESCRIPTION(
/* description */ ('STEP AP242 Edition 2',
'CAx-IF Rec.Pracs.---Representation and Presentation of Product Manufa
cturing Information (PMI)---4.0---2014-10-13',
'CAx-IF Rec.Pracs.---3D Tessellated Geometry---0.4---2014-09-14','2;1',
'CAx-IF Rec.Pracs.---User Defined Attributes---1.5---2016-08-15'),
/* implementation_level */ '2;1');

FILE_NAME(
/* name */ '69746cf98c5d46be4189c44d',
/* time_stamp */ '2026-01-24T06:55:54Z',
/* author */ (''),
/* organization */ (''),
/* preprocessor_version */ 'ST-DEVELOPER v20',
/* originating_system */ 'ONSHAPE BY PTC INC, 1.209',
/* authorisation */ '  ');

FILE_SCHEMA (('AP242_MANAGED_MODEL_BASED_3D_ENGINEERING_MIM_LF { 1 0 10303 442 3 1 4 }'));
ENDSEC;

DATA;
#10=SHAPE_REPRESENTATION_RELATIONSHIP('','',#1261,#11);
#11=ADVANCED_BREP_SHAPE_REPRESENTATION('',(#1259),#3294);
#12=CONICAL_SURFACE('',#1404,0.03525,0.44926011261188);
#13=DEGENERATE_TOROIDAL_SURFACE('',#1399,0.01875,0.03,.T.);
#14=ELLIPSE('',#1391,0.03,0.019375);
#15=(
BOUNDED_SURFACE()
B_SPLINE_SURFACE(2,3,((#2453,#2454,#2455,#2456,#2457,#2458,#2459,#2460,
#2461,#2462,#2463,#2464,#2465,#2466,#2467,#2468,#2469,#2470,#2471,#2472,
#2473,#2474,#2475,#2476,#2477,#2478,#2479,#2480,#2481,#2482,#2483,#2484,
#2485,#2486,#2487,#2488,#2489,#2490,#2491,#2492,#2493,#2494),(#2495,#2496,
#2497,#2498,#2499,#2500,#2501,#2502,#2503,#2504,#2505,#2506,#2507,#2508,
#2509,#2510,#2511,#2512,#2513,#2514,#2515,#2516,#2517,#2518,#2519,#2520,
#2521,#2522,#2523,#2524,#2525,#2526,#2527,#2528,#2529,#2530,#2531,#2532,
#2533,#2534,#2535,#2536),(#2537,#2538,#2539,#2540,#2541,#2542,#2543,#2544,
#2545,#2546,#2547,#2548,#2549,#2550,#2551,#2552,#2553,#2554,#2555,#2556,
#2557,#2558,#2559,#2560,#2561,#2562,#2563,#2564,#2565,#2566,#2567,#2568,
#2569,#2570,#2571,#2572,#2573,#2574,#2575,#2576,#2577,#2578)),
 .UNSPECIFIED.,.F.,.F.,.F.)
B_SPLINE_SURFACE_WITH_KNOTS((3,3),(4,2,2,2,2,2,2,2,2,2,2,2,2,2,2,2,2,2,
2,2,4),(0.,1.),(0.476837591389009,0.49198411104759,0.513334429387754,0.534684747727917,
0.556035066068081,0.575834429387754,0.595633792707427,0.6154331560271,0.635232519346773,
0.655031882666446,0.674831245986119,0.714429972625464,0.734229335945137,
0.75402869926481,0.773828062584483,0.793627425904156,0.833226152543502,
0.872824879182848,0.882724560842684,0.892624242502521,0.912423605822194),
 .UNSPECIFIED.)
GEOMETRIC_REPRESENTATION_ITEM()
RATIONAL_B_SPLINE_SURFACE(((1.,1.,1.,1.,1.,1.,1.,1.,1.,1.,1.,1.,1.,1.,1.,
1.,1.,1.,1.,1.,1.,1.,1.,1.,1.,1.,1.,1.,1.,1.,1.,1.,1.,1.,1.,1.,1.,1.,1.,
1.,1.,1.),(0.925133718058341,0.924597424017686,0.924224029385147,0.923761878957544,
0.923854080176937,0.924746062727071,0.925544857060332,0.927716092894886,
0.929088734151533,0.932055111252414,0.933625956565523,0.936781713698315,
0.938368731464826,0.941278591149259,0.94259954501286,0.944697758217842,
0.945473512198034,0.946294982961785,0.946339858248654,0.945634601124924,
0.944886554228307,0.941521537444198,0.937802303006068,0.930585394465386,
0.927908825281341,0.922091053494148,0.918953560729217,0.912251692602311,
0.90867646309537,0.901104861890723,0.897115879599514,0.8844933877603,0.875103521375641,
0.853833774962925,0.841779210729011,0.823896040721644,0.820164539702806,
0.812222387974597,0.808026521659261,0.794638138136401,0.784651773130496,
0.773149698229501),(1.,1.,1.,1.,1.,1.,1.,1.,1.,1.,1.,1.,1.,1.,1.,1.,1.,
1.,1.,1.,1.,1.,1.,1.,1.,1.,1.,1.,1.,1.,1.,1.,1.,1.,1.,1.,1.,1.,1.,1.,1.,
1.)))
REPRESENTATION_ITEM('')
SURFACE()
);
#16=(
BOUNDED_SURFACE()
B_SPLINE_SURFACE(3,2,((#2828,#2829,#2830),(#2831,#2832,#2833),(#2834,#2835,
#2836),(#2837,#2838,#2839),(#2840,#2841,#2842),(#2843,#2844,#2845),(#2846,
#2847,#2848),(#2849,#2850,#2851),(#2852,#2853,#2854),(#2855,#2856,#2857),
(#2858,#2859,#2860),(#2861,#2862,#2863),(#2864,#2865,#2866),(#2867,#2868,
#2869),(#2870,#2871,#2872),(#2873,#2874,#2875),(#2876,#2877,#2878),(#2879,
#2880,#2881),(#2882,#2883,#2884),(#2885,#2886,#2887),(#2888,#2889,#2890),
(#2891,#2892,#2893),(#2894,#2895,#2896)),.UNSPECIFIED.,.F.,.F.,.F.)
B_SPLINE_SURFACE_WITH_KNOTS((4,1,1,1,1,1,1,1,1,1,1,1,1,1,1,1,1,1,1,1,4),
(3,3),(0.00015947924068837,0.00228195044754046,0.00440442165439255,0.00652689286124464,
0.00864936406809673,0.0128943064818009,0.0171392488955051,0.0213841913092093,
0.0256291337229134,0.0298740761366176,0.0341190185503218,0.038363960964026,
0.0426089033777302,0.0468538457914343,0.0489763169982864,0.0510987882051385,
0.0553437306188427,0.0595886730325469,0.061711144239399,0.063833615446251,
0.0680785578599552),(0.,1.),.UNSPECIFIED.)
GEOMETRIC_REPRESENTATION_ITEM()
RATIONAL_B_SPLINE_SURFACE(((1.,0.38268343236509,1.),(1.,0.382683432412111,
1.),(1.,0.388557591345651,1.),(1.,0.412491244683346,1.),(1.,0.444939067098925,
1.),(1.,0.494199666648098,1.),(1.,0.557138601908226,1.),(1.,0.62720355184315,
1.),(1.,0.688820185055281,1.),(1.,0.74369115905643,1.),(1.,0.790630319053016,
1.),(1.,0.830566891918676,1.),(1.,0.863990923839948,1.),(1.,0.889874195410493,
1.),(1.,0.905578350784254,1.),(1.,0.914279037461168,1.),(1.,0.920791764534522,
1.),(1.,0.924761528725144,1.),(1.,0.925255284107429,1.),(1.,0.924811392806103,
1.),(1.,0.92418440527065,1.),(1.,0.923879532512715,1.),(1.,0.923879532511288,
1.)))
REPRESENTATION_ITEM('')
SURFACE()
);
#17=(
BOUNDED_SURFACE()
B_SPLINE_SURFACE(3,3,((#2976,#2977,#2978,#2979),(#2980,#2981,#2982,#2983),
(#2984,#2985,#2986,#2987),(#2988,#2989,#2990,#2991)),
 .SURF_OF_REVOLUTION.,.F.,.F.,.F.)
B_SPLINE_SURFACE_WITH_KNOTS((4,4),(4,4),(0.,1.),(0.,1.),
 .PIECEWISE_BEZIER_KNOTS.)
GEOMETRIC_REPRESENTATION_ITEM()
RATIONAL_B_SPLINE_SURFACE(((1.,0.333333333333333,0.333333333333333,1.),
(1.,0.333333333333333,0.333333333333333,1.),(1.,0.333333333333333,0.333333333333333,
1.),(1.,0.333333333333333,0.333333333333333,1.)))
REPRESENTATION_ITEM('')
SURFACE()
);
#18=(
BOUNDED_SURFACE()
B_SPLINE_SURFACE(3,3,((#3005,#3006,#3007,#3008),(#3009,#3010,#3011,#3012),
(#3013,#3014,#3015,#3016),(#3017,#3018,#3019,#3020),(#3021,#3022,#3023,
#3024),(#3025,#3026,#3027,#3028),(#3029,#3030,#3031,#3032),(#3033,#3034,
#3035,#3036),(#3037,#3038,#3039,#3040),(#3041,#3042,#3043,#3044),(#3045,
#3046,#3047,#3048)),.SURF_OF_REVOLUTION.,.F.,.F.,.F.)
B_SPLINE_SURFACE_WITH_KNOTS((4,1,1,1,1,1,1,1,4),(4,4),(4.71238898038469,
5.10508806208341,5.49778714378214,5.89048622548086,6.28318530717959,6.67588438887831,
7.06858347057703,7.46128255227576,7.85398163397448),(0.,1.),
 .UNSPECIFIED.)
GEOMETRIC_REPRESENTATION_ITEM()
RATIONAL_B_SPLINE_SURFACE(((1.,0.333333333333332,0.333333333333332,1.),
(1.,0.333333333333332,0.333333333333332,1.),(1.,0.333333333333332,0.333333333333332,
1.),(1.,0.333333333333332,0.333333333333332,1.),(1.,0.333333333333332,0.333333333333332,
1.),(1.,0.333333333333332,0.333333333333332,1.),(1.,0.333333333333332,0.333333333333332,
1.),(1.,0.333333333333332,0.333333333333332,1.),(1.,0.333333333333332,0.333333333333332,
1.),(1.,0.333333333333332,0.333333333333332,1.),(1.,0.333333333333332,0.333333333333332,
1.)))
REPRESENTATION_ITEM('')
SURFACE()
);
#19=(
BOUNDED_SURFACE()
B_SPLINE_SURFACE(2,3,((#3075,#3076,#3077,#3078),(#3079,#3080,#3081,#3082),
(#3083,#3084,#3085,#3086)),.UNSPECIFIED.,.F.,.F.,.F.)
B_SPLINE_SURFACE_WITH_KNOTS((3,3),(4,4),(0.,1.),(0.500000869910722,0.51643633945065),
 .PIECEWISE_BEZIER_KNOTS.)
GEOMETRIC_REPRESENTATION_ITEM()
RATIONAL_B_SPLINE_SURFACE(((1.,1.,1.,1.),(0.924935657207308,0.924935658096942,
0.924795306715325,0.924514595739878),(1.,1.,1.,1.)))
REPRESENTATION_ITEM('')
SURFACE()
);
#20=(
BOUNDED_SURFACE()
B_SPLINE_SURFACE(2,3,((#3095,#3096,#3097,#3098,#3099,#3100,#3101,#3102,
#3103,#3104,#3105,#3106,#3107,#3108,#3109,#3110,#3111,#3112,#3113,#3114,
#3115,#3116,#3117,#3118,#3119,#3120,#3121,#3122,#3123,#3124,#3125,#3126),
(#3127,#3128,#3129,#3130,#3131,#3132,#3133,#3134,#3135,#3136,#3137,#3138,
#3139,#3140,#3141,#3142,#3143,#3144,#3145,#3146,#3147,#3148,#3149,#3150,
#3151,#3152,#3153,#3154,#3155,#3156,#3157,#3158),(#3159,#3160,#3161,#3162,
#3163,#3164,#3165,#3166,#3167,#3168,#3169,#3170,#3171,#3172,#3173,#3174,
#3175,#3176,#3177,#3178,#3179,#3180,#3181,#3182,#3183,#3184,#3185,#3186,
#3187,#3188,#3189,#3190)),.UNSPECIFIED.,.F.,.F.,.F.)
B_SPLINE_SURFACE_WITH_KNOTS((3,3),(4,2,2,2,2,2,2,2,2,2,2,2,2,2,2,4),(0.,
1.),(0.912423605822194,0.9211798577713,0.929936109720407,0.938692361669514,
0.947448613618621,0.956204865567727,0.960582991542281,0.964961117516834,
0.973717369465941,0.978095495440494,0.982473621415047,0.986851747389601,
0.991229873364154,0.995607999338707,0.999986125313261,1.00051641127271),
 .UNSPECIFIED.)
GEOMETRIC_REPRESENTATION_ITEM()
RATIONAL_B_SPLINE_SURFACE(((1.,1.,1.,1.,1.,1.,1.,1.,1.,1.,1.,1.,1.,1.,1.,
1.,1.,1.,1.,1.,1.,1.,1.,1.,1.,1.,1.,1.,1.,1.,1.,1.),(0.773149699716609,
0.776775953039447,0.779943292530167,0.785767434465156,0.788408604065667,
0.793518276156858,0.795983521163559,0.80127158674471,0.804103713123374,
0.810812022104179,0.814697525945702,0.82180794243437,0.824385206301638,
0.830066684741329,0.833168445353188,0.843298895193848,0.851215883049697,
0.864146550647448,0.868615915556748,0.877625299797392,0.882162279547949,
0.890930578696779,0.895167118537667,0.9029007162614,0.906406698663176,0.912226348219864,
0.914545995807959,0.917679639962775,0.918490928498109,0.918493093313088,
0.918481453051193,0.918458042425171),(1.,1.,1.,1.,1.,1.,1.,1.,1.,1.,1.,
1.,1.,1.,1.,1.,1.,1.,1.,1.,1.,1.,1.,1.,1.,1.,1.,1.,1.,1.,1.,1.)))
REPRESENTATION_ITEM('')
SURFACE()
);
#21=TOROIDAL_SURFACE('',#1327,0.006,0.004);
#22=TOROIDAL_SURFACE('',#1333,0.006,0.004);
#23=TOROIDAL_SURFACE('',#1338,0.006,0.004);
#24=TOROIDAL_SURFACE('',#1343,0.006,0.004);
#25=TOROIDAL_SURFACE('',#1348,0.006,0.004);
#26=TOROIDAL_SURFACE('',#1353,0.006,0.004);
#27=TOROIDAL_SURFACE('',#1358,0.006,0.004);
#28=TOROIDAL_SURFACE('',#1363,0.006,0.004);
#29=TOROIDAL_SURFACE('',#1377,0.014,0.0085);
#30=TOROIDAL_SURFACE('',#1386,0.006,0.004);
#31=PLANE('',#1268);
#32=PLANE('',#1272);
#33=PLANE('',#1279);
#34=PLANE('',#1286);
#35=PLANE('',#1293);
#36=PLANE('',#1300);
#37=PLANE('',#1307);
#38=PLANE('',#1314);
#39=PLANE('',#1321);
#40=PLANE('',#1367);
#41=PLANE('',#1374);
#42=PLANE('',#1383);
#43=PLANE('',#1394);
#44=PLANE('',#1396);
#45=PLANE('',#1405);
#46=PLANE('',#1407);
#47=PLANE('',#1411);
#48=PLANE('',#1414);
#49=PLANE('',#1417);
#50=PLANE('',#1420);
#51=B_SPLINE_CURVE_WITH_KNOTS('',3,(#1796,#1797,#1798,#1799,#1800,#1801,
#1802,#1803,#1804,#1805,#1806),.UNSPECIFIED.,.T.,.F.,(1,1,1,1,1,1,1,1,1,
1,1,1,1,1,1),(-0.00703889888672728,-0.00469259925781818,-0.00234629962890909,
0.,0.00234629962890909,0.00469259925781818,0.00703889888672728,0.00938519851563637,
0.0117314981445455,0.0140777977734546,0.0164240974023636,0.0187703970312727,
0.0211166966601818,0.0234629962890909,0.025809295918),.UNSPECIFIED.);
#52=B_SPLINE_CURVE_WITH_KNOTS('',3,(#1816,#1817,#1818,#1819,#1820,#1821,
#1822,#1823,#1824,#1825,#1826,#1827,#1828),.UNSPECIFIED.,.F.,.F.,(4,1,1,
1,1,1,1,1,1,1,4),(0.0658217446464958,0.0686657086085871,0.0715096725706785,
0.0743536365327698,0.0771976004948611,0.0828855284190438,0.0885734563432265,
0.0942613842674092,0.0999493121915918,0.105637240115775,0.111325168039957),
 .UNSPECIFIED.);
#53=B_SPLINE_CURVE_WITH_KNOTS('',3,(#1830,#1831,#1832,#1833,#1834,#1835),
 .UNSPECIFIED.,.F.,.F.,(4,1,1,4),(0.,0.00504681045124215,0.00757021567686323,
0.0100936209024843),.UNSPECIFIED.);
#54=B_SPLINE_CURVE_WITH_KNOTS('',3,(#1836,#1837,#1838,#1839,#1840,#1841,
#1842,#1843,#1844,#1845,#1846),.UNSPECIFIED.,.T.,.F.,(1,1,1,1,1,1,1,1,1,
1,1,1,1,1,1),(-0.00706021482101441,-0.00470680988067627,-0.00235340494033813,
0.,0.00235340494033814,0.00470680988067627,0.00706021482101441,0.00941361976135254,
0.0117670247016907,0.0141204296420288,0.016473834582367,0.0188272395227051,
0.0211806444630432,0.0235340494033814,0.0258874543437195),.UNSPECIFIED.);
#55=B_SPLINE_CURVE_WITH_KNOTS('',3,(#1870,#1871,#1872,#1873),
 .UNSPECIFIED.,.F.,.F.,(4,4),(5.48936660161326E-8,0.00312279935212676),
 .UNSPECIFIED.);
#56=B_SPLINE_CURVE_WITH_KNOTS('',3,(#1886,#1887,#1888,#1889,#1890,#1891,
#1892,#1893,#1894,#1895,#1896),.UNSPECIFIED.,.F.,.F.,(4,1,1,1,1,1,1,1,4),
(2.35481005367356E-7,0.00126090350296376,0.00252157152492216,0.00378223954688055,
0.00504290756883895,0.00630357559079734,0.00756424361275574,0.00882491163471413,
0.0100855796566725),.UNSPECIFIED.);
#57=B_SPLINE_CURVE_WITH_KNOTS('',3,(#1912,#1913,#1914,#1915,#1916,#1917,
#1918,#1919,#1920,#1921,#1922),.UNSPECIFIED.,.F.,.F.,(4,1,1,1,1,1,1,1,4),
(2.35481005340272E-7,0.00126090350296373,0.00252157152492212,0.00378223954688052,
0.00504290756883891,0.0063035755907973,0.00756424361275569,0.00882491163471408,
0.0100855796566725),.UNSPECIFIED.);
#58=B_SPLINE_CURVE_WITH_KNOTS('',3,(#1938,#1939,#1940,#1941,#1942,#1943,
#1944,#1945,#1946,#1947,#1948),.UNSPECIFIED.,.F.,.F.,(4,1,1,1,1,1,1,1,4),
(2.35481005397023E-7,0.00126090350296371,0.00252157152492202,0.00378223954688033,
0.00504290756883863,0.00630357559079694,0.00756424361275525,0.00882491163471356,
0.0100855796566719),.UNSPECIFIED.);
#59=B_SPLINE_CURVE_WITH_KNOTS('',3,(#1964,#1965,#1966,#1967,#1968,#1969,
#1970,#1971,#1972,#1973,#1974),.UNSPECIFIED.,.F.,.F.,(4,1,1,1,1,1,1,1,4),
(2.35481005352466E-7,0.00126090350296366,0.00252157152492198,0.00378223954688029,
0.0050429075688386,0.00630357559079691,0.00756424361275522,0.00882491163471354,
0.0100855796566718),.UNSPECIFIED.);
#60=B_SPLINE_CURVE_WITH_KNOTS('',3,(#1990,#1991,#1992,#1993,#1994,#1995,
#1996,#1997,#1998,#1999,#2000),.UNSPECIFIED.,.F.,.F.,(4,1,1,1,1,1,1,1,4),
(2.3548100536366E-7,0.00126090350296377,0.00252157152492217,0.00378223954688057,
0.00504290756883897,0.00630357559079738,0.00756424361275578,0.00882491163471418,
0.0100855796566726),.UNSPECIFIED.);
#61=B_SPLINE_CURVE_WITH_KNOTS('',3,(#2016,#2017,#2018,#2019,#2020,#2021,
#2022,#2023,#2024,#2025,#2026),.UNSPECIFIED.,.F.,.F.,(4,1,1,1,1,1,1,1,4),
(2.35481006475915E-7,0.0012609035029648,0.00252157152492312,0.00378223954688144,
0.00504290756883976,0.00630357559079808,0.0075642436127564,0.00882491163471472,
0.010085579656673),.UNSPECIFIED.);
#62=B_SPLINE_CURVE_WITH_KNOTS('',3,(#2042,#2043,#2044,#2045,#2046,#2047,
#2048,#2049,#2050,#2051,#2052),.UNSPECIFIED.,.F.,.F.,(4,1,1,1,1,1,1,1,4),
(2.35481005368796E-7,0.00126090350296375,0.00252157152492214,0.00378223954688052,
0.0050429075688389,0.00630357559079729,0.00756424361275567,0.00882491163471406,
0.0100855796566724),.UNSPECIFIED.);
#63=B_SPLINE_CURVE_WITH_KNOTS('',3,(#2063,#2064,#2065,#2066,#2067,#2068,
#2069,#2070,#2071,#2072,#2073,#2074,#2075,#2076,#2077,#2078,#2079,#2080,
#2081,#2082,#2083,#2084,#2085,#2086,#2087,#2088,#2089,#2090,#2091,#2092),
 .UNSPECIFIED.,.F.,.F.,(4,1,1,1,1,1,1,1,1,1,1,1,1,1,1,1,1,1,1,1,1,1,1,1,
1,1,1,4),(0.,0.00336758912600544,0.00505138368900816,0.00673517825201088,
0.0084189728150136,0.00926087009651496,0.0101027673780163,0.0109446646595177,
0.011786561941019,0.0122075105817697,0.0126284592225204,0.0130494078632711,
0.0132598821836464,0.0134703565040218,0.0136808308243971,0.0138913051447724,
0.0143122537855231,0.0147332024262738,0.0151541510670245,0.0159960483485258,
0.0168379456300272,0.0176798429115286,0.0185217401930299,0.0202055347560326,
0.0218893293190354,0.0235731238820381,0.0252569184450408,0.0269407130080435),
 .UNSPECIFIED.);
#64=B_SPLINE_CURVE_WITH_KNOTS('',3,(#2094,#2095,#2096,#2097,#2098,#2099),
 .UNSPECIFIED.,.F.,.F.,(4,1,1,4),(0.,0.0042730396452005,0.00640955946780074,
0.00854607929040099),.UNSPECIFIED.);
#65=B_SPLINE_CURVE_WITH_KNOTS('',3,(#2101,#2102,#2103,#2104,#2105,#2106),
 .UNSPECIFIED.,.F.,.F.,(4,1,1,4),(0.,0.00214517540800316,0.00429035081600632,
0.00858070163201265),.UNSPECIFIED.);
#66=B_SPLINE_CURVE_WITH_KNOTS('',3,(#2116,#2117,#2118,#2119,#2120,#2121,
#2122,#2123,#2124,#2125,#2126,#2127,#2128,#2129,#2130,#2131,#2132,#2133,
#2134,#2135,#2136,#2137,#2138,#2139,#2140,#2141,#2142,#2143,#2144,#2145),
 .UNSPECIFIED.,.F.,.F.,(4,1,1,1,1,1,1,1,1,1,1,1,1,1,1,1,1,1,1,1,1,1,1,1,
1,1,1,4),(1.09713545893022E-17,0.00336758912600767,0.0050513836890115,0.00673517825201533,
0.00841897281501916,0.00926087009652107,0.010102767378023,0.0109446646595249,
0.0117865619410268,0.0122075105817778,0.0126284592225287,0.0130494078632797,
0.0132598821836552,0.0134703565040306,0.0136808308244061,0.0138913051447816,
0.0143122537855326,0.0147332024262835,0.0151541510670345,0.0159960483485364,
0.0168379456300383,0.0176798429115402,0.0185217401930421,0.020205534756046,
0.0218893293190498,0.0235731238820536,0.0252569184450574,0.0269407130080613),
 .UNSPECIFIED.);
#67=B_SPLINE_CURVE_WITH_KNOTS('',3,(#2147,#2148,#2149,#2150,#2151,#2152),
 .UNSPECIFIED.,.F.,.F.,(4,1,1,4),(0.,0.0042730396452005,0.00640955946780075,
0.008546079290401),.UNSPECIFIED.);
#68=B_SPLINE_CURVE_WITH_KNOTS('',3,(#2153,#2154,#2155,#2156,#2157,#2158),
 .UNSPECIFIED.,.F.,.F.,(4,1,1,4),(7.75791922889773E-18,0.00214517540800317,
0.00429035081600633,0.00858070163201265),.UNSPECIFIED.);
#69=B_SPLINE_CURVE_WITH_KNOTS('',3,(#2165,#2166,#2167,#2168,#2169,#2170,
#2171,#2172,#2173,#2174,#2175,#2176,#2177,#2178,#2179,#2180,#2181,#2182,
#2183,#2184,#2185,#2186,#2187,#2188,#2189,#2190,#2191,#2192,#2193,#2194),
 .UNSPECIFIED.,.F.,.F.,(4,1,1,1,1,1,1,1,1,1,1,1,1,1,1,1,1,1,1,1,1,1,1,1,
1,1,1,4),(3.70435565972803E-17,0.00336758912600534,0.005051383689008,0.00673517825201065,
0.0084189728150133,0.00926087009651463,0.010102767378016,0.0109446646595173,
0.0117865619410186,0.0122075105817693,0.0126284592225199,0.0130494078632706,
0.0132598821836459,0.0134703565040213,0.0136808308243966,0.0138913051447719,
0.0143122537855226,0.0147332024262732,0.0151541510670239,0.0159960483485252,
0.0168379456300266,0.0176798429115279,0.0185217401930292,0.0202055347560319,
0.0218893293190345,0.0235731238820372,0.0252569184450398,0.0269407130080425),
 .UNSPECIFIED.);
#70=B_SPLINE_CURVE_WITH_KNOTS('',3,(#2196,#2197,#2198,#2199,#2200,#2201),
 .UNSPECIFIED.,.F.,.F.,(4,1,1,4),(0.,0.00427303964520054,0.0064095594678008,
0.00854607929040107),.UNSPECIFIED.);
#71=B_SPLINE_CURVE_WITH_KNOTS('',3,(#2202,#2203,#2204,#2205,#2206,#2207),
 .UNSPECIFIED.,.F.,.F.,(4,1,1,4),(0.,0.00214517540800317,0.00429035081600634,
0.00858070163201268),.UNSPECIFIED.);
#72=B_SPLINE_CURVE_WITH_KNOTS('',3,(#2214,#2215,#2216,#2217,#2218,#2219,
#2220,#2221,#2222,#2223,#2224,#2225,#2226,#2227,#2228,#2229,#2230,#2231,
#2232,#2233,#2234,#2235,#2236,#2237,#2238,#2239,#2240,#2241,#2242,#2243),
 .UNSPECIFIED.,.F.,.F.,(4,1,1,1,1,1,1,1,1,1,1,1,1,1,1,1,1,1,1,1,1,1,1,1,
1,1,1,4),(0.,0.00336758912600314,0.00505138368900471,0.00673517825200628,
0.00841897281500784,0.00926087009650863,0.0101027673780094,0.0109446646595102,
0.011786561941011,0.0122075105817614,0.0126284592225118,0.0130494078632622,
0.0132598821836374,0.0134703565040126,0.0136808308243877,0.0138913051447629,
0.0143122537855133,0.0147332024262637,0.0151541510670141,0.0159960483485149,
0.0168379456300157,0.0176798429115165,0.0185217401930173,0.0202055347560188,
0.0218893293190204,0.023573123882022,0.0252569184450235,0.0269407130080251),
 .UNSPECIFIED.);
#73=B_SPLINE_CURVE_WITH_KNOTS('',3,(#2245,#2246,#2247,#2248,#2249,#2250),
 .UNSPECIFIED.,.F.,.F.,(4,1,1,4),(0.,0.0042730396452005,0.00640955946780075,
0.00854607929040101),.UNSPECIFIED.);
#74=B_SPLINE_CURVE_WITH_KNOTS('',3,(#2251,#2252,#2253,#2254,#2255,#2256),
 .UNSPECIFIED.,.F.,.F.,(4,1,1,4),(3.53729437114602E-18,0.00214517540800316,
0.00429035081600632,0.00858070163201264),.UNSPECIFIED.);
#75=B_SPLINE_CURVE_WITH_KNOTS('',3,(#2263,#2264,#2265,#2266,#2267,#2268,
#2269,#2270,#2271,#2272,#2273,#2274,#2275,#2276,#2277,#2278,#2279,#2280,
#2281,#2282,#2283,#2284,#2285,#2286,#2287,#2288,#2289,#2290,#2291,#2292),
 .UNSPECIFIED.,.F.,.F.,(4,1,1,1,1,1,1,1,1,1,1,1,1,1,1,1,1,1,1,1,1,1,1,1,
1,1,1,4),(0.,0.00336758912600759,0.00505138368901138,0.00673517825201518,
0.00841897281501897,0.00926087009652087,0.0101027673780228,0.0109446646595247,
0.0117865619410266,0.0122075105817775,0.0126284592225285,0.0130494078632794,
0.0132598821836549,0.0134703565040304,0.0136808308244058,0.0138913051447813,
0.0143122537855323,0.0147332024262832,0.0151541510670342,0.015996048348536,
0.0168379456300379,0.0176798429115398,0.0185217401930417,0.0202055347560455,
0.0218893293190493,0.0235731238820531,0.0252569184450569,0.0269407130080607),
 .UNSPECIFIED.);
#76=B_SPLINE_CURVE_WITH_KNOTS('',3,(#2294,#2295,#2296,#2297,#2298,#2299),
 .UNSPECIFIED.,.F.,.F.,(4,1,1,4),(0.,0.0042730396452005,0.00640955946780075,
0.008546079290401),.UNSPECIFIED.);
#77=B_SPLINE_CURVE_WITH_KNOTS('',3,(#2300,#2301,#2302,#2303,#2304,#2305),
 .UNSPECIFIED.,.F.,.F.,(4,1,1,4),(0.,0.00214517540800316,0.00429035081600633,
0.00858070163201265),.UNSPECIFIED.);
#78=B_SPLINE_CURVE_WITH_KNOTS('',3,(#2312,#2313,#2314,#2315,#2316,#2317,
#2318,#2319,#2320,#2321,#2322,#2323,#2324,#2325,#2326,#2327,#2328,#2329,
#2330,#2331,#2332,#2333,#2334,#2335,#2336,#2337,#2338,#2339,#2340,#2341),
 .UNSPECIFIED.,.F.,.F.,(4,1,1,1,1,1,1,1,1,1,1,1,1,1,1,1,1,1,1,1,1,1,1,1,
1,1,1,4),(3.46944695195361E-18,0.0033675891260052,0.00505138368900781,0.00673517825201041,
0.00841897281501301,0.00926087009651431,0.0101027673780156,0.0109446646595169,
0.0117865619410182,0.0122075105817689,0.0126284592225195,0.0130494078632702,
0.0132598821836455,0.0134703565040208,0.0136808308243961,0.0138913051447715,
0.0143122537855221,0.0147332024262728,0.0151541510670234,0.0159960483485247,
0.016837945630026,0.0176798429115273,0.0185217401930286,0.0202055347560312,
0.0218893293190338,0.0235731238820364,0.025256918445039,0.0269407130080416),
 .UNSPECIFIED.);
#79=B_SPLINE_CURVE_WITH_KNOTS('',3,(#2343,#2344,#2345,#2346,#2347,#2348),
 .UNSPECIFIED.,.F.,.F.,(4,1,1,4),(0.,0.0042730396452005,0.00640955946780075,
0.008546079290401),.UNSPECIFIED.);
#80=B_SPLINE_CURVE_WITH_KNOTS('',3,(#2349,#2350,#2351,#2352,#2353,#2354),
 .UNSPECIFIED.,.F.,.F.,(4,1,1,4),(0.,0.00214517540800317,0.00429035081600633,
0.00858070163201266),.UNSPECIFIED.);
#81=B_SPLINE_CURVE_WITH_KNOTS('',3,(#2361,#2362,#2363,#2364,#2365,#2366,
#2367,#2368,#2369,#2370,#2371,#2372,#2373,#2374,#2375,#2376,#2377,#2378,
#2379,#2380,#2381,#2382,#2383,#2384,#2385,#2386,#2387,#2388,#2389,#2390),
 .UNSPECIFIED.,.F.,.F.,(4,1,1,1,1,1,1,1,1,1,1,1,1,1,1,1,1,1,1,1,1,1,1,1,
1,1,1,4),(1.55158384577955E-17,0.00336758912600628,0.00505138368900942,
0.00673517825201255,0.00841897281501569,0.00926087009651725,0.0101027673780188,
0.0109446646595204,0.011786561941022,0.0122075105817727,0.0126284592225235,
0.0130494078632743,0.0132598821836497,0.0134703565040251,0.0136808308244005,
0.0138913051447759,0.0143122537855267,0.0147332024262774,0.0151541510670282,
0.0159960483485298,0.0168379456300314,0.0176798429115329,0.0185217401930345,
0.0202055347560376,0.0218893293190408,0.0235731238820439,0.025256918445047,
0.0269407130080502),.UNSPECIFIED.);
#82=B_SPLINE_CURVE_WITH_KNOTS('',3,(#2392,#2393,#2394,#2395,#2396,#2397),
 .UNSPECIFIED.,.F.,.F.,(4,1,1,4),(0.,0.0042730396452005,0.00640955946780075,
0.008546079290401),.UNSPECIFIED.);
#83=B_SPLINE_CURVE_WITH_KNOTS('',3,(#2398,#2399,#2400,#2401,#2402,#2403),
 .UNSPECIFIED.,.F.,.F.,(4,1,1,4),(0.,0.00214517540800317,0.00429035081600634,
0.00858070163201269),.UNSPECIFIED.);
#84=B_SPLINE_CURVE_WITH_KNOTS('',3,(#2410,#2411,#2412,#2413,#2414,#2415,
#2416,#2417,#2418,#2419,#2420,#2421,#2422,#2423,#2424,#2425,#2426,#2427,
#2428,#2429,#2430,#2431,#2432,#2433,#2434,#2435,#2436,#2437,#2438,#2439),
 .UNSPECIFIED.,.F.,.F.,(4,1,1,1,1,1,1,1,1,1,1,1,1,1,1,1,1,1,1,1,1,1,1,1,
1,1,1,4),(0.,0.00336758912600437,0.00505138368900656,0.00673517825200875,
0.00841897281501093,0.00926087009651203,0.0101027673780131,0.0109446646595142,
0.0117865619410153,0.0122075105817659,0.0126284592225164,0.0130494078632669,
0.0132598821836422,0.0134703565040175,0.0136808308243928,0.013891305144768,
0.0143122537855186,0.0147332024262691,0.0151541510670197,0.0159960483485208,
0.0168379456300219,0.017679842911523,0.0185217401930241,0.0202055347560262,
0.0218893293190284,0.0235731238820306,0.0252569184450328,0.026940713008035),
 .UNSPECIFIED.);
#85=B_SPLINE_CURVE_WITH_KNOTS('',3,(#2441,#2442,#2443,#2444,#2445,#2446),
 .UNSPECIFIED.,.F.,.F.,(4,1,1,4),(0.,0.0042730396452005,0.00640955946780074,
0.00854607929040099),.UNSPECIFIED.);
#86=B_SPLINE_CURVE_WITH_KNOTS('',3,(#2447,#2448,#2449,#2450,#2451,#2452),
 .UNSPECIFIED.,.F.,.F.,(4,1,1,4),(0.,0.00214517540800317,0.00429035081600633,
0.00858070163201266),.UNSPECIFIED.);
#87=B_SPLINE_CURVE_WITH_KNOTS('',3,(#2579,#2580,#2581,#2582,#2583,#2584,
#2585),.UNSPECIFIED.,.F.,.F.,(4,1,1,1,4),(0.,0.25,0.5,0.75,1.),
 .UNSPECIFIED.);
#88=B_SPLINE_CURVE_WITH_KNOTS('',3,(#2588,#2589,#2590,#2591,#2592,#2593,
#2594,#2595,#2596,#2597,#2598,#2599,#2600,#2601,#2602,#2603,#2604,#2605,
#2606,#2607,#2608,#2609,#2610,#2611,#2612,#2613,#2614,#2615,#2616,#2617,
#2618,#2619,#2620,#2621,#2622,#2623,#2624,#2625,#2626,#2627,#2628,#2629,
#2630,#2631,#2632,#2633,#2634,#2635,#2636,#2637,#2638,#2639,#2640,#2641,
#2642,#2643,#2644,#2645,#2646,#2647,#2648,#2649,#2650,#2651,#2652,#2653,
#2654,#2655,#2656,#2657,#2658,#2659,#2660,#2661,#2662,#2663,#2664,#2665,
#2666,#2667,#2668,#2669,#2670,#2671,#2672,#2673,#2674,#2675,#2676,#2677,
#2678,#2679,#2680,#2681,#2682),.UNSPECIFIED.,.F.,.F.,(4,1,1,1,1,1,1,1,1,
1,1,1,1,1,1,1,1,1,1,1,1,1,1,1,1,1,1,1,1,1,1,1,1,1,1,1,1,1,1,1,1,1,1,1,1,
1,1,1,1,1,1,1,1,1,1,1,1,1,1,1,1,1,1,1,1,1,1,1,1,1,1,1,1,1,1,1,1,1,1,1,1,
1,1,1,1,1,1,1,1,1,1,1,4),(0.,0.03125,0.0625,0.078125,0.09375,0.109375,0.1171875,
0.12109375,0.125,0.12890625,0.1328125,0.140625,0.15625,0.171875,0.1875,
0.21875,0.234375,0.2421875,0.25,0.2578125,0.265625,0.28125,0.3125,0.34375,
0.359375,0.375,0.390625,0.40625,0.4375,0.46875,0.484375,0.4921875,0.5,0.5078125,
0.515625,0.53125,0.5625,0.578125,0.59375,0.609375,0.6171875,0.62109375,
0.625,0.62890625,0.6328125,0.640625,0.65625,0.6875,0.703125,0.71875,0.734375,
0.7421875,0.74609375,0.75,0.75390625,0.7578125,0.765625,0.7734375,0.78125,
0.8125,0.828125,0.84375,0.8515625,0.859375,0.86328125,0.8671875,0.87109375,
0.873046875,0.8740234375,0.875,0.8759765625,0.876953125,0.87890625,0.8828125,
0.88671875,0.890625,0.8984375,0.90625,0.9140625,0.921875,0.92578125,0.9296875,
0.93359375,0.935546875,0.9375,0.939453125,0.94140625,0.9453125,0.953125,
0.9609375,0.96875,0.984375,1.),.UNSPECIFIED.);
#89=B_SPLINE_CURVE_WITH_KNOTS('',3,(#2684,#2685,#2686,#2687,#2688),
 .UNSPECIFIED.,.F.,.F.,(4,1,4),(0.,0.5,1.),.UNSPECIFIED.);
#90=B_SPLINE_CURVE_WITH_KNOTS('',3,(#2690,#2691,#2692,#2693,#2694,#2695,
#2696,#2697,#2698,#2699,#2700,#2701,#2702,#2703,#2704,#2705,#2706,#2707,
#2708,#2709,#2710,#2711,#2712,#2713,#2714,#2715,#2716,#2717,#2718,#2719,
#2720,#2721,#2722,#2723,#2724,#2725,#2726,#2727,#2728,#2729,#2730,#2731,
#2732,#2733,#2734,#2735,#2736,#2737,#2738,#2739,#2740,#2741,#2742,#2743,
#2744,#2745,#2746,#2747,#2748,#2749,#2750,#2751),.UNSPECIFIED.,.F.,.F.,
(4,1,1,1,1,1,1,1,1,1,1,1,1,1,1,1,1,1,1,1,1,1,1,1,1,1,1,1,1,1,1,1,1,1,1,
1,1,1,1,1,1,1,1,1,1,1,1,1,1,1,1,1,1,1,1,1,1,1,1,4),(0.,0.03125,0.0625,0.078125,
0.09375,0.109375,0.1171875,0.12109375,0.125,0.12890625,0.1328125,0.140625,
0.15625,0.171875,0.1875,0.21875,0.25,0.28125,0.3125,0.34375,0.359375,0.375,
0.3828125,0.390625,0.39453125,0.3984375,0.40625,0.421875,0.4375,0.453125,
0.46875,0.484375,0.4921875,0.49609375,0.5,0.50390625,0.5078125,0.515625,
0.53125,0.546875,0.5625,0.59375,0.609375,0.6171875,0.625,0.6328125,0.640625,
0.65625,0.6875,0.71875,0.75,0.78125,0.8125,0.84375,0.859375,0.875,0.890625,
0.90625,0.9375,1.),.UNSPECIFIED.);
#91=B_SPLINE_CURVE_WITH_KNOTS('',3,(#2766,#2767,#2768,#2769,#2770,#2771,
#2772,#2773,#2774,#2775,#2776,#2777),.UNSPECIFIED.,.F.,.F.,(4,1,1,1,1,1,
1,1,1,4),(3.50396966246408E-17,0.00444688155986246,0.00667032233979367,
0.00889376311972488,0.0133406446795873,0.0177875262394497,0.0222344077993122,
0.0266812893591746,0.031128170919037,0.0355750524788994),.UNSPECIFIED.);
#92=B_SPLINE_CURVE_WITH_KNOTS('',3,(#2780,#2781,#2782,#2783,#2784,#2785,
#2786,#2787,#2788,#2789,#2790),.UNSPECIFIED.,.F.,.F.,(4,1,1,1,1,1,1,1,4),
(2.35481005357659E-7,0.00126090350296376,0.00252157152492216,0.00378223954688056,
0.00504290756883896,0.00630357559079737,0.00756424361275577,0.00882491163471417,
0.0100855796566726),.UNSPECIFIED.);
#93=B_SPLINE_CURVE_WITH_KNOTS('',3,(#2794,#2795,#2796,#2797),
 .UNSPECIFIED.,.F.,.F.,(4,4),(0.0336610278310689,0.0380606676758166),
 .UNSPECIFIED.);
#94=B_SPLINE_CURVE_WITH_KNOTS('',3,(#2801,#2802,#2803,#2804),
 .UNSPECIFIED.,.F.,.F.,(4,4),(1.99959987787061E-7,0.00600062931863542),
 .UNSPECIFIED.);
#95=B_SPLINE_CURVE_WITH_KNOTS('',3,(#2817,#2818,#2819,#2820,#2821,#2822,
#2823,#2824,#2825,#2826,#2827),.UNSPECIFIED.,.F.,.F.,(4,1,1,1,1,1,1,1,4),
(0.,0.00258491138164295,0.00516982276328591,0.00775473414492886,0.0103396455265718,
0.0129245569082148,0.0155094682898577,0.0180943796715007,0.0206792910531436),
 .UNSPECIFIED.);
#96=B_SPLINE_CURVE_WITH_KNOTS('',3,(#2899,#2900,#2901,#2902,#2903,#2904,
#2905,#2906,#2907,#2908,#2909,#2910,#2911,#2912,#2913,#2914,#2915,#2916,
#2917,#2918,#2919),.UNSPECIFIED.,.F.,.F.,(4,1,1,1,1,1,1,1,1,1,1,1,1,1,1,
1,1,1,4),(0.,0.00139373465357735,0.00278746930715471,0.00418120396073206,
0.00557493861430941,0.00627180594109809,0.00696867326788677,0.00766554059467544,
0.00836240792146412,0.0090592752482528,0.00975614257504148,0.0111498772286188,
0.0125436118821962,0.0139373465357735,0.0153310811893509,0.0167248158429282,
0.019512285150083,0.0209060198036603,0.0222997544572377),.UNSPECIFIED.);
#97=B_SPLINE_CURVE_WITH_KNOTS('',3,(#2920,#2921,#2922,#2923,#2924,#2925,
#2926),.UNSPECIFIED.,.F.,.F.,(4,1,1,1,4),(0.116997451671867,0.120094684601067,
0.123191917530268,0.126289150459468,0.129386383388669),.UNSPECIFIED.);
#98=B_SPLINE_CURVE_WITH_KNOTS('',3,(#2932,#2933,#2934,#2935),
 .UNSPECIFIED.,.F.,.F.,(4,4),(0.008602,0.015209185570911),.UNSPECIFIED.);
#99=B_SPLINE_CURVE_WITH_KNOTS('',3,(#2937,#2938,#2939,#2940,#2941,#2942,
#2943,#2944,#2945,#2946,#2947,#2948,#2949,#2950,#2951),.UNSPECIFIED.,.F.,
 .F.,(4,1,1,1,1,1,1,1,1,1,1,1,4),(3.70537096895902E-18,0.00336091094633333,
0.00504136641949999,0.00672182189266665,0.00840227736583331,0.00924250510241664,
0.010082732839,0.0109229605755833,0.0117631883121666,0.0121833021804583,
0.01260341604875,0.0130235299170416,0.0134436437853333),.UNSPECIFIED.);
#100=B_SPLINE_CURVE_WITH_KNOTS('',3,(#2961,#2962,#2963,#2964,#2965,#2966),
 .UNSPECIFIED.,.F.,.F.,(4,1,1,4),(0.,0.00427303964520051,0.00640955946780076,
0.00854607929040101),.UNSPECIFIED.);
#101=B_SPLINE_CURVE_WITH_KNOTS('',3,(#2970,#2971,#2972,#2973,#2974,#2975),
 .UNSPECIFIED.,.F.,.F.,(4,1,1,4),(2.35481005348149E-7,0.00252161227098838,
0.00378230066597989,0.00504298906097141),.UNSPECIFIED.);
#102=B_SPLINE_CURVE_WITH_KNOTS('',3,(#2992,#2993,#2994,#2995,#2996),
 .UNSPECIFIED.,.F.,.F.,(4,1,4),(0.,0.5,1.),.QUASI_UNIFORM_KNOTS.);
#103=B_SPLINE_CURVE_WITH_KNOTS('',3,(#2998,#2999,#3000,#3001,#3002),
 .UNSPECIFIED.,.F.,.F.,(4,1,4),(0.,0.5,1.),.QUASI_UNIFORM_KNOTS.);
#104=B_SPLINE_CURVE_WITH_KNOTS('',3,(#3053,#3054,#3055,#3056,#3057,#3058,
#3059,#3060,#3061,#3062,#3063,#3064,#3065,#3066,#3067,#3068,#3069,#3070,
#3071,#3072,#3073,#3074),.UNSPECIFIED.,.F.,.F.,(4,1,1,1,1,1,1,1,1,1,1,1,
1,1,1,1,1,1,1,4),(0.,0.00970465975633273,0.0194093195126655,0.0242616493908318,
0.0291139792689982,0.0315401442080814,0.0339663091471645,0.0363924740862477,
0.0388186390253309,0.0412448039644141,0.0436709689034973,0.0460971338425805,
0.0485232987816636,0.0509494637207468,0.05337562865983,0.0558017935989132,
0.0582279585379964,0.0679326182943291,0.0727849481724955,0.0776372780506618),
 .UNSPECIFIED.);
#105=B_SPLINE_CURVE_WITH_KNOTS('',3,(#3087,#3088,#3089,#3090),
 .UNSPECIFIED.,.F.,.F.,(4,4),(0.500016630015206,0.999984451697515),
 .UNSPECIFIED.);
#106=B_SPLINE_CURVE_WITH_KNOTS('',3,(#3091,#3092,#3093,#3094),
 .UNSPECIFIED.,.F.,.F.,(4,4),(0.000233676326405356,0.499982474850067),
 .UNSPECIFIED.);
#107=B_SPLINE_CURVE_WITH_KNOTS('',3,(#3191,#3192,#3193,#3194,#3195,#3196,
#3197,#3198,#3199,#3200,#3201,#3202,#3203,#3204,#3205,#3206,#3207,#3208,
#3209,#3210,#3211,#3212,#3213,#3214,#3215,#3216,#3217,#3218,#3219,#3220,
#3221,#3222,#3223,#3224,#3225,#3226,#3227,#3228,#3229,#3230,#3231,#3232,
#3233,#3234,#3235,#3236,#3237),.UNSPECIFIED.,.F.,.F.,(4,1,1,1,1,1,1,1,1,
1,1,1,1,1,1,1,1,1,1,1,1,1,1,1,1,1,1,1,1,1,1,1,1,1,1,1,1,1,1,1,1,1,1,1,4),
(0.499970435756218,0.515596359638836,0.523409321580145,0.5273158025508,
0.529269043036127,0.531222283521454,0.533175524006782,0.535128764492109,
0.539035245462763,0.546848207404073,0.554661169345382,0.562474131286691,
0.570287093228,0.578100055169309,0.585913017110618,0.589819498081273,0.5917727385666,
0.593725979051927,0.595679219537254,0.597632460022582,0.601538940993236,
0.609351902934545,0.617164864875854,0.624977826817164,0.632790788758473,
0.640603750699782,0.6562296745824,0.687481522347636,0.718733370112873,0.734359293995491,
0.749985217878109,0.765611141760727,0.781237065643345,0.796862989525964,
0.812488913408582,0.8281148372912,0.843740761173818,0.859366685056436,0.867179646997745,
0.874992608939055,0.882805570880364,0.890618532821673,0.906244456704291,
0.937496304469527,1.),.UNSPECIFIED.);
#108=B_SPLINE_CURVE_WITH_KNOTS('',3,(#3239,#3240,#3241,#3242,#3243,#3244,
#3245),.UNSPECIFIED.,.F.,.F.,(4,1,1,1,4),(0.,0.0050509205784792,0.0101018411569584,
0.0151527617354376,0.0202036823139168),.UNSPECIFIED.);
#109=LINE('',#1791,#147);
#110=LINE('',#1795,#148);
#111=LINE('',#1809,#149);
#112=LINE('',#1814,#150);
#113=LINE('',#1855,#151);
#114=LINE('',#1858,#152);
#115=LINE('',#1859,#153);
#116=LINE('',#1862,#154);
#117=LINE('',#1864,#155);
#118=LINE('',#1866,#156);
#119=LINE('',#1878,#157);
#120=LINE('',#1882,#158);
#121=LINE('',#1907,#159);
#122=LINE('',#1911,#160);
#123=LINE('',#1933,#161);
#124=LINE('',#1937,#162);
#125=LINE('',#1959,#163);
#126=LINE('',#1963,#164);
#127=LINE('',#1985,#165);
#128=LINE('',#1989,#166);
#129=LINE('',#2011,#167);
#130=LINE('',#2015,#168);
#131=LINE('',#2037,#169);
#132=LINE('',#2041,#170);
#133=LINE('',#2110,#171);
#134=LINE('',#2757,#172);
#135=LINE('',#2763,#173);
#136=LINE('',#2779,#174);
#137=LINE('',#2799,#175);
#138=LINE('',#2928,#176);
#139=LINE('',#2930,#177);
#140=LINE('',#2954,#178);
#141=LINE('',#2968,#179);
#142=LINE('',#3249,#180);
#143=LINE('',#3252,#181);
#144=LINE('',#3262,#182);
#145=LINE('',#3263,#183);
#146=LINE('',#3265,#184);
#147=VECTOR('',#1430,1.);
#148=VECTOR('',#1433,1.);
#149=VECTOR('',#1436,1.);
#150=VECTOR('',#1439,1.);
#151=VECTOR('',#1450,1.);
#152=VECTOR('',#1451,1.);
#153=VECTOR('',#1452,1.);
#154=VECTOR('',#1455,1.);
#155=VECTOR('',#1456,1.);
#156=VECTOR('',#1457,1.);
#157=VECTOR('',#1464,1.);
#158=VECTOR('',#1467,1.);
#159=VECTOR('',#1482,1.);
#160=VECTOR('',#1485,1.);
#161=VECTOR('',#1498,1.);
#162=VECTOR('',#1501,1.);
#163=VECTOR('',#1514,1.);
#164=VECTOR('',#1517,1.);
#165=VECTOR('',#1530,1.);
#166=VECTOR('',#1533,1.);
#167=VECTOR('',#1546,1.);
#168=VECTOR('',#1549,1.);
#169=VECTOR('',#1562,1.);
#170=VECTOR('',#1565,1.);
#171=VECTOR('',#1584,1.);
#172=VECTOR('',#1659,1.);
#173=VECTOR('',#1668,1.);
#174=VECTOR('',#1669,1.);
#175=VECTOR('',#1674,1.);
#176=VECTOR('',#1695,1.);
#177=VECTOR('',#1698,1.);
#178=VECTOR('',#1701,1.);
#179=VECTOR('',#1712,1.);
#180=VECTOR('',#1723,1.);
#181=VECTOR('',#1728,1.);
#182=VECTOR('',#1743,1.);
#183=VECTOR('',#1744,1.);
#184=VECTOR('',#1747,1.);
#185=ORIENTED_EDGE('',*,*,#557,.T.);
#186=ORIENTED_EDGE('',*,*,#558,.T.);
#187=ORIENTED_EDGE('',*,*,#559,.F.);
#188=ORIENTED_EDGE('',*,*,#560,.T.);
#189=ORIENTED_EDGE('',*,*,#561,.F.);
#190=ORIENTED_EDGE('',*,*,#562,.F.);
#191=ORIENTED_EDGE('',*,*,#563,.F.);
#192=ORIENTED_EDGE('',*,*,#564,.F.);
#193=ORIENTED_EDGE('',*,*,#565,.T.);
#194=ORIENTED_EDGE('',*,*,#566,.T.);
#195=ORIENTED_EDGE('',*,*,#567,.T.);
#196=ORIENTED_EDGE('',*,*,#568,.F.);
#197=ORIENTED_EDGE('',*,*,#568,.T.);
#198=ORIENTED_EDGE('',*,*,#569,.F.);
#199=ORIENTED_EDGE('',*,*,#569,.T.);
#200=ORIENTED_EDGE('',*,*,#570,.F.);
#201=ORIENTED_EDGE('',*,*,#571,.F.);
#202=ORIENTED_EDGE('',*,*,#558,.F.);
#203=ORIENTED_EDGE('',*,*,#572,.F.);
#204=ORIENTED_EDGE('',*,*,#562,.T.);
#205=ORIENTED_EDGE('',*,*,#573,.T.);
#206=ORIENTED_EDGE('',*,*,#574,.T.);
#207=ORIENTED_EDGE('',*,*,#575,.F.);
#208=ORIENTED_EDGE('',*,*,#576,.F.);
#209=ORIENTED_EDGE('',*,*,#577,.T.);
#210=ORIENTED_EDGE('',*,*,#578,.F.);
#211=ORIENTED_EDGE('',*,*,#579,.F.);
#212=ORIENTED_EDGE('',*,*,#580,.T.);
#213=ORIENTED_EDGE('',*,*,#581,.T.);
#214=ORIENTED_EDGE('',*,*,#582,.F.);
#215=ORIENTED_EDGE('',*,*,#583,.F.);
#216=ORIENTED_EDGE('',*,*,#584,.F.);
#217=ORIENTED_EDGE('',*,*,#585,.T.);
#218=ORIENTED_EDGE('',*,*,#579,.T.);
#219=ORIENTED_EDGE('',*,*,#586,.F.);
#220=ORIENTED_EDGE('',*,*,#587,.T.);
#221=ORIENTED_EDGE('',*,*,#588,.F.);
#222=ORIENTED_EDGE('',*,*,#589,.T.);
#223=ORIENTED_EDGE('',*,*,#590,.T.);
#224=ORIENTED_EDGE('',*,*,#591,.F.);
#225=ORIENTED_EDGE('',*,*,#587,.F.);
#226=ORIENTED_EDGE('',*,*,#592,.F.);
#227=ORIENTED_EDGE('',*,*,#593,.T.);
#228=ORIENTED_EDGE('',*,*,#588,.T.);
#229=ORIENTED_EDGE('',*,*,#594,.F.);
#230=ORIENTED_EDGE('',*,*,#595,.T.);
#231=ORIENTED_EDGE('',*,*,#596,.F.);
#232=ORIENTED_EDGE('',*,*,#597,.T.);
#233=ORIENTED_EDGE('',*,*,#598,.T.);
#234=ORIENTED_EDGE('',*,*,#599,.F.);
#235=ORIENTED_EDGE('',*,*,#595,.F.);
#236=ORIENTED_EDGE('',*,*,#600,.F.);
#237=ORIENTED_EDGE('',*,*,#601,.T.);
#238=ORIENTED_EDGE('',*,*,#596,.T.);
#239=ORIENTED_EDGE('',*,*,#602,.F.);
#240=ORIENTED_EDGE('',*,*,#603,.T.);
#241=ORIENTED_EDGE('',*,*,#604,.F.);
#242=ORIENTED_EDGE('',*,*,#605,.T.);
#243=ORIENTED_EDGE('',*,*,#606,.T.);
#244=ORIENTED_EDGE('',*,*,#607,.F.);
#245=ORIENTED_EDGE('',*,*,#603,.F.);
#246=ORIENTED_EDGE('',*,*,#608,.F.);
#247=ORIENTED_EDGE('',*,*,#609,.T.);
#248=ORIENTED_EDGE('',*,*,#604,.T.);
#249=ORIENTED_EDGE('',*,*,#610,.F.);
#250=ORIENTED_EDGE('',*,*,#611,.T.);
#251=ORIENTED_EDGE('',*,*,#612,.F.);
#252=ORIENTED_EDGE('',*,*,#613,.T.);
#253=ORIENTED_EDGE('',*,*,#614,.T.);
#254=ORIENTED_EDGE('',*,*,#615,.F.);
#255=ORIENTED_EDGE('',*,*,#611,.F.);
#256=ORIENTED_EDGE('',*,*,#616,.F.);
#257=ORIENTED_EDGE('',*,*,#617,.T.);
#258=ORIENTED_EDGE('',*,*,#612,.T.);
#259=ORIENTED_EDGE('',*,*,#618,.F.);
#260=ORIENTED_EDGE('',*,*,#619,.T.);
#261=ORIENTED_EDGE('',*,*,#620,.F.);
#262=ORIENTED_EDGE('',*,*,#621,.T.);
#263=ORIENTED_EDGE('',*,*,#622,.T.);
#264=ORIENTED_EDGE('',*,*,#623,.F.);
#265=ORIENTED_EDGE('',*,*,#619,.F.);
#266=ORIENTED_EDGE('',*,*,#624,.F.);
#267=ORIENTED_EDGE('',*,*,#625,.T.);
#268=ORIENTED_EDGE('',*,*,#620,.T.);
#269=ORIENTED_EDGE('',*,*,#626,.F.);
#270=ORIENTED_EDGE('',*,*,#627,.T.);
#271=ORIENTED_EDGE('',*,*,#628,.F.);
#272=ORIENTED_EDGE('',*,*,#629,.T.);
#273=ORIENTED_EDGE('',*,*,#630,.T.);
#274=ORIENTED_EDGE('',*,*,#631,.F.);
#275=ORIENTED_EDGE('',*,*,#627,.F.);
#276=ORIENTED_EDGE('',*,*,#632,.F.);
#277=ORIENTED_EDGE('',*,*,#633,.T.);
#278=ORIENTED_EDGE('',*,*,#628,.T.);
#279=ORIENTED_EDGE('',*,*,#634,.F.);
#280=ORIENTED_EDGE('',*,*,#635,.T.);
#281=ORIENTED_EDGE('',*,*,#636,.F.);
#282=ORIENTED_EDGE('',*,*,#637,.T.);
#283=ORIENTED_EDGE('',*,*,#638,.T.);
#284=ORIENTED_EDGE('',*,*,#636,.T.);
#285=ORIENTED_EDGE('',*,*,#639,.T.);
#286=ORIENTED_EDGE('',*,*,#640,.F.);
#287=ORIENTED_EDGE('',*,*,#629,.F.);
#288=ORIENTED_EDGE('',*,*,#633,.F.);
#289=ORIENTED_EDGE('',*,*,#641,.T.);
#290=ORIENTED_EDGE('',*,*,#642,.T.);
#291=ORIENTED_EDGE('',*,*,#643,.F.);
#292=ORIENTED_EDGE('',*,*,#644,.T.);
#293=ORIENTED_EDGE('',*,*,#645,.T.);
#294=ORIENTED_EDGE('',*,*,#643,.T.);
#295=ORIENTED_EDGE('',*,*,#646,.T.);
#296=ORIENTED_EDGE('',*,*,#630,.F.);
#297=ORIENTED_EDGE('',*,*,#621,.F.);
#298=ORIENTED_EDGE('',*,*,#625,.F.);
#299=ORIENTED_EDGE('',*,*,#631,.T.);
#300=ORIENTED_EDGE('',*,*,#647,.T.);
#301=ORIENTED_EDGE('',*,*,#648,.F.);
#302=ORIENTED_EDGE('',*,*,#649,.T.);
#303=ORIENTED_EDGE('',*,*,#650,.T.);
#304=ORIENTED_EDGE('',*,*,#648,.T.);
#305=ORIENTED_EDGE('',*,*,#651,.T.);
#306=ORIENTED_EDGE('',*,*,#622,.F.);
#307=ORIENTED_EDGE('',*,*,#613,.F.);
#308=ORIENTED_EDGE('',*,*,#617,.F.);
#309=ORIENTED_EDGE('',*,*,#623,.T.);
#310=ORIENTED_EDGE('',*,*,#652,.T.);
#311=ORIENTED_EDGE('',*,*,#653,.F.);
#312=ORIENTED_EDGE('',*,*,#654,.T.);
#313=ORIENTED_EDGE('',*,*,#655,.T.);
#314=ORIENTED_EDGE('',*,*,#653,.T.);
#315=ORIENTED_EDGE('',*,*,#656,.T.);
#316=ORIENTED_EDGE('',*,*,#614,.F.);
#317=ORIENTED_EDGE('',*,*,#605,.F.);
#318=ORIENTED_EDGE('',*,*,#609,.F.);
#319=ORIENTED_EDGE('',*,*,#615,.T.);
#320=ORIENTED_EDGE('',*,*,#657,.T.);
#321=ORIENTED_EDGE('',*,*,#658,.F.);
#322=ORIENTED_EDGE('',*,*,#659,.T.);
#323=ORIENTED_EDGE('',*,*,#660,.T.);
#324=ORIENTED_EDGE('',*,*,#658,.T.);
#325=ORIENTED_EDGE('',*,*,#661,.T.);
#326=ORIENTED_EDGE('',*,*,#606,.F.);
#327=ORIENTED_EDGE('',*,*,#597,.F.);
#328=ORIENTED_EDGE('',*,*,#601,.F.);
#329=ORIENTED_EDGE('',*,*,#607,.T.);
#330=ORIENTED_EDGE('',*,*,#662,.T.);
#331=ORIENTED_EDGE('',*,*,#663,.F.);
#332=ORIENTED_EDGE('',*,*,#664,.T.);
#333=ORIENTED_EDGE('',*,*,#665,.T.);
#334=ORIENTED_EDGE('',*,*,#663,.T.);
#335=ORIENTED_EDGE('',*,*,#666,.T.);
#336=ORIENTED_EDGE('',*,*,#598,.F.);
#337=ORIENTED_EDGE('',*,*,#589,.F.);
#338=ORIENTED_EDGE('',*,*,#593,.F.);
#339=ORIENTED_EDGE('',*,*,#599,.T.);
#340=ORIENTED_EDGE('',*,*,#667,.T.);
#341=ORIENTED_EDGE('',*,*,#668,.F.);
#342=ORIENTED_EDGE('',*,*,#669,.T.);
#343=ORIENTED_EDGE('',*,*,#670,.T.);
#344=ORIENTED_EDGE('',*,*,#668,.T.);
#345=ORIENTED_EDGE('',*,*,#671,.T.);
#346=ORIENTED_EDGE('',*,*,#590,.F.);
#347=ORIENTED_EDGE('',*,*,#580,.F.);
#348=ORIENTED_EDGE('',*,*,#585,.F.);
#349=ORIENTED_EDGE('',*,*,#591,.T.);
#350=ORIENTED_EDGE('',*,*,#672,.T.);
#351=ORIENTED_EDGE('',*,*,#673,.F.);
#352=ORIENTED_EDGE('',*,*,#674,.T.);
#353=ORIENTED_EDGE('',*,*,#675,.T.);
#354=ORIENTED_EDGE('',*,*,#673,.T.);
#355=ORIENTED_EDGE('',*,*,#676,.T.);
#356=ORIENTED_EDGE('',*,*,#581,.F.);
#357=ORIENTED_EDGE('',*,*,#677,.T.);
#358=ORIENTED_EDGE('',*,*,#678,.F.);
#359=ORIENTED_EDGE('',*,*,#679,.F.);
#360=ORIENTED_EDGE('',*,*,#680,.F.);
#361=ORIENTED_EDGE('',*,*,#681,.F.);
#362=ORIENTED_EDGE('',*,*,#582,.T.);
#363=ORIENTED_EDGE('',*,*,#682,.T.);
#364=ORIENTED_EDGE('',*,*,#683,.F.);
#365=ORIENTED_EDGE('',*,*,#684,.F.);
#366=ORIENTED_EDGE('',*,*,#583,.T.);
#367=ORIENTED_EDGE('',*,*,#681,.T.);
#368=ORIENTED_EDGE('',*,*,#685,.T.);
#369=ORIENTED_EDGE('',*,*,#686,.T.);
#370=ORIENTED_EDGE('',*,*,#687,.T.);
#371=ORIENTED_EDGE('',*,*,#688,.T.);
#372=ORIENTED_EDGE('',*,*,#640,.T.);
#373=ORIENTED_EDGE('',*,*,#641,.F.);
#374=ORIENTED_EDGE('',*,*,#635,.F.);
#375=ORIENTED_EDGE('',*,*,#689,.F.);
#376=ORIENTED_EDGE('',*,*,#690,.F.);
#377=ORIENTED_EDGE('',*,*,#688,.F.);
#378=ORIENTED_EDGE('',*,*,#691,.T.);
#379=ORIENTED_EDGE('',*,*,#692,.F.);
#380=ORIENTED_EDGE('',*,*,#693,.F.);
#381=ORIENTED_EDGE('',*,*,#694,.T.);
#382=ORIENTED_EDGE('',*,*,#695,.F.);
#383=ORIENTED_EDGE('',*,*,#575,.T.);
#384=ORIENTED_EDGE('',*,*,#696,.T.);
#385=ORIENTED_EDGE('',*,*,#690,.T.);
#386=ORIENTED_EDGE('',*,*,#697,.F.);
#387=ORIENTED_EDGE('',*,*,#698,.T.);
#388=ORIENTED_EDGE('',*,*,#699,.T.);
#389=ORIENTED_EDGE('',*,*,#700,.T.);
#390=ORIENTED_EDGE('',*,*,#693,.T.);
#391=ORIENTED_EDGE('',*,*,#701,.F.);
#392=ORIENTED_EDGE('',*,*,#702,.F.);
#393=ORIENTED_EDGE('',*,*,#691,.F.);
#394=ORIENTED_EDGE('',*,*,#687,.F.);
#395=ORIENTED_EDGE('',*,*,#703,.F.);
#396=ORIENTED_EDGE('',*,*,#573,.F.);
#397=ORIENTED_EDGE('',*,*,#566,.F.);
#398=ORIENTED_EDGE('',*,*,#565,.F.);
#399=ORIENTED_EDGE('',*,*,#702,.T.);
#400=ORIENTED_EDGE('',*,*,#704,.T.);
#401=ORIENTED_EDGE('',*,*,#697,.T.);
#402=ORIENTED_EDGE('',*,*,#692,.T.);
#403=ORIENTED_EDGE('',*,*,#699,.F.);
#404=ORIENTED_EDGE('',*,*,#705,.T.);
#405=ORIENTED_EDGE('',*,*,#706,.T.);
#406=ORIENTED_EDGE('',*,*,#707,.T.);
#407=ORIENTED_EDGE('',*,*,#708,.T.);
#408=ORIENTED_EDGE('',*,*,#709,.F.);
#409=ORIENTED_EDGE('',*,*,#709,.T.);
#410=ORIENTED_EDGE('',*,*,#710,.T.);
#411=ORIENTED_EDGE('',*,*,#711,.F.);
#412=ORIENTED_EDGE('',*,*,#712,.T.);
#413=ORIENTED_EDGE('',*,*,#711,.T.);
#414=ORIENTED_EDGE('',*,*,#713,.T.);
#415=ORIENTED_EDGE('',*,*,#714,.F.);
#416=ORIENTED_EDGE('',*,*,#685,.F.);
#417=ORIENTED_EDGE('',*,*,#683,.T.);
#418=ORIENTED_EDGE('',*,*,#715,.F.);
#419=ORIENTED_EDGE('',*,*,#707,.F.);
#420=ORIENTED_EDGE('',*,*,#712,.F.);
#421=ORIENTED_EDGE('',*,*,#682,.F.);
#422=ORIENTED_EDGE('',*,*,#676,.F.);
#423=ORIENTED_EDGE('',*,*,#674,.F.);
#424=ORIENTED_EDGE('',*,*,#675,.F.);
#425=ORIENTED_EDGE('',*,*,#672,.F.);
#426=ORIENTED_EDGE('',*,*,#671,.F.);
#427=ORIENTED_EDGE('',*,*,#669,.F.);
#428=ORIENTED_EDGE('',*,*,#670,.F.);
#429=ORIENTED_EDGE('',*,*,#667,.F.);
#430=ORIENTED_EDGE('',*,*,#666,.F.);
#431=ORIENTED_EDGE('',*,*,#664,.F.);
#432=ORIENTED_EDGE('',*,*,#665,.F.);
#433=ORIENTED_EDGE('',*,*,#662,.F.);
#434=ORIENTED_EDGE('',*,*,#661,.F.);
#435=ORIENTED_EDGE('',*,*,#659,.F.);
#436=ORIENTED_EDGE('',*,*,#660,.F.);
#437=ORIENTED_EDGE('',*,*,#657,.F.);
#438=ORIENTED_EDGE('',*,*,#656,.F.);
#439=ORIENTED_EDGE('',*,*,#654,.F.);
#440=ORIENTED_EDGE('',*,*,#655,.F.);
#441=ORIENTED_EDGE('',*,*,#652,.F.);
#442=ORIENTED_EDGE('',*,*,#651,.F.);
#443=ORIENTED_EDGE('',*,*,#649,.F.);
#444=ORIENTED_EDGE('',*,*,#650,.F.);
#445=ORIENTED_EDGE('',*,*,#647,.F.);
#446=ORIENTED_EDGE('',*,*,#646,.F.);
#447=ORIENTED_EDGE('',*,*,#644,.F.);
#448=ORIENTED_EDGE('',*,*,#645,.F.);
#449=ORIENTED_EDGE('',*,*,#642,.F.);
#450=ORIENTED_EDGE('',*,*,#639,.F.);
#451=ORIENTED_EDGE('',*,*,#637,.F.);
#452=ORIENTED_EDGE('',*,*,#638,.F.);
#453=ORIENTED_EDGE('',*,*,#694,.F.);
#454=ORIENTED_EDGE('',*,*,#700,.F.);
#455=ORIENTED_EDGE('',*,*,#706,.F.);
#456=ORIENTED_EDGE('',*,*,#716,.F.);
#457=ORIENTED_EDGE('',*,*,#717,.T.);
#458=ORIENTED_EDGE('',*,*,#718,.F.);
#459=ORIENTED_EDGE('',*,*,#719,.T.);
#460=ORIENTED_EDGE('',*,*,#720,.F.);
#461=ORIENTED_EDGE('',*,*,#717,.F.);
#462=ORIENTED_EDGE('',*,*,#721,.F.);
#463=ORIENTED_EDGE('',*,*,#578,.T.);
#464=ORIENTED_EDGE('',*,*,#722,.F.);
#465=ORIENTED_EDGE('',*,*,#679,.T.);
#466=ORIENTED_EDGE('',*,*,#723,.F.);
#467=ORIENTED_EDGE('',*,*,#724,.T.);
#468=ORIENTED_EDGE('',*,*,#725,.T.);
#469=ORIENTED_EDGE('',*,*,#677,.F.);
#470=ORIENTED_EDGE('',*,*,#725,.F.);
#471=ORIENTED_EDGE('',*,*,#726,.T.);
#472=ORIENTED_EDGE('',*,*,#559,.T.);
#473=ORIENTED_EDGE('',*,*,#571,.T.);
#474=ORIENTED_EDGE('',*,*,#727,.F.);
#475=ORIENTED_EDGE('',*,*,#557,.F.);
#476=ORIENTED_EDGE('',*,*,#728,.T.);
#477=ORIENTED_EDGE('',*,*,#563,.T.);
#478=ORIENTED_EDGE('',*,*,#572,.T.);
#479=ORIENTED_EDGE('',*,*,#727,.T.);
#480=ORIENTED_EDGE('',*,*,#570,.T.);
#481=ORIENTED_EDGE('',*,*,#721,.T.);
#482=ORIENTED_EDGE('',*,*,#678,.T.);
#483=ORIENTED_EDGE('',*,*,#574,.F.);
#484=ORIENTED_EDGE('',*,*,#703,.T.);
#485=ORIENTED_EDGE('',*,*,#686,.F.);
#486=ORIENTED_EDGE('',*,*,#696,.F.);
#487=ORIENTED_EDGE('',*,*,#577,.F.);
#488=ORIENTED_EDGE('',*,*,#729,.F.);
#489=ORIENTED_EDGE('',*,*,#730,.F.);
#490=ORIENTED_EDGE('',*,*,#731,.F.);
#491=ORIENTED_EDGE('',*,*,#722,.T.);
#492=ORIENTED_EDGE('',*,*,#732,.F.);
#493=ORIENTED_EDGE('',*,*,#719,.F.);
#494=ORIENTED_EDGE('',*,*,#733,.F.);
#495=ORIENTED_EDGE('',*,*,#723,.T.);
#496=ORIENTED_EDGE('',*,*,#680,.T.);
#497=ORIENTED_EDGE('',*,*,#731,.T.);
#498=ORIENTED_EDGE('',*,*,#714,.T.);
#499=ORIENTED_EDGE('',*,*,#734,.T.);
#500=ORIENTED_EDGE('',*,*,#729,.T.);
#501=ORIENTED_EDGE('',*,*,#576,.T.);
#502=ORIENTED_EDGE('',*,*,#695,.T.);
#503=ORIENTED_EDGE('',*,*,#689,.T.);
#504=ORIENTED_EDGE('',*,*,#634,.T.);
#505=ORIENTED_EDGE('',*,*,#632,.T.);
#506=ORIENTED_EDGE('',*,*,#626,.T.);
#507=ORIENTED_EDGE('',*,*,#624,.T.);
#508=ORIENTED_EDGE('',*,*,#618,.T.);
#509=ORIENTED_EDGE('',*,*,#616,.T.);
#510=ORIENTED_EDGE('',*,*,#610,.T.);
#511=ORIENTED_EDGE('',*,*,#608,.T.);
#512=ORIENTED_EDGE('',*,*,#602,.T.);
#513=ORIENTED_EDGE('',*,*,#600,.T.);
#514=ORIENTED_EDGE('',*,*,#594,.T.);
#515=ORIENTED_EDGE('',*,*,#592,.T.);
#516=ORIENTED_EDGE('',*,*,#586,.T.);
#517=ORIENTED_EDGE('',*,*,#584,.T.);
#518=ORIENTED_EDGE('',*,*,#684,.T.);
#519=ORIENTED_EDGE('',*,*,#735,.T.);
#520=ORIENTED_EDGE('',*,*,#724,.F.);
#521=ORIENTED_EDGE('',*,*,#733,.T.);
#522=ORIENTED_EDGE('',*,*,#718,.T.);
#523=ORIENTED_EDGE('',*,*,#716,.T.);
#524=ORIENTED_EDGE('',*,*,#705,.F.);
#525=ORIENTED_EDGE('',*,*,#698,.F.);
#526=ORIENTED_EDGE('',*,*,#704,.F.);
#527=ORIENTED_EDGE('',*,*,#701,.T.);
#528=ORIENTED_EDGE('',*,*,#564,.T.);
#529=ORIENTED_EDGE('',*,*,#728,.F.);
#530=ORIENTED_EDGE('',*,*,#560,.F.);
#531=ORIENTED_EDGE('',*,*,#726,.F.);
#532=ORIENTED_EDGE('',*,*,#730,.T.);
#533=ORIENTED_EDGE('',*,*,#734,.F.);
#534=ORIENTED_EDGE('',*,*,#713,.F.);
#535=ORIENTED_EDGE('',*,*,#710,.F.);
#536=ORIENTED_EDGE('',*,*,#708,.F.);
#537=ORIENTED_EDGE('',*,*,#715,.T.);
#538=ORIENTED_EDGE('',*,*,#720,.T.);
#539=ORIENTED_EDGE('',*,*,#732,.T.);
#540=ORIENTED_EDGE('',*,*,#736,.T.);
#541=ORIENTED_EDGE('',*,*,#737,.T.);
#542=ORIENTED_EDGE('',*,*,#738,.T.);
#543=ORIENTED_EDGE('',*,*,#739,.F.);
#544=ORIENTED_EDGE('',*,*,#739,.T.);
#545=ORIENTED_EDGE('',*,*,#737,.F.);
#546=ORIENTED_EDGE('',*,*,#740,.F.);
#547=ORIENTED_EDGE('',*,*,#740,.T.);
#548=ORIENTED_EDGE('',*,*,#736,.F.);
#549=ORIENTED_EDGE('',*,*,#741,.F.);
#550=ORIENTED_EDGE('',*,*,#741,.T.);
#551=ORIENTED_EDGE('',*,*,#735,.F.);
#552=ORIENTED_EDGE('',*,*,#742,.F.);
#553=ORIENTED_EDGE('',*,*,#742,.T.);
#554=ORIENTED_EDGE('',*,*,#738,.F.);
#555=ORIENTED_EDGE('',*,*,#567,.F.);
#556=ORIENTED_EDGE('',*,*,#561,.T.);
#557=EDGE_CURVE('',#743,#744,#865,.T.);
#558=EDGE_CURVE('',#744,#745,#109,.T.);
#559=EDGE_CURVE('',#746,#745,#866,.T.);
#560=EDGE_CURVE('',#746,#743,#110,.F.);
#561=EDGE_CURVE('',#747,#747,#51,.T.);
#562=EDGE_CURVE('',#748,#749,#111,.T.);
#563=EDGE_CURVE('',#750,#748,#867,.T.);
#564=EDGE_CURVE('',#751,#750,#112,.F.);
#565=EDGE_CURVE('',#751,#752,#52,.T.);
#566=EDGE_CURVE('',#752,#749,#53,.T.);
#567=EDGE_CURVE('',#753,#753,#54,.T.);
#568=EDGE_CURVE('',#754,#754,#868,.T.);
#569=EDGE_CURVE('',#755,#755,#869,.T.);
#570=EDGE_CURVE('',#756,#757,#113,.T.);
#571=EDGE_CURVE('',#745,#756,#114,.T.);
#572=EDGE_CURVE('',#748,#744,#115,.T.);
#573=EDGE_CURVE('',#749,#758,#870,.F.);
#574=EDGE_CURVE('',#758,#759,#116,.T.);
#575=EDGE_CURVE('',#760,#759,#117,.T.);
#576=EDGE_CURVE('',#761,#760,#118,.T.);
#577=EDGE_CURVE('',#761,#762,#871,.F.);
#578=EDGE_CURVE('',#757,#762,#55,.T.);
#579=EDGE_CURVE('',#763,#764,#872,.F.);
#580=EDGE_CURVE('',#763,#765,#119,.T.);
#581=EDGE_CURVE('',#765,#766,#873,.F.);
#582=EDGE_CURVE('',#767,#766,#120,.T.);
#583=EDGE_CURVE('',#768,#767,#874,.F.);
#584=EDGE_CURVE('',#764,#768,#56,.T.);
#585=EDGE_CURVE('',#769,#763,#875,.T.);
#586=EDGE_CURVE('',#770,#764,#876,.T.);
#587=EDGE_CURVE('',#770,#769,#877,.F.);
#588=EDGE_CURVE('',#771,#772,#878,.F.);
#589=EDGE_CURVE('',#771,#773,#121,.T.);
#590=EDGE_CURVE('',#773,#774,#879,.F.);
#591=EDGE_CURVE('',#769,#774,#122,.T.);
#592=EDGE_CURVE('',#772,#770,#57,.T.);
#593=EDGE_CURVE('',#775,#771,#880,.T.);
#594=EDGE_CURVE('',#776,#772,#881,.T.);
#595=EDGE_CURVE('',#776,#775,#882,.F.);
#596=EDGE_CURVE('',#777,#778,#883,.F.);
#597=EDGE_CURVE('',#777,#779,#123,.T.);
#598=EDGE_CURVE('',#779,#780,#884,.F.);
#599=EDGE_CURVE('',#775,#780,#124,.T.);
#600=EDGE_CURVE('',#778,#776,#58,.T.);
#601=EDGE_CURVE('',#781,#777,#885,.T.);
#602=EDGE_CURVE('',#782,#778,#886,.T.);
#603=EDGE_CURVE('',#782,#781,#887,.F.);
#604=EDGE_CURVE('',#783,#784,#888,.F.);
#605=EDGE_CURVE('',#783,#785,#125,.T.);
#606=EDGE_CURVE('',#785,#786,#889,.F.);
#607=EDGE_CURVE('',#781,#786,#126,.T.);
#608=EDGE_CURVE('',#784,#782,#59,.T.);
#609=EDGE_CURVE('',#787,#783,#890,.T.);
#610=EDGE_CURVE('',#788,#784,#891,.T.);
#611=EDGE_CURVE('',#788,#787,#892,.F.);
#612=EDGE_CURVE('',#789,#790,#893,.F.);
#613=EDGE_CURVE('',#789,#791,#127,.T.);
#614=EDGE_CURVE('',#791,#792,#894,.F.);
#615=EDGE_CURVE('',#787,#792,#128,.T.);
#616=EDGE_CURVE('',#790,#788,#60,.T.);
#617=EDGE_CURVE('',#793,#789,#895,.T.);
#618=EDGE_CURVE('',#794,#790,#896,.T.);
#619=EDGE_CURVE('',#794,#793,#897,.F.);
#620=EDGE_CURVE('',#795,#796,#898,.F.);
#621=EDGE_CURVE('',#795,#797,#129,.T.);
#622=EDGE_CURVE('',#797,#798,#899,.F.);
#623=EDGE_CURVE('',#793,#798,#130,.T.);
#624=EDGE_CURVE('',#796,#794,#61,.T.);
#625=EDGE_CURVE('',#799,#795,#900,.T.);
#626=EDGE_CURVE('',#800,#796,#901,.T.);
#627=EDGE_CURVE('',#800,#799,#902,.F.);
#628=EDGE_CURVE('',#801,#802,#903,.F.);
#629=EDGE_CURVE('',#801,#803,#131,.T.);
#630=EDGE_CURVE('',#803,#804,#904,.F.);
#631=EDGE_CURVE('',#799,#804,#132,.T.);
#632=EDGE_CURVE('',#802,#800,#62,.T.);
#633=EDGE_CURVE('',#805,#801,#905,.T.);
#634=EDGE_CURVE('',#806,#802,#906,.T.);
#635=EDGE_CURVE('',#806,#805,#907,.F.);
#636=EDGE_CURVE('',#807,#808,#908,.F.);
#637=EDGE_CURVE('',#807,#808,#63,.T.);
#638=EDGE_CURVE('',#809,#807,#64,.T.);
#639=EDGE_CURVE('',#808,#810,#65,.T.);
#640=EDGE_CURVE('',#809,#810,#909,.F.);
#641=EDGE_CURVE('',#805,#810,#133,.T.);
#642=EDGE_CURVE('',#810,#803,#910,.T.);
#643=EDGE_CURVE('',#811,#812,#911,.F.);
#644=EDGE_CURVE('',#811,#812,#66,.T.);
#645=EDGE_CURVE('',#803,#811,#67,.T.);
#646=EDGE_CURVE('',#812,#804,#68,.T.);
#647=EDGE_CURVE('',#804,#797,#912,.T.);
#648=EDGE_CURVE('',#813,#814,#913,.F.);
#649=EDGE_CURVE('',#813,#814,#69,.T.);
#650=EDGE_CURVE('',#797,#813,#70,.T.);
#651=EDGE_CURVE('',#814,#798,#71,.T.);
#652=EDGE_CURVE('',#798,#791,#914,.T.);
#653=EDGE_CURVE('',#815,#816,#915,.F.);
#654=EDGE_CURVE('',#815,#816,#72,.T.);
#655=EDGE_CURVE('',#791,#815,#73,.T.);
#656=EDGE_CURVE('',#816,#792,#74,.T.);
#657=EDGE_CURVE('',#792,#785,#916,.T.);
#658=EDGE_CURVE('',#817,#818,#917,.F.);
#659=EDGE_CURVE('',#817,#818,#75,.T.);
#660=EDGE_CURVE('',#785,#817,#76,.T.);
#661=EDGE_CURVE('',#818,#786,#77,.T.);
#662=EDGE_CURVE('',#786,#779,#918,.T.);
#663=EDGE_CURVE('',#819,#820,#919,.F.);
#664=EDGE_CURVE('',#819,#820,#78,.T.);
#665=EDGE_CURVE('',#779,#819,#79,.T.);
#666=EDGE_CURVE('',#820,#780,#80,.T.);
#667=EDGE_CURVE('',#780,#773,#920,.T.);
#668=EDGE_CURVE('',#821,#822,#921,.F.);
#669=EDGE_CURVE('',#821,#822,#81,.T.);
#670=EDGE_CURVE('',#773,#821,#82,.T.);
#671=EDGE_CURVE('',#822,#774,#83,.T.);
#672=EDGE_CURVE('',#774,#765,#922,.T.);
#673=EDGE_CURVE('',#823,#824,#923,.F.);
#674=EDGE_CURVE('',#823,#824,#84,.T.);
#675=EDGE_CURVE('',#765,#823,#85,.T.);
#676=EDGE_CURVE('',#824,#766,#86,.T.);
#677=EDGE_CURVE('',#825,#826,#87,.T.);
#678=EDGE_CURVE('',#827,#826,#88,.T.);
#679=EDGE_CURVE('',#828,#827,#89,.F.);
#680=EDGE_CURVE('',#825,#828,#90,.T.);
#681=EDGE_CURVE('',#767,#829,#924,.T.);
#682=EDGE_CURVE('',#766,#830,#925,.T.);
#683=EDGE_CURVE('',#829,#830,#134,.T.);
#684=EDGE_CURVE('',#768,#831,#926,.T.);
#685=EDGE_CURVE('',#829,#831,#927,.F.);
#686=EDGE_CURVE('',#832,#833,#135,.T.);
#687=EDGE_CURVE('',#833,#834,#91,.T.);
#688=EDGE_CURVE('',#834,#809,#136,.T.);
#689=EDGE_CURVE('',#835,#806,#92,.T.);
#690=EDGE_CURVE('',#832,#835,#928,.F.);
#691=EDGE_CURVE('',#834,#836,#93,.T.);
#692=EDGE_CURVE('',#837,#836,#137,.F.);
#693=EDGE_CURVE('',#838,#837,#94,.T.);
#694=EDGE_CURVE('',#838,#809,#929,.T.);
#695=EDGE_CURVE('',#760,#835,#930,.T.);
#696=EDGE_CURVE('',#759,#832,#931,.T.);
#697=EDGE_CURVE('',#839,#837,#932,.T.);
#698=EDGE_CURVE('',#839,#840,#933,.F.);
#699=EDGE_CURVE('',#840,#841,#934,.T.);
#700=EDGE_CURVE('',#841,#838,#95,.T.);
#701=EDGE_CURVE('',#842,#751,#935,.F.);
#702=EDGE_CURVE('',#836,#842,#96,.T.);
#703=EDGE_CURVE('',#758,#833,#97,.T.);
#704=EDGE_CURVE('',#842,#839,#138,.T.);
#705=EDGE_CURVE('',#840,#843,#139,.T.);
#706=EDGE_CURVE('',#843,#841,#98,.T.);
#707=EDGE_CURVE('',#844,#845,#99,.T.);
#708=EDGE_CURVE('',#845,#846,#140,.F.);
#709=EDGE_CURVE('',#844,#846,#936,.F.);
#710=EDGE_CURVE('',#846,#847,#937,.F.);
#711=EDGE_CURVE('',#830,#847,#938,.F.);
#712=EDGE_CURVE('',#830,#844,#100,.T.);
#713=EDGE_CURVE('',#847,#848,#141,.F.);
#714=EDGE_CURVE('',#831,#848,#101,.T.);
#715=EDGE_CURVE('',#845,#849,#102,.T.);
#716=EDGE_CURVE('',#850,#843,#103,.F.);
#717=EDGE_CURVE('',#850,#849,#939,.T.);
#718=EDGE_CURVE('',#851,#850,#14,.F.);
#719=EDGE_CURVE('',#851,#852,#940,.T.);
#720=EDGE_CURVE('',#849,#852,#104,.T.);
#721=EDGE_CURVE('',#757,#827,#105,.T.);
#722=EDGE_CURVE('',#828,#762,#106,.T.);
#723=EDGE_CURVE('',#853,#825,#107,.T.);
#724=EDGE_CURVE('',#853,#854,#108,.T.);
#725=EDGE_CURVE('',#854,#826,#941,.T.);
#726=EDGE_CURVE('',#854,#746,#142,.T.);
#727=EDGE_CURVE('',#826,#756,#942,.T.);
#728=EDGE_CURVE('',#743,#750,#143,.T.);
#729=EDGE_CURVE('',#855,#761,#943,.F.);
#730=EDGE_CURVE('',#856,#855,#944,.F.);
#731=EDGE_CURVE('',#828,#856,#945,.F.);
#732=EDGE_CURVE('',#852,#856,#144,.F.);
#733=EDGE_CURVE('',#853,#851,#145,.T.);
#734=EDGE_CURVE('',#848,#855,#146,.T.);
#735=EDGE_CURVE('',#857,#857,#946,.T.);
#736=EDGE_CURVE('',#858,#858,#947,.T.);
#737=EDGE_CURVE('',#859,#859,#948,.T.);
#738=EDGE_CURVE('',#860,#860,#949,.T.);
#739=EDGE_CURVE('',#861,#861,#950,.T.);
#740=EDGE_CURVE('',#862,#862,#951,.T.);
#741=EDGE_CURVE('',#863,#863,#952,.T.);
#742=EDGE_CURVE('',#864,#864,#953,.T.);
#743=VERTEX_POINT('',#1789);
#744=VERTEX_POINT('',#1790);
#745=VERTEX_POINT('',#1792);
#746=VERTEX_POINT('',#1794);
#747=VERTEX_POINT('',#1807);
#748=VERTEX_POINT('',#1810);
#749=VERTEX_POINT('',#1811);
#750=VERTEX_POINT('',#1813);
#751=VERTEX_POINT('',#1815);
#752=VERTEX_POINT('',#1829);
#753=VERTEX_POINT('',#1847);
#754=VERTEX_POINT('',#1850);
#755=VERTEX_POINT('',#1853);
#756=VERTEX_POINT('',#1856);
#757=VERTEX_POINT('',#1857);
#758=VERTEX_POINT('',#1861);
#759=VERTEX_POINT('',#1863);
#760=VERTEX_POINT('',#1865);
#761=VERTEX_POINT('',#1867);
#762=VERTEX_POINT('',#1869);
#763=VERTEX_POINT('',#1876);
#764=VERTEX_POINT('',#1877);
#765=VERTEX_POINT('',#1879);
#766=VERTEX_POINT('',#1881);
#767=VERTEX_POINT('',#1883);
#768=VERTEX_POINT('',#1885);
#769=VERTEX_POINT('',#1899);
#770=VERTEX_POINT('',#1901);
#771=VERTEX_POINT('',#1905);
#772=VERTEX_POINT('',#1906);
#773=VERTEX_POINT('',#1908);
#774=VERTEX_POINT('',#1910);
#775=VERTEX_POINT('',#1925);
#776=VERTEX_POINT('',#1927);
#777=VERTEX_POINT('',#1931);
#778=VERTEX_POINT('',#1932);
#779=VERTEX_POINT('',#1934);
#780=VERTEX_POINT('',#1936);
#781=VERTEX_POINT('',#1951);
#782=VERTEX_POINT('',#1953);
#783=VERTEX_POINT('',#1957);
#784=VERTEX_POINT('',#1958);
#785=VERTEX_POINT('',#1960);
#786=VERTEX_POINT('',#1962);
#787=VERTEX_POINT('',#1977);
#788=VERTEX_POINT('',#1979);
#789=VERTEX_POINT('',#1983);
#790=VERTEX_POINT('',#1984);
#791=VERTEX_POINT('',#1986);
#792=VERTEX_POINT('',#1988);
#793=VERTEX_POINT('',#2003);
#794=VERTEX_POINT('',#2005);
#795=VERTEX_POINT('',#2009);
#796=VERTEX_POINT('',#2010);
#797=VERTEX_POINT('',#2012);
#798=VERTEX_POINT('',#2014);
#799=VERTEX_POINT('',#2029);
#800=VERTEX_POINT('',#2031);
#801=VERTEX_POINT('',#2035);
#802=VERTEX_POINT('',#2036);
#803=VERTEX_POINT('',#2038);
#804=VERTEX_POINT('',#2040);
#805=VERTEX_POINT('',#2055);
#806=VERTEX_POINT('',#2057);
#807=VERTEX_POINT('',#2061);
#808=VERTEX_POINT('',#2062);
#809=VERTEX_POINT('',#2100);
#810=VERTEX_POINT('',#2107);
#811=VERTEX_POINT('',#2114);
#812=VERTEX_POINT('',#2115);
#813=VERTEX_POINT('',#2163);
#814=VERTEX_POINT('',#2164);
#815=VERTEX_POINT('',#2212);
#816=VERTEX_POINT('',#2213);
#817=VERTEX_POINT('',#2261);
#818=VERTEX_POINT('',#2262);
#819=VERTEX_POINT('',#2310);
#820=VERTEX_POINT('',#2311);
#821=VERTEX_POINT('',#2359);
#822=VERTEX_POINT('',#2360);
#823=VERTEX_POINT('',#2408);
#824=VERTEX_POINT('',#2409);
#825=VERTEX_POINT('',#2586);
#826=VERTEX_POINT('',#2587);
#827=VERTEX_POINT('',#2683);
#828=VERTEX_POINT('',#2689);
#829=VERTEX_POINT('',#2754);
#830=VERTEX_POINT('',#2756);
#831=VERTEX_POINT('',#2760);
#832=VERTEX_POINT('',#2764);
#833=VERTEX_POINT('',#2765);
#834=VERTEX_POINT('',#2778);
#835=VERTEX_POINT('',#2791);
#836=VERTEX_POINT('',#2798);
#837=VERTEX_POINT('',#2800);
#838=VERTEX_POINT('',#2805);
#839=VERTEX_POINT('',#2812);
#840=VERTEX_POINT('',#2814);
#841=VERTEX_POINT('',#2816);
#842=VERTEX_POINT('',#2898);
#843=VERTEX_POINT('',#2931);
#844=VERTEX_POINT('',#2952);
#845=VERTEX_POINT('',#2953);
#846=VERTEX_POINT('',#2955);
#847=VERTEX_POINT('',#2959);
#848=VERTEX_POINT('',#2969);
#849=VERTEX_POINT('',#2997);
#850=VERTEX_POINT('',#3003);
#851=VERTEX_POINT('',#3050);
#852=VERTEX_POINT('',#3052);
#853=VERTEX_POINT('',#3238);
#854=VERTEX_POINT('',#3246);
#855=VERTEX_POINT('',#3257);
#856=VERTEX_POINT('',#3259);
#857=VERTEX_POINT('',#3268);
#858=VERTEX_POINT('',#3271);
#859=VERTEX_POINT('',#3273);
#860=VERTEX_POINT('',#3275);
#861=VERTEX_POINT('',#3278);
#862=VERTEX_POINT('',#3282);
#863=VERTEX_POINT('',#3286);
#864=VERTEX_POINT('',#3290);
#865=CIRCLE('',#1264,0.028);
#866=CIRCLE('',#1265,0.028);
#867=CIRCLE('',#1267,0.0125);
#868=CIRCLE('',#1269,0.0028);
#869=CIRCLE('',#1271,0.0028);
#870=CIRCLE('',#1273,0.005);
#871=CIRCLE('',#1274,0.03);
#872=CIRCLE('',#1276,0.004);
#873=CIRCLE('',#1277,0.004);
#874=CIRCLE('',#1278,0.004);
#875=CIRCLE('',#1280,0.03275);
#876=CIRCLE('',#1281,0.03525);
#877=CIRCLE('',#1282,0.004);
#878=CIRCLE('',#1284,0.004);
#879=CIRCLE('',#1285,0.004);
#880=CIRCLE('',#1287,0.03275);
#881=CIRCLE('',#1288,0.03525);
#882=CIRCLE('',#1289,0.004);
#883=CIRCLE('',#1291,0.004);
#884=CIRCLE('',#1292,0.004);
#885=CIRCLE('',#1294,0.03275);
#886=CIRCLE('',#1295,0.03525);
#887=CIRCLE('',#1296,0.004);
#888=CIRCLE('',#1298,0.004);
#889=CIRCLE('',#1299,0.004);
#890=CIRCLE('',#1301,0.03275);
#891=CIRCLE('',#1302,0.03525);
#892=CIRCLE('',#1303,0.004);
#893=CIRCLE('',#1305,0.004);
#894=CIRCLE('',#1306,0.004);
#895=CIRCLE('',#1308,0.03275);
#896=CIRCLE('',#1309,0.03525);
#897=CIRCLE('',#1310,0.004);
#898=CIRCLE('',#1312,0.004);
#899=CIRCLE('',#1313,0.004);
#900=CIRCLE('',#1315,0.03275);
#901=CIRCLE('',#1316,0.03525);
#902=CIRCLE('',#1317,0.004);
#903=CIRCLE('',#1319,0.004);
#904=CIRCLE('',#1320,0.004);
#905=CIRCLE('',#1322,0.03275);
#906=CIRCLE('',#1323,0.03525);
#907=CIRCLE('',#1324,0.004);
#908=CIRCLE('',#1326,0.004);
#909=CIRCLE('',#1328,0.004);
#910=CIRCLE('',#1330,0.03275);
#911=CIRCLE('',#1332,0.004);
#912=CIRCLE('',#1335,0.03275);
#913=CIRCLE('',#1337,0.004);
#914=CIRCLE('',#1340,0.03275);
#915=CIRCLE('',#1342,0.004);
#916=CIRCLE('',#1345,0.03275);
#917=CIRCLE('',#1347,0.004);
#918=CIRCLE('',#1350,0.03275);
#919=CIRCLE('',#1352,0.004);
#920=CIRCLE('',#1355,0.03275);
#921=CIRCLE('',#1357,0.004);
#922=CIRCLE('',#1360,0.03275);
#923=CIRCLE('',#1362,0.004);
#924=CIRCLE('',#1365,0.03275);
#925=CIRCLE('',#1366,0.03275);
#926=CIRCLE('',#1368,0.03525);
#927=CIRCLE('',#1369,0.004);
#928=CIRCLE('',#1371,0.004);
#929=CIRCLE('',#1373,0.03275);
#930=CIRCLE('',#1375,0.03525);
#931=CIRCLE('',#1376,0.03275);
#932=CIRCLE('',#1378,0.0085);
#933=CIRCLE('',#1379,0.0225);
#934=CIRCLE('',#1380,0.0085);
#935=CIRCLE('',#1381,0.005);
#936=CIRCLE('',#1385,0.004);
#937=CIRCLE('',#1387,0.01);
#938=CIRCLE('',#1388,0.004);
#939=CIRCLE('',#1390,0.01);
#940=CIRCLE('',#1392,0.04875);
#941=CIRCLE('',#1393,0.03);
#942=CIRCLE('',#1395,0.03);
#943=CIRCLE('',#1400,0.0457730604410669);
#944=CIRCLE('',#1401,0.03);
#945=CIRCLE('',#1402,0.04875);
#946=CIRCLE('',#1406,0.0028);
#947=CIRCLE('',#1408,0.0028);
#948=CIRCLE('',#1409,0.0028);
#949=CIRCLE('',#1410,0.0028);
#950=CIRCLE('',#1412,0.0028);
#951=CIRCLE('',#1415,0.0028);
#952=CIRCLE('',#1418,0.0028);
#953=CIRCLE('',#1421,0.0028);
#954=EDGE_LOOP('',(#185,#186,#187,#188));
#955=EDGE_LOOP('',(#189));
#956=EDGE_LOOP('',(#190,#191,#192,#193,#194));
#957=EDGE_LOOP('',(#195));
#958=EDGE_LOOP('',(#196));
#959=EDGE_LOOP('',(#197));
#960=EDGE_LOOP('',(#198));
#961=EDGE_LOOP('',(#199));
#962=EDGE_LOOP('',(#200,#201,#202,#203,#204,#205,#206,#207,#208,#209,#210));
#963=EDGE_LOOP('',(#211,#212,#213,#214,#215,#216));
#964=EDGE_LOOP('',(#217,#218,#219,#220));
#965=EDGE_LOOP('',(#221,#222,#223,#224,#225,#226));
#966=EDGE_LOOP('',(#227,#228,#229,#230));
#967=EDGE_LOOP('',(#231,#232,#233,#234,#235,#236));
#968=EDGE_LOOP('',(#237,#238,#239,#240));
#969=EDGE_LOOP('',(#241,#242,#243,#244,#245,#246));
#970=EDGE_LOOP('',(#247,#248,#249,#250));
#971=EDGE_LOOP('',(#251,#252,#253,#254,#255,#256));
#972=EDGE_LOOP('',(#257,#258,#259,#260));
#973=EDGE_LOOP('',(#261,#262,#263,#264,#265,#266));
#974=EDGE_LOOP('',(#267,#268,#269,#270));
#975=EDGE_LOOP('',(#271,#272,#273,#274,#275,#276));
#976=EDGE_LOOP('',(#277,#278,#279,#280));
#977=EDGE_LOOP('',(#281,#282));
#978=EDGE_LOOP('',(#283,#284,#285,#286));
#979=EDGE_LOOP('',(#287,#288,#289,#290));
#980=EDGE_LOOP('',(#291,#292));
#981=EDGE_LOOP('',(#293,#294,#295,#296));
#982=EDGE_LOOP('',(#297,#298,#299,#300));
#983=EDGE_LOOP('',(#301,#302));
#984=EDGE_LOOP('',(#303,#304,#305,#306));
#985=EDGE_LOOP('',(#307,#308,#309,#310));
#986=EDGE_LOOP('',(#311,#312));
#987=EDGE_LOOP('',(#313,#314,#315,#316));
#988=EDGE_LOOP('',(#317,#318,#319,#320));
#989=EDGE_LOOP('',(#321,#322));
#990=EDGE_LOOP('',(#323,#324,#325,#326));
#991=EDGE_LOOP('',(#327,#328,#329,#330));
#992=EDGE_LOOP('',(#331,#332));
#993=EDGE_LOOP('',(#333,#334,#335,#336));
#994=EDGE_LOOP('',(#337,#338,#339,#340));
#995=EDGE_LOOP('',(#341,#342));
#996=EDGE_LOOP('',(#343,#344,#345,#346));
#997=EDGE_LOOP('',(#347,#348,#349,#350));
#998=EDGE_LOOP('',(#351,#352));
#999=EDGE_LOOP('',(#353,#354,#355,#356));
#1000=EDGE_LOOP('',(#357,#358,#359,#360));
#1001=EDGE_LOOP('',(#361,#362,#363,#364));
#1002=EDGE_LOOP('',(#365,#366,#367,#368));
#1003=EDGE_LOOP('',(#369,#370,#371,#372,#373,#374,#375,#376));
#1004=EDGE_LOOP('',(#377,#378,#379,#380,#381));
#1005=EDGE_LOOP('',(#382,#383,#384,#385));
#1006=EDGE_LOOP('',(#386,#387,#388,#389,#390));
#1007=EDGE_LOOP('',(#391,#392,#393,#394,#395,#396,#397,#398));
#1008=EDGE_LOOP('',(#399,#400,#401,#402));
#1009=EDGE_LOOP('',(#403,#404,#405));
#1010=EDGE_LOOP('',(#406,#407,#408));
#1011=EDGE_LOOP('',(#409,#410,#411,#412));
#1012=EDGE_LOOP('',(#413,#414,#415,#416,#417));
#1013=EDGE_LOOP('',(#418,#419,#420,#421,#422,#423,#424,#425,#426,#427,#428,
#429,#430,#431,#432,#433,#434,#435,#436,#437,#438,#439,#440,#441,#442,#443,
#444,#445,#446,#447,#448,#449,#450,#451,#452,#453,#454,#455,#456,#457));
#1014=EDGE_LOOP('',(#458,#459,#460,#461));
#1015=EDGE_LOOP('',(#462,#463,#464,#465));
#1016=EDGE_LOOP('',(#466,#467,#468,#469));
#1017=EDGE_LOOP('',(#470,#471,#472,#473,#474));
#1018=EDGE_LOOP('',(#475,#476,#477,#478));
#1019=EDGE_LOOP('',(#479,#480,#481,#482));
#1020=EDGE_LOOP('',(#483,#484,#485,#486));
#1021=EDGE_LOOP('',(#487,#488,#489,#490,#491));
#1022=EDGE_LOOP('',(#492,#493,#494,#495,#496,#497));
#1023=EDGE_LOOP('',(#498,#499,#500,#501,#502,#503,#504,#505,#506,#507,#508,
#509,#510,#511,#512,#513,#514,#515,#516,#517,#518));
#1024=EDGE_LOOP('',(#519));
#1025=EDGE_LOOP('',(#520,#521,#522,#523,#524,#525,#526,#527,#528,#529,#530,
#531));
#1026=EDGE_LOOP('',(#532,#533,#534,#535,#536,#537,#538,#539));
#1027=EDGE_LOOP('',(#540));
#1028=EDGE_LOOP('',(#541));
#1029=EDGE_LOOP('',(#542));
#1030=EDGE_LOOP('',(#543));
#1031=EDGE_LOOP('',(#544));
#1032=EDGE_LOOP('',(#545));
#1033=EDGE_LOOP('',(#546));
#1034=EDGE_LOOP('',(#547));
#1035=EDGE_LOOP('',(#548));
#1036=EDGE_LOOP('',(#549));
#1037=EDGE_LOOP('',(#550));
#1038=EDGE_LOOP('',(#551));
#1039=EDGE_LOOP('',(#552));
#1040=EDGE_LOOP('',(#553));
#1041=EDGE_LOOP('',(#554));
#1042=EDGE_LOOP('',(#555));
#1043=EDGE_LOOP('',(#556));
#1044=FACE_BOUND('',#954,.T.);
#1045=FACE_BOUND('',#955,.T.);
#1046=FACE_BOUND('',#956,.T.);
#1047=FACE_BOUND('',#957,.T.);
#1048=FACE_BOUND('',#958,.T.);
#1049=FACE_BOUND('',#959,.T.);
#1050=FACE_BOUND('',#960,.T.);
#1051=FACE_BOUND('',#961,.T.);
#1052=FACE_BOUND('',#962,.T.);
#1053=FACE_BOUND('',#963,.T.);
#1054=FACE_BOUND('',#964,.T.);
#1055=FACE_BOUND('',#965,.T.);
#1056=FACE_BOUND('',#966,.T.);
#1057=FACE_BOUND('',#967,.T.);
#1058=FACE_BOUND('',#968,.T.);
#1059=FACE_BOUND('',#969,.T.);
#1060=FACE_BOUND('',#970,.T.);
#1061=FACE_BOUND('',#971,.T.);
#1062=FACE_BOUND('',#972,.T.);
#1063=FACE_BOUND('',#973,.T.);
#1064=FACE_BOUND('',#974,.T.);
#1065=FACE_BOUND('',#975,.T.);
#1066=FACE_BOUND('',#976,.T.);
#1067=FACE_BOUND('',#977,.T.);
#1068=FACE_BOUND('',#978,.T.);
#1069=FACE_BOUND('',#979,.T.);
#1070=FACE_BOUND('',#980,.T.);
#1071=FACE_BOUND('',#981,.T.);
#1072=FACE_BOUND('',#982,.T.);
#1073=FACE_BOUND('',#983,.T.);
#1074=FACE_BOUND('',#984,.T.);
#1075=FACE_BOUND('',#985,.T.);
#1076=FACE_BOUND('',#986,.T.);
#1077=FACE_BOUND('',#987,.T.);
#1078=FACE_BOUND('',#988,.T.);
#1079=FACE_BOUND('',#989,.T.);
#1080=FACE_BOUND('',#990,.T.);
#1081=FACE_BOUND('',#991,.T.);
#1082=FACE_BOUND('',#992,.T.);
#1083=FACE_BOUND('',#993,.T.);
#1084=FACE_BOUND('',#994,.T.);
#1085=FACE_BOUND('',#995,.T.);
#1086=FACE_BOUND('',#996,.T.);
#1087=FACE_BOUND('',#997,.T.);
#1088=FACE_BOUND('',#998,.T.);
#1089=FACE_BOUND('',#999,.T.);
#1090=FACE_BOUND('',#1000,.T.);
#1091=FACE_BOUND('',#1001,.T.);
#1092=FACE_BOUND('',#1002,.T.);
#1093=FACE_BOUND('',#1003,.T.);
#1094=FACE_BOUND('',#1004,.T.);
#1095=FACE_BOUND('',#1005,.T.);
#1096=FACE_BOUND('',#1006,.T.);
#1097=FACE_BOUND('',#1007,.T.);
#1098=FACE_BOUND('',#1008,.T.);
#1099=FACE_BOUND('',#1009,.T.);
#1100=FACE_BOUND('',#1010,.T.);
#1101=FACE_BOUND('',#1011,.T.);
#1102=FACE_BOUND('',#1012,.T.);
#1103=FACE_BOUND('',#1013,.T.);
#1104=FACE_BOUND('',#1014,.T.);
#1105=FACE_BOUND('',#1015,.T.);
#1106=FACE_BOUND('',#1016,.T.);
#1107=FACE_BOUND('',#1017,.T.);
#1108=FACE_BOUND('',#1018,.T.);
#1109=FACE_BOUND('',#1019,.T.);
#1110=FACE_BOUND('',#1020,.T.);
#1111=FACE_BOUND('',#1021,.T.);
#1112=FACE_BOUND('',#1022,.T.);
#1113=FACE_BOUND('',#1023,.T.);
#1114=FACE_BOUND('',#1024,.T.);
#1115=FACE_BOUND('',#1025,.T.);
#1116=FACE_BOUND('',#1026,.T.);
#1117=FACE_BOUND('',#1027,.T.);
#1118=FACE_BOUND('',#1028,.T.);
#1119=FACE_BOUND('',#1029,.T.);
#1120=FACE_BOUND('',#1030,.T.);
#1121=FACE_BOUND('',#1031,.T.);
#1122=FACE_BOUND('',#1032,.T.);
#1123=FACE_BOUND('',#1033,.T.);
#1124=FACE_BOUND('',#1034,.T.);
#1125=FACE_BOUND('',#1035,.T.);
#1126=FACE_BOUND('',#1036,.T.);
#1127=FACE_BOUND('',#1037,.T.);
#1128=FACE_BOUND('',#1038,.T.);
#1129=FACE_BOUND('',#1039,.T.);
#1130=FACE_BOUND('',#1040,.T.);
#1131=FACE_BOUND('',#1041,.T.);
#1132=FACE_BOUND('',#1042,.T.);
#1133=FACE_BOUND('',#1043,.T.);
#1134=CYLINDRICAL_SURFACE('',#1263,0.028);
#1135=CYLINDRICAL_SURFACE('',#1266,0.0125);
#1136=CYLINDRICAL_SURFACE('',#1270,0.0028);
#1137=CYLINDRICAL_SURFACE('',#1275,0.004);
#1138=CYLINDRICAL_SURFACE('',#1283,0.004);
#1139=CYLINDRICAL_SURFACE('',#1290,0.004);
#1140=CYLINDRICAL_SURFACE('',#1297,0.004);
#1141=CYLINDRICAL_SURFACE('',#1304,0.004);
#1142=CYLINDRICAL_SURFACE('',#1311,0.004);
#1143=CYLINDRICAL_SURFACE('',#1318,0.004);
#1144=CYLINDRICAL_SURFACE('',#1325,0.004);
#1145=CYLINDRICAL_SURFACE('',#1329,0.03275);
#1146=CYLINDRICAL_SURFACE('',#1331,0.004);
#1147=CYLINDRICAL_SURFACE('',#1334,0.03275);
#1148=CYLINDRICAL_SURFACE('',#1336,0.004);
#1149=CYLINDRICAL_SURFACE('',#1339,0.03275);
#1150=CYLINDRICAL_SURFACE('',#1341,0.004);
#1151=CYLINDRICAL_SURFACE('',#1344,0.03275);
#1152=CYLINDRICAL_SURFACE('',#1346,0.004);
#1153=CYLINDRICAL_SURFACE('',#1349,0.03275);
#1154=CYLINDRICAL_SURFACE('',#1351,0.004);
#1155=CYLINDRICAL_SURFACE('',#1354,0.03275);
#1156=CYLINDRICAL_SURFACE('',#1356,0.004);
#1157=CYLINDRICAL_SURFACE('',#1359,0.03275);
#1158=CYLINDRICAL_SURFACE('',#1361,0.004);
#1159=CYLINDRICAL_SURFACE('',#1364,0.03275);
#1160=CYLINDRICAL_SURFACE('',#1370,0.004);
#1161=CYLINDRICAL_SURFACE('',#1372,0.03275);
#1162=CYLINDRICAL_SURFACE('',#1382,0.0085);
#1163=CYLINDRICAL_SURFACE('',#1384,0.004);
#1164=CYLINDRICAL_SURFACE('',#1389,0.004);
#1165=CYLINDRICAL_SURFACE('',#1397,0.03);
#1166=CYLINDRICAL_SURFACE('',#1398,0.03275);
#1167=CYLINDRICAL_SURFACE('',#1403,0.04875);
#1168=CYLINDRICAL_SURFACE('',#1413,0.0028);
#1169=CYLINDRICAL_SURFACE('',#1416,0.0028);
#1170=CYLINDRICAL_SURFACE('',#1419,0.0028);
#1171=CYLINDRICAL_SURFACE('',#1422,0.0028);
#1172=CYLINDRICAL_SURFACE('',#1423,0.003);
#1173=ADVANCED_FACE('',(#1044,#1045),#1134,.T.);
#1174=ADVANCED_FACE('',(#1046,#1047),#1135,.F.);
#1175=ADVANCED_FACE('',(#1048),#31,.F.);
#1176=ADVANCED_FACE('',(#1049,#1050),#1136,.F.);
#1177=ADVANCED_FACE('',(#1051,#1052),#32,.F.);
#1178=ADVANCED_FACE('',(#1053),#1137,.F.);
#1179=ADVANCED_FACE('',(#1054),#33,.F.);
#1180=ADVANCED_FACE('',(#1055),#1138,.F.);
#1181=ADVANCED_FACE('',(#1056),#34,.F.);
#1182=ADVANCED_FACE('',(#1057),#1139,.F.);
#1183=ADVANCED_FACE('',(#1058),#35,.F.);
#1184=ADVANCED_FACE('',(#1059),#1140,.F.);
#1185=ADVANCED_FACE('',(#1060),#36,.F.);
#1186=ADVANCED_FACE('',(#1061),#1141,.F.);
#1187=ADVANCED_FACE('',(#1062),#37,.F.);
#1188=ADVANCED_FACE('',(#1063),#1142,.F.);
#1189=ADVANCED_FACE('',(#1064),#38,.F.);
#1190=ADVANCED_FACE('',(#1065),#1143,.F.);
#1191=ADVANCED_FACE('',(#1066),#39,.F.);
#1192=ADVANCED_FACE('',(#1067),#1144,.F.);
#1193=ADVANCED_FACE('',(#1068),#21,.F.);
#1194=ADVANCED_FACE('',(#1069),#1145,.F.);
#1195=ADVANCED_FACE('',(#1070),#1146,.F.);
#1196=ADVANCED_FACE('',(#1071),#22,.F.);
#1197=ADVANCED_FACE('',(#1072),#1147,.F.);
#1198=ADVANCED_FACE('',(#1073),#1148,.F.);
#1199=ADVANCED_FACE('',(#1074),#23,.F.);
#1200=ADVANCED_FACE('',(#1075),#1149,.F.);
#1201=ADVANCED_FACE('',(#1076),#1150,.F.);
#1202=ADVANCED_FACE('',(#1077),#24,.F.);
#1203=ADVANCED_FACE('',(#1078),#1151,.F.);
#1204=ADVANCED_FACE('',(#1079),#1152,.F.);
#1205=ADVANCED_FACE('',(#1080),#25,.F.);
#1206=ADVANCED_FACE('',(#1081),#1153,.F.);
#1207=ADVANCED_FACE('',(#1082),#1154,.F.);
#1208=ADVANCED_FACE('',(#1083),#26,.F.);
#1209=ADVANCED_FACE('',(#1084),#1155,.F.);
#1210=ADVANCED_FACE('',(#1085),#1156,.F.);
#1211=ADVANCED_FACE('',(#1086),#27,.F.);
#1212=ADVANCED_FACE('',(#1087),#1157,.F.);
#1213=ADVANCED_FACE('',(#1088),#1158,.F.);
#1214=ADVANCED_FACE('',(#1089),#28,.F.);
#1215=ADVANCED_FACE('',(#1090),#15,.T.);
#1216=ADVANCED_FACE('',(#1091),#1159,.F.);
#1217=ADVANCED_FACE('',(#1092),#40,.F.);
#1218=ADVANCED_FACE('',(#1093),#1160,.F.);
#1219=ADVANCED_FACE('',(#1094),#1161,.F.);
#1220=ADVANCED_FACE('',(#1095),#41,.F.);
#1221=ADVANCED_FACE('',(#1096),#29,.F.);
#1222=ADVANCED_FACE('',(#1097),#16,.T.);
#1223=ADVANCED_FACE('',(#1098),#1162,.F.);
#1224=ADVANCED_FACE('',(#1099),#42,.F.);
#1225=ADVANCED_FACE('',(#1100),#1163,.F.);
#1226=ADVANCED_FACE('',(#1101),#30,.F.);
#1227=ADVANCED_FACE('',(#1102),#1164,.F.);
#1228=ADVANCED_FACE('',(#1103),#17,.T.);
#1229=ADVANCED_FACE('',(#1104),#18,.T.);
#1230=ADVANCED_FACE('',(#1105),#19,.T.);
#1231=ADVANCED_FACE('',(#1106),#20,.T.);
#1232=ADVANCED_FACE('',(#1107),#43,.F.);
#1233=ADVANCED_FACE('',(#1108),#44,.F.);
#1234=ADVANCED_FACE('',(#1109),#1165,.T.);
#1235=ADVANCED_FACE('',(#1110),#1166,.F.);
#1236=ADVANCED_FACE('',(#1111),#13,.T.);
#1237=ADVANCED_FACE('',(#1112),#1167,.T.);
#1238=ADVANCED_FACE('',(#1113),#12,.T.);
#1239=ADVANCED_FACE('',(#1114,#1115),#45,.F.);
#1240=ADVANCED_FACE('',(#1116,#1117,#1118,#1119),#46,.F.);
#1241=ADVANCED_FACE('',(#1120),#47,.F.);
#1242=ADVANCED_FACE('',(#1121,#1122),#1168,.F.);
#1243=ADVANCED_FACE('',(#1123),#48,.F.);
#1244=ADVANCED_FACE('',(#1124,#1125),#1169,.F.);
#1245=ADVANCED_FACE('',(#1126),#49,.F.);
#1246=ADVANCED_FACE('',(#1127,#1128),#1170,.F.);
#1247=ADVANCED_FACE('',(#1129),#50,.F.);
#1248=ADVANCED_FACE('',(#1130,#1131),#1171,.F.);
#1249=ADVANCED_FACE('',(#1132,#1133),#1172,.F.);
#1250=CLOSED_SHELL('',(#1173,#1174,#1175,#1176,#1177,#1178,#1179,#1180,
#1181,#1182,#1183,#1184,#1185,#1186,#1187,#1188,#1189,#1190,#1191,#1192,
#1193,#1194,#1195,#1196,#1197,#1198,#1199,#1200,#1201,#1202,#1203,#1204,
#1205,#1206,#1207,#1208,#1209,#1210,#1211,#1212,#1213,#1214,#1215,#1216,
#1217,#1218,#1219,#1220,#1221,#1222,#1223,#1224,#1225,#1226,#1227,#1228,
#1229,#1230,#1231,#1232,#1233,#1234,#1235,#1236,#1237,#1238,#1239,#1240,
#1241,#1242,#1243,#1244,#1245,#1246,#1247,#1248,#1249));
#1251=STYLED_ITEM('',(#1252),#1259);
#1252=PRESENTATION_STYLE_ASSIGNMENT((#1253));
#1253=SURFACE_STYLE_USAGE(.BOTH.,#1254);
#1254=SURFACE_SIDE_STYLE('',(#1255));
#1255=SURFACE_STYLE_FILL_AREA(#1256);
#1256=FILL_AREA_STYLE('',(#1257));
#1257=FILL_AREA_STYLE_COLOUR('',#1258);
#1258=COLOUR_RGB('',0.972549019607843,0.529411764705882,0.00392156862745098);
#1259=MANIFOLD_SOLID_BREP('motor_mount_bottom',#1250);
#1260=SHAPE_DEFINITION_REPRESENTATION(#3299,#1261);
#1261=SHAPE_REPRESENTATION('motor_mount_bottom',(#1262),#3294);
#1262=AXIS2_PLACEMENT_3D('',#1786,#1424,#1425);
#1263=AXIS2_PLACEMENT_3D('',#1787,#1426,#1427);
#1264=AXIS2_PLACEMENT_3D('',#1788,#1428,#1429);
#1265=AXIS2_PLACEMENT_3D('',#1793,#1431,#1432);
#1266=AXIS2_PLACEMENT_3D('',#1808,#1434,#1435);
#1267=AXIS2_PLACEMENT_3D('',#1812,#1437,#1438);
#1268=AXIS2_PLACEMENT_3D('',#1848,#1440,#1441);
#1269=AXIS2_PLACEMENT_3D('',#1849,#1442,#1443);
#1270=AXIS2_PLACEMENT_3D('',#1851,#1444,#1445);
#1271=AXIS2_PLACEMENT_3D('',#1852,#1446,#1447);
#1272=AXIS2_PLACEMENT_3D('',#1854,#1448,#1449);
#1273=AXIS2_PLACEMENT_3D('',#1860,#1453,#1454);
#1274=AXIS2_PLACEMENT_3D('',#1868,#1458,#1459);
#1275=AXIS2_PLACEMENT_3D('',#1874,#1460,#1461);
#1276=AXIS2_PLACEMENT_3D('',#1875,#1462,#1463);
#1277=AXIS2_PLACEMENT_3D('',#1880,#1465,#1466);
#1278=AXIS2_PLACEMENT_3D('',#1884,#1468,#1469);
#1279=AXIS2_PLACEMENT_3D('',#1897,#1470,#1471);
#1280=AXIS2_PLACEMENT_3D('',#1898,#1472,#1473);
#1281=AXIS2_PLACEMENT_3D('',#1900,#1474,#1475);
#1282=AXIS2_PLACEMENT_3D('',#1902,#1476,#1477);
#1283=AXIS2_PLACEMENT_3D('',#1903,#1478,#1479);
#1284=AXIS2_PLACEMENT_3D('',#1904,#1480,#1481);
#1285=AXIS2_PLACEMENT_3D('',#1909,#1483,#1484);
#1286=AXIS2_PLACEMENT_3D('',#1923,#1486,#1487);
#1287=AXIS2_PLACEMENT_3D('',#1924,#1488,#1489);
#1288=AXIS2_PLACEMENT_3D('',#1926,#1490,#1491);
#1289=AXIS2_PLACEMENT_3D('',#1928,#1492,#1493);
#1290=AXIS2_PLACEMENT_3D('',#1929,#1494,#1495);
#1291=AXIS2_PLACEMENT_3D('',#1930,#1496,#1497);
#1292=AXIS2_PLACEMENT_3D('',#1935,#1499,#1500);
#1293=AXIS2_PLACEMENT_3D('',#1949,#1502,#1503);
#1294=AXIS2_PLACEMENT_3D('',#1950,#1504,#1505);
#1295=AXIS2_PLACEMENT_3D('',#1952,#1506,#1507);
#1296=AXIS2_PLACEMENT_3D('',#1954,#1508,#1509);
#1297=AXIS2_PLACEMENT_3D('',#1955,#1510,#1511);
#1298=AXIS2_PLACEMENT_3D('',#1956,#1512,#1513);
#1299=AXIS2_PLACEMENT_3D('',#1961,#1515,#1516);
#1300=AXIS2_PLACEMENT_3D('',#1975,#1518,#1519);
#1301=AXIS2_PLACEMENT_3D('',#1976,#1520,#1521);
#1302=AXIS2_PLACEMENT_3D('',#1978,#1522,#1523);
#1303=AXIS2_PLACEMENT_3D('',#1980,#1524,#1525);
#1304=AXIS2_PLACEMENT_3D('',#1981,#1526,#1527);
#1305=AXIS2_PLACEMENT_3D('',#1982,#1528,#1529);
#1306=AXIS2_PLACEMENT_3D('',#1987,#1531,#1532);
#1307=AXIS2_PLACEMENT_3D('',#2001,#1534,#1535);
#1308=AXIS2_PLACEMENT_3D('',#2002,#1536,#1537);
#1309=AXIS2_PLACEMENT_3D('',#2004,#1538,#1539);
#1310=AXIS2_PLACEMENT_3D('',#2006,#1540,#1541);
#1311=AXIS2_PLACEMENT_3D('',#2007,#1542,#1543);
#1312=AXIS2_PLACEMENT_3D('',#2008,#1544,#1545);
#1313=AXIS2_PLACEMENT_3D('',#2013,#1547,#1548);
#1314=AXIS2_PLACEMENT_3D('',#2027,#1550,#1551);
#1315=AXIS2_PLACEMENT_3D('',#2028,#1552,#1553);
#1316=AXIS2_PLACEMENT_3D('',#2030,#1554,#1555);
#1317=AXIS2_PLACEMENT_3D('',#2032,#1556,#1557);
#1318=AXIS2_PLACEMENT_3D('',#2033,#1558,#1559);
#1319=AXIS2_PLACEMENT_3D('',#2034,#1560,#1561);
#1320=AXIS2_PLACEMENT_3D('',#2039,#1563,#1564);
#1321=AXIS2_PLACEMENT_3D('',#2053,#1566,#1567);
#1322=AXIS2_PLACEMENT_3D('',#2054,#1568,#1569);
#1323=AXIS2_PLACEMENT_3D('',#2056,#1570,#1571);
#1324=AXIS2_PLACEMENT_3D('',#2058,#1572,#1573);
#1325=AXIS2_PLACEMENT_3D('',#2059,#1574,#1575);
#1326=AXIS2_PLACEMENT_3D('',#2060,#1576,#1577);
#1327=AXIS2_PLACEMENT_3D('',#2093,#1578,#1579);
#1328=AXIS2_PLACEMENT_3D('',#2108,#1580,#1581);
#1329=AXIS2_PLACEMENT_3D('',#2109,#1582,#1583);
#1330=AXIS2_PLACEMENT_3D('',#2111,#1585,#1586);
#1331=AXIS2_PLACEMENT_3D('',#2112,#1587,#1588);
#1332=AXIS2_PLACEMENT_3D('',#2113,#1589,#1590);
#1333=AXIS2_PLACEMENT_3D('',#2146,#1591,#1592);
#1334=AXIS2_PLACEMENT_3D('',#2159,#1593,#1594);
#1335=AXIS2_PLACEMENT_3D('',#2160,#1595,#1596);
#1336=AXIS2_PLACEMENT_3D('',#2161,#1597,#1598);
#1337=AXIS2_PLACEMENT_3D('',#2162,#1599,#1600);
#1338=AXIS2_PLACEMENT_3D('',#2195,#1601,#1602);
#1339=AXIS2_PLACEMENT_3D('',#2208,#1603,#1604);
#1340=AXIS2_PLACEMENT_3D('',#2209,#1605,#1606);
#1341=AXIS2_PLACEMENT_3D('',#2210,#1607,#1608);
#1342=AXIS2_PLACEMENT_3D('',#2211,#1609,#1610);
#1343=AXIS2_PLACEMENT_3D('',#2244,#1611,#1612);
#1344=AXIS2_PLACEMENT_3D('',#2257,#1613,#1614);
#1345=AXIS2_PLACEMENT_3D('',#2258,#1615,#1616);
#1346=AXIS2_PLACEMENT_3D('',#2259,#1617,#1618);
#1347=AXIS2_PLACEMENT_3D('',#2260,#1619,#1620);
#1348=AXIS2_PLACEMENT_3D('',#2293,#1621,#1622);
#1349=AXIS2_PLACEMENT_3D('',#2306,#1623,#1624);
#1350=AXIS2_PLACEMENT_3D('',#2307,#1625,#1626);
#1351=AXIS2_PLACEMENT_3D('',#2308,#1627,#1628);
#1352=AXIS2_PLACEMENT_3D('',#2309,#1629,#1630);
#1353=AXIS2_PLACEMENT_3D('',#2342,#1631,#1632);
#1354=AXIS2_PLACEMENT_3D('',#2355,#1633,#1634);
#1355=AXIS2_PLACEMENT_3D('',#2356,#1635,#1636);
#1356=AXIS2_PLACEMENT_3D('',#2357,#1637,#1638);
#1357=AXIS2_PLACEMENT_3D('',#2358,#1639,#1640);
#1358=AXIS2_PLACEMENT_3D('',#2391,#1641,#1642);
#1359=AXIS2_PLACEMENT_3D('',#2404,#1643,#1644);
#1360=AXIS2_PLACEMENT_3D('',#2405,#1645,#1646);
#1361=AXIS2_PLACEMENT_3D('',#2406,#1647,#1648);
#1362=AXIS2_PLACEMENT_3D('',#2407,#1649,#1650);
#1363=AXIS2_PLACEMENT_3D('',#2440,#1651,#1652);
#1364=AXIS2_PLACEMENT_3D('',#2752,#1653,#1654);
#1365=AXIS2_PLACEMENT_3D('',#2753,#1655,#1656);
#1366=AXIS2_PLACEMENT_3D('',#2755,#1657,#1658);
#1367=AXIS2_PLACEMENT_3D('',#2758,#1660,#1661);
#1368=AXIS2_PLACEMENT_3D('',#2759,#1662,#1663);
#1369=AXIS2_PLACEMENT_3D('',#2761,#1664,#1665);
#1370=AXIS2_PLACEMENT_3D('',#2762,#1666,#1667);
#1371=AXIS2_PLACEMENT_3D('',#2792,#1670,#1671);
#1372=AXIS2_PLACEMENT_3D('',#2793,#1672,#1673);
#1373=AXIS2_PLACEMENT_3D('',#2806,#1675,#1676);
#1374=AXIS2_PLACEMENT_3D('',#2807,#1677,#1678);
#1375=AXIS2_PLACEMENT_3D('',#2808,#1679,#1680);
#1376=AXIS2_PLACEMENT_3D('',#2809,#1681,#1682);
#1377=AXIS2_PLACEMENT_3D('',#2810,#1683,#1684);
#1378=AXIS2_PLACEMENT_3D('',#2811,#1685,#1686);
#1379=AXIS2_PLACEMENT_3D('',#2813,#1687,#1688);
#1380=AXIS2_PLACEMENT_3D('',#2815,#1689,#1690);
#1381=AXIS2_PLACEMENT_3D('',#2897,#1691,#1692);
#1382=AXIS2_PLACEMENT_3D('',#2927,#1693,#1694);
#1383=AXIS2_PLACEMENT_3D('',#2929,#1696,#1697);
#1384=AXIS2_PLACEMENT_3D('',#2936,#1699,#1700);
#1385=AXIS2_PLACEMENT_3D('',#2956,#1702,#1703);
#1386=AXIS2_PLACEMENT_3D('',#2957,#1704,#1705);
#1387=AXIS2_PLACEMENT_3D('',#2958,#1706,#1707);
#1388=AXIS2_PLACEMENT_3D('',#2960,#1708,#1709);
#1389=AXIS2_PLACEMENT_3D('',#2967,#1710,#1711);
#1390=AXIS2_PLACEMENT_3D('',#3004,#1713,#1714);
#1391=AXIS2_PLACEMENT_3D('',#3049,#1715,#1716);
#1392=AXIS2_PLACEMENT_3D('',#3051,#1717,#1718);
#1393=AXIS2_PLACEMENT_3D('',#3247,#1719,#1720);
#1394=AXIS2_PLACEMENT_3D('',#3248,#1721,#1722);
#1395=AXIS2_PLACEMENT_3D('',#3250,#1724,#1725);
#1396=AXIS2_PLACEMENT_3D('',#3251,#1726,#1727);
#1397=AXIS2_PLACEMENT_3D('',#3253,#1729,#1730);
#1398=AXIS2_PLACEMENT_3D('',#3254,#1731,#1732);
#1399=AXIS2_PLACEMENT_3D('',#3255,#1733,#1734);
#1400=AXIS2_PLACEMENT_3D('',#3256,#1735,#1736);
#1401=AXIS2_PLACEMENT_3D('',#3258,#1737,#1738);
#1402=AXIS2_PLACEMENT_3D('',#3260,#1739,#1740);
#1403=AXIS2_PLACEMENT_3D('',#3261,#1741,#1742);
#1404=AXIS2_PLACEMENT_3D('',#3264,#1745,#1746);
#1405=AXIS2_PLACEMENT_3D('',#3266,#1748,#1749);
#1406=AXIS2_PLACEMENT_3D('',#3267,#1750,#1751);
#1407=AXIS2_PLACEMENT_3D('',#3269,#1752,#1753);
#1408=AXIS2_PLACEMENT_3D('',#3270,#1754,#1755);
#1409=AXIS2_PLACEMENT_3D('',#3272,#1756,#1757);
#1410=AXIS2_PLACEMENT_3D('',#3274,#1758,#1759);
#1411=AXIS2_PLACEMENT_3D('',#3276,#1760,#1761);
#1412=AXIS2_PLACEMENT_3D('',#3277,#1762,#1763);
#1413=AXIS2_PLACEMENT_3D('',#3279,#1764,#1765);
#1414=AXIS2_PLACEMENT_3D('',#3280,#1766,#1767);
#1415=AXIS2_PLACEMENT_3D('',#3281,#1768,#1769);
#1416=AXIS2_PLACEMENT_3D('',#3283,#1770,#1771);
#1417=AXIS2_PLACEMENT_3D('',#3284,#1772,#1773);
#1418=AXIS2_PLACEMENT_3D('',#3285,#1774,#1775);
#1419=AXIS2_PLACEMENT_3D('',#3287,#1776,#1777);
#1420=AXIS2_PLACEMENT_3D('',#3288,#1778,#1779);
#1421=AXIS2_PLACEMENT_3D('',#3289,#1780,#1781);
#1422=AXIS2_PLACEMENT_3D('',#3291,#1782,#1783);
#1423=AXIS2_PLACEMENT_3D('',#3292,#1784,#1785);
#1424=DIRECTION('',(0.,0.,1.));
#1425=DIRECTION('',(1.,0.,0.));
#1426=DIRECTION('',(-0.707106781186548,-0.707106781186548,0.));
#1427=DIRECTION('',(0.707106781186548,-0.707106781186548,0.));
#1428=DIRECTION('',(-0.707106781186548,-0.707106781186548,0.));
#1429=DIRECTION('',(0.707106781186548,-0.707106781186548,0.));
#1430=DIRECTION('',(-0.707106781186548,-0.707106781186548,0.));
#1431=DIRECTION('',(-0.707106781186548,-0.707106781186548,0.));
#1432=DIRECTION('',(0.707106781186548,-0.707106781186548,0.));
#1433=DIRECTION('',(-0.707106781186548,-0.707106781186548,0.));
#1434=DIRECTION('',(-0.707106781186548,-0.707106781186548,0.));
#1435=DIRECTION('',(0.707106781186548,-0.707106781186548,0.));
#1436=DIRECTION('',(-0.707106781186548,-0.707106781186548,0.));
#1437=DIRECTION('',(-0.707106781186548,-0.707106781186548,0.));
#1438=DIRECTION('',(0.707106781186548,-0.707106781186548,0.));
#1439=DIRECTION('',(-0.707106781186548,-0.707106781186548,0.));
#1440=DIRECTION('',(0.,0.,1.));
#1441=DIRECTION('',(1.,0.,0.));
#1442=DIRECTION('',(0.,0.,1.));
#1443=DIRECTION('',(1.,0.,0.));
#1444=DIRECTION('',(0.,0.,-1.));
#1445=DIRECTION('',(-1.,0.,0.));
#1446=DIRECTION('',(0.,0.,1.));
#1447=DIRECTION('',(1.,0.,0.));
#1448=DIRECTION('',(0.,0.,1.));
#1449=DIRECTION('',(1.,0.,0.));
#1450=DIRECTION('',(-0.707106781186548,-0.707106781186548,0.));
#1451=DIRECTION('',(-0.707106781186548,0.707106781186548,0.));
#1452=DIRECTION('',(-0.707106781186548,0.707106781186548,0.));
#1453=DIRECTION('',(0.,0.,1.));
#1454=DIRECTION('',(1.,0.,0.));
#1455=DIRECTION('',(-1.,0.,0.));
#1456=DIRECTION('',(0.,-1.,0.));
#1457=DIRECTION('',(-0.900768681368895,-0.434299185660003,0.));
#1458=DIRECTION('',(0.,0.,1.));
#1459=DIRECTION('',(1.,0.,0.));
#1460=DIRECTION('',(1.,0.,0.));
#1461=DIRECTION('',(0.,-0.329690645262788,-0.944089020392784));
#1462=DIRECTION('',(-1.,0.,0.));
#1463=DIRECTION('',(0.,0.329690645262788,0.944089020392784));
#1464=DIRECTION('',(1.,0.,0.));
#1465=DIRECTION('',(-1.,0.,0.));
#1466=DIRECTION('',(0.,0.329690645262788,0.944089020392784));
#1467=DIRECTION('',(1.,0.,0.));
#1468=DIRECTION('',(-1.,0.,0.));
#1469=DIRECTION('',(0.,0.329690645262788,0.944089020392784));
#1470=DIRECTION('',(1.,0.,0.));
#1471=DIRECTION('',(0.,0.,-1.));
#1472=DIRECTION('',(1.,0.,0.));
#1473=DIRECTION('',(0.,0.,-1.));
#1474=DIRECTION('',(1.,0.,0.));
#1475=DIRECTION('',(0.,0.,-1.));
#1476=DIRECTION('',(-1.,0.,0.));
#1477=DIRECTION('',(0.,0.62251463663762,0.782608156852414));
#1478=DIRECTION('',(1.,0.,0.));
#1479=DIRECTION('',(0.,-0.62251463663762,-0.782608156852414));
#1480=DIRECTION('',(-1.,0.,0.));
#1481=DIRECTION('',(0.,0.62251463663762,0.782608156852414));
#1482=DIRECTION('',(1.,0.,0.));
#1483=DIRECTION('',(-1.,0.,0.));
#1484=DIRECTION('',(0.,0.62251463663762,0.782608156852414));
#1485=DIRECTION('',(1.,0.,0.));
#1486=DIRECTION('',(1.,0.,0.));
#1487=DIRECTION('',(0.,0.,-1.));
#1488=DIRECTION('',(1.,0.,0.));
#1489=DIRECTION('',(0.,0.,-1.));
#1490=DIRECTION('',(1.,0.,0.));
#1491=DIRECTION('',(0.,0.,-1.));
#1492=DIRECTION('',(-1.,0.,0.));
#1493=DIRECTION('',(0.,0.845727821703973,0.533614515915612));
#1494=DIRECTION('',(1.,0.,0.));
#1495=DIRECTION('',(0.,-0.845727821703973,-0.533614515915612));
#1496=DIRECTION('',(-1.,0.,0.));
#1497=DIRECTION('',(0.,0.845727821703973,0.533614515915612));
#1498=DIRECTION('',(1.,0.,0.));
#1499=DIRECTION('',(-1.,0.,0.));
#1500=DIRECTION('',(0.,0.845727821703973,0.533614515915612));
#1501=DIRECTION('',(1.,0.,0.));
#1502=DIRECTION('',(1.,0.,0.));
#1503=DIRECTION('',(0.,0.,-1.));
#1504=DIRECTION('',(1.,0.,0.));
#1505=DIRECTION('',(0.,0.,-1.));
#1506=DIRECTION('',(1.,0.,0.));
#1507=DIRECTION('',(0.,0.,-1.));
#1508=DIRECTION('',(-1.,0.,0.));
#1509=DIRECTION('',(0.,0.974370064785235,0.224951054343865));
#1510=DIRECTION('',(1.,0.,0.));
#1511=DIRECTION('',(0.,-0.974370064785235,-0.224951054343865));
#1512=DIRECTION('',(-1.,0.,0.));
#1513=DIRECTION('',(0.,0.974370064785235,0.224951054343865));
#1514=DIRECTION('',(1.,0.,0.));
#1515=DIRECTION('',(-1.,0.,0.));
#1516=DIRECTION('',(0.,0.974370064785235,0.224951054343865));
#1517=DIRECTION('',(1.,0.,0.));
#1518=DIRECTION('',(1.,0.,0.));
#1519=DIRECTION('',(0.,0.,-1.));
#1520=DIRECTION('',(1.,0.,0.));
#1521=DIRECTION('',(0.,0.,-1.));
#1522=DIRECTION('',(1.,0.,0.));
#1523=DIRECTION('',(0.,0.,-1.));
#1524=DIRECTION('',(-1.,0.,0.));
#1525=DIRECTION('',(0.,0.99405633822232,-0.108866874851965));
#1526=DIRECTION('',(1.,0.,0.));
#1527=DIRECTION('',(0.,-0.99405633822232,0.108866874851965));
#1528=DIRECTION('',(-1.,0.,0.));
#1529=DIRECTION('',(0.,0.99405633822232,-0.108866874851965));
#1530=DIRECTION('',(1.,0.,0.));
#1531=DIRECTION('',(-1.,0.,0.));
#1532=DIRECTION('',(0.,0.99405633822232,-0.108866874851965));
#1533=DIRECTION('',(1.,0.,0.));
#1534=DIRECTION('',(1.,0.,0.));
#1535=DIRECTION('',(0.,0.,-1.));
#1536=DIRECTION('',(1.,0.,0.));
#1537=DIRECTION('',(0.,0.,-1.));
#1538=DIRECTION('',(1.,0.,0.));
#1539=DIRECTION('',(0.,0.,-1.));
#1540=DIRECTION('',(-1.,0.,0.));
#1541=DIRECTION('',(0.,0.902585284349861,-0.430511096808295));
#1542=DIRECTION('',(1.,0.,0.));
#1543=DIRECTION('',(0.,-0.902585284349861,0.430511096808295));
#1544=DIRECTION('',(-1.,0.,0.));
#1545=DIRECTION('',(0.,0.902585284349861,-0.430511096808295));
#1546=DIRECTION('',(1.,0.,0.));
#1547=DIRECTION('',(-1.,0.,0.));
#1548=DIRECTION('',(0.,0.902585284349861,-0.430511096808295));
#1549=DIRECTION('',(1.,0.,0.));
#1550=DIRECTION('',(1.,0.,0.));
#1551=DIRECTION('',(0.,0.,-1.));
#1552=DIRECTION('',(1.,0.,0.));
#1553=DIRECTION('',(0.,0.,-1.));
#1554=DIRECTION('',(1.,0.,0.));
#1555=DIRECTION('',(0.,0.,-1.));
#1556=DIRECTION('',(-1.,0.,0.));
#1557=DIRECTION('',(0.,0.710185375623285,-0.704014724455969));
#1558=DIRECTION('',(1.,0.,0.));
#1559=DIRECTION('',(0.,-0.710185375623285,0.704014724455969));
#1560=DIRECTION('',(-1.,0.,0.));
#1561=DIRECTION('',(0.,0.710185375623285,-0.704014724455969));
#1562=DIRECTION('',(1.,0.,0.));
#1563=DIRECTION('',(-1.,0.,0.));
#1564=DIRECTION('',(0.,0.710185375623285,-0.704014724455969));
#1565=DIRECTION('',(1.,0.,0.));
#1566=DIRECTION('',(1.,0.,0.));
#1567=DIRECTION('',(0.,0.,-1.));
#1568=DIRECTION('',(1.,0.,0.));
#1569=DIRECTION('',(0.,0.,-1.));
#1570=DIRECTION('',(1.,0.,0.));
#1571=DIRECTION('',(0.,0.,-1.));
#1572=DIRECTION('',(-1.,0.,0.));
#1573=DIRECTION('',(0.,0.438371146789078,-0.898794046299167));
#1574=DIRECTION('',(0.345556793319366,-0.843426389963485,-0.41136653644165));
#1575=DIRECTION('',(-0.938397838121357,-0.310584388493678,-0.151482127768167));
#1576=DIRECTION('',(-0.345556793319366,0.843426389963485,0.41136653644165));
#1577=DIRECTION('',(0.,0.438371146789078,-0.898794046299167));
#1578=DIRECTION('',(0.,0.438371146789078,-0.898794046299167));
#1579=DIRECTION('',(1.,0.,0.));
#1580=DIRECTION('',(-1.,0.,0.));
#1581=DIRECTION('',(0.,0.438371146789078,-0.898794046299167));
#1582=DIRECTION('',(-1.,0.,0.));
#1583=DIRECTION('',(0.,0.,1.));
#1584=DIRECTION('',(1.,0.,0.));
#1585=DIRECTION('',(1.,0.,0.));
#1586=DIRECTION('',(0.,0.,-1.));
#1587=DIRECTION('',(0.345556793319366,-0.660645895435084,-0.666436421150295));
#1588=DIRECTION('',(-0.938397838121357,-0.243277070632622,-0.245409381062692));
#1589=DIRECTION('',(-0.345556793319366,0.660645895435084,0.666436421150295));
#1590=DIRECTION('',(0.,0.710185375623285,-0.704014724455969));
#1591=DIRECTION('',(0.,0.710185375623285,-0.704014724455969));
#1592=DIRECTION('',(1.,0.,0.));
#1593=DIRECTION('',(-1.,0.,0.));
#1594=DIRECTION('',(0.,0.,1.));
#1595=DIRECTION('',(1.,0.,0.));
#1596=DIRECTION('',(0.,0.,-1.));
#1597=DIRECTION('',(0.345556793319366,-0.403990682532158,-0.84698407955406));
#1598=DIRECTION('',(-0.938397838121357,-0.148766034101478,-0.311894476557186));
#1599=DIRECTION('',(-0.345556793319366,0.403990682532158,0.84698407955406));
#1600=DIRECTION('',(0.,0.902585284349861,-0.430511096808295));
#1601=DIRECTION('',(0.,0.902585284349861,-0.430511096808295));
#1602=DIRECTION('',(1.,0.,0.));
#1603=DIRECTION('',(-1.,0.,0.));
#1604=DIRECTION('',(0.,0.,1.));
#1605=DIRECTION('',(1.,0.,0.));
#1606=DIRECTION('',(0.,0.,-1.));
#1607=DIRECTION('',(0.345556793319366,-0.102160440004112,-0.932820318758657));
#1608=DIRECTION('',(-0.938397838121357,-0.0376196881725456,-0.343502920614897));
#1609=DIRECTION('',(-0.345556793319366,0.102160440004112,0.932820318758657));
#1610=DIRECTION('',(0.,0.99405633822232,-0.108866874851965));
#1611=DIRECTION('',(0.,0.99405633822232,-0.108866874851965));
#1612=DIRECTION('',(1.,0.,0.));
#1613=DIRECTION('',(-1.,0.,0.));
#1614=DIRECTION('',(0.,0.,1.));
#1615=DIRECTION('',(1.,0.,0.));
#1616=DIRECTION('',(0.,0.,-1.));
#1617=DIRECTION('',(0.345556793319366,0.211093583079403,-0.914346762324632));
#1618=DIRECTION('',(-0.938397838121357,0.0777333649928765,-0.336700195093569));
#1619=DIRECTION('',(-0.345556793319366,-0.211093583079403,0.914346762324632));
#1620=DIRECTION('',(0.,0.974370064785235,0.224951054343865));
#1621=DIRECTION('',(0.,0.974370064785235,0.224951054343865));
#1622=DIRECTION('',(1.,0.,0.));
#1623=DIRECTION('',(-1.,0.,0.));
#1624=DIRECTION('',(0.,0.,1.));
#1625=DIRECTION('',(1.,0.,0.));
#1626=DIRECTION('',(0.,0.,-1.));
#1627=DIRECTION('',(0.345556793319366,0.500742708125384,-0.793629159526093));
#1628=DIRECTION('',(-0.938397838121357,0.184394120988465,-0.292246994088998));
#1629=DIRECTION('',(-0.345556793319366,-0.500742708125384,0.793629159526093));
#1630=DIRECTION('',(0.,0.845727821703973,0.533614515915612));
#1631=DIRECTION('',(0.,0.845727821703973,0.533614515915612));
#1632=DIRECTION('',(1.,0.,0.));
#1633=DIRECTION('',(-1.,0.,0.));
#1634=DIRECTION('',(0.,0.,1.));
#1635=DIRECTION('',(1.,0.,0.));
#1636=DIRECTION('',(0.,0.,-1.));
#1637=DIRECTION('',(0.345556793319366,0.734397802486445,-0.584166389219644));
#1638=DIRECTION('',(-0.938397838121357,0.2704355651075,-0.215114161630866));
#1639=DIRECTION('',(-0.345556793319366,-0.734397802486445,0.584166389219644));
#1640=DIRECTION('',(0.,0.62251463663762,0.782608156852414));
#1641=DIRECTION('',(0.,0.62251463663762,0.782608156852414));
#1642=DIRECTION('',(1.,0.,0.));
#1643=DIRECTION('',(-1.,0.,0.));
#1644=DIRECTION('',(0.,0.,1.));
#1645=DIRECTION('',(1.,0.,0.));
#1646=DIRECTION('',(0.,0.,-1.));
#1647=DIRECTION('',(0.345556793319366,0.885931095730699,-0.309380988763435));
#1648=DIRECTION('',(-0.938397838121357,0.326236374494953,-0.113926842164402));
#1649=DIRECTION('',(-0.345556793319366,-0.885931095730699,0.309380988763435));
#1650=DIRECTION('',(0.,0.329690645262788,0.944089020392784));
#1651=DIRECTION('',(0.,0.329690645262788,0.944089020392784));
#1652=DIRECTION('',(1.,0.,0.));
#1653=DIRECTION('',(-1.,0.,0.));
#1654=DIRECTION('',(0.,0.,1.));
#1655=DIRECTION('',(1.,0.,0.));
#1656=DIRECTION('',(0.,0.,-1.));
#1657=DIRECTION('',(1.,0.,0.));
#1658=DIRECTION('',(0.,0.,-1.));
#1659=DIRECTION('',(1.,0.,0.));
#1660=DIRECTION('',(1.,0.,0.));
#1661=DIRECTION('',(0.,0.,-1.));
#1662=DIRECTION('',(1.,0.,0.));
#1663=DIRECTION('',(0.,0.,-1.));
#1664=DIRECTION('',(-1.,0.,0.));
#1665=DIRECTION('',(0.,0.,1.));
#1666=DIRECTION('',(1.,0.,0.));
#1667=DIRECTION('',(0.,-0.438371146789078,0.898794046299167));
#1668=DIRECTION('',(1.,0.,0.));
#1669=DIRECTION('',(1.,0.,0.));
#1670=DIRECTION('',(-1.,0.,0.));
#1671=DIRECTION('',(0.,0.438371146789078,-0.898794046299167));
#1672=DIRECTION('',(-1.,0.,0.));
#1673=DIRECTION('',(0.,0.,1.));
#1674=DIRECTION('',(1.,0.,0.));
#1675=DIRECTION('',(1.,0.,0.));
#1676=DIRECTION('',(0.,0.,-1.));
#1677=DIRECTION('',(1.,0.,0.));
#1678=DIRECTION('',(0.,0.,-1.));
#1679=DIRECTION('',(1.,0.,0.));
#1680=DIRECTION('',(0.,0.,-1.));
#1681=DIRECTION('',(1.,0.,0.));
#1682=DIRECTION('',(0.,0.,-1.));
#1683=DIRECTION('',(0.,0.,-1.));
#1684=DIRECTION('',(-1.,0.,0.));
#1685=DIRECTION('',(1.,0.,0.));
#1686=DIRECTION('',(0.,0.,-1.));
#1687=DIRECTION('',(0.,0.,1.));
#1688=DIRECTION('',(1.,0.,0.));
#1689=DIRECTION('',(-0.0321094877208484,-0.999484357455536,0.));
#1690=DIRECTION('',(0.,0.,-1.));
#1691=DIRECTION('',(0.,0.,1.));
#1692=DIRECTION('',(1.,0.,0.));
#1693=DIRECTION('',(1.,0.,0.));
#1694=DIRECTION('',(0.,0.,-1.));
#1695=DIRECTION('',(1.,0.,0.));
#1696=DIRECTION('',(-0.0321094877208484,-0.999484357455536,0.));
#1697=DIRECTION('',(0.999484357455536,-0.0321094877208484,0.));
#1698=DIRECTION('',(-0.999484357455536,0.0321094877208484,0.));
#1699=DIRECTION('',(0.345556793319366,0.938397838121357,0.));
#1700=DIRECTION('',(-0.938397838121357,0.345556793319366,0.));
#1701=DIRECTION('',(0.345556793319366,0.938397838121357,0.));
#1702=DIRECTION('',(-0.345556793319366,-0.938397838121357,0.));
#1703=DIRECTION('',(0.,0.,1.));
#1704=DIRECTION('',(0.,0.,1.));
#1705=DIRECTION('',(1.,0.,0.));
#1706=DIRECTION('',(0.,0.,1.));
#1707=DIRECTION('',(1.,0.,0.));
#1708=DIRECTION('',(-1.,0.,0.));
#1709=DIRECTION('',(0.,0.,1.));
#1710=DIRECTION('',(1.,0.,0.));
#1711=DIRECTION('',(0.,0.,-1.));
#1712=DIRECTION('',(1.,0.,0.));
#1713=DIRECTION('',(1.,0.,0.));
#1714=DIRECTION('',(0.,0.,-1.));
#1715=DIRECTION('',(0.,0.,1.));
#1716=DIRECTION('',(1.,0.,0.));
#1717=DIRECTION('',(1.,0.,0.));
#1718=DIRECTION('',(0.,0.,-1.));
#1719=DIRECTION('',(-0.707106781186548,-0.707106781186548,0.));
#1720=DIRECTION('',(0.707106781186548,-0.707106781186548,0.));
#1721=DIRECTION('',(-0.707106781186548,-0.707106781186548,0.));
#1722=DIRECTION('',(0.707106781186548,-0.707106781186548,0.));
#1723=DIRECTION('',(-0.707106781186548,0.707106781186548,0.));
#1724=DIRECTION('',(-0.707106781186548,-0.707106781186548,0.));
#1725=DIRECTION('',(0.707106781186548,-0.707106781186548,0.));
#1726=DIRECTION('',(-0.707106781186548,-0.707106781186548,0.));
#1727=DIRECTION('',(0.707106781186548,-0.707106781186548,0.));
#1728=DIRECTION('',(-0.707106781186548,0.707106781186548,0.));
#1729=DIRECTION('',(-0.707106781186548,-0.707106781186548,0.));
#1730=DIRECTION('',(0.707106781186548,-0.707106781186548,0.));
#1731=DIRECTION('',(-1.,0.,0.));
#1732=DIRECTION('',(0.,0.,1.));
#1733=DIRECTION('',(-1.,0.,0.));
#1734=DIRECTION('',(0.,0.,1.));
#1735=DIRECTION('',(1.,0.,0.));
#1736=DIRECTION('',(0.,0.,-1.));
#1737=DIRECTION('',(0.,0.,1.));
#1738=DIRECTION('',(1.,0.,0.));
#1739=DIRECTION('',(-1.,0.,0.));
#1740=DIRECTION('',(0.,0.,1.));
#1741=DIRECTION('',(1.,0.,0.));
#1742=DIRECTION('',(0.,0.,-1.));
#1743=DIRECTION('',(1.,0.,0.));
#1744=DIRECTION('',(1.,0.,0.));
#1745=DIRECTION('',(1.,0.,0.));
#1746=DIRECTION('',(0.,0.,-1.));
#1747=DIRECTION('',(0.900768681368895,-0.434299185660003,0.));
#1748=DIRECTION('',(0.,0.,1.));
#1749=DIRECTION('',(1.,0.,0.));
#1750=DIRECTION('',(0.,0.,1.));
#1751=DIRECTION('',(1.,0.,0.));
#1752=DIRECTION('',(0.,0.,1.));
#1753=DIRECTION('',(1.,0.,0.));
#1754=DIRECTION('',(0.,0.,1.));
#1755=DIRECTION('',(1.,0.,0.));
#1756=DIRECTION('',(0.,0.,1.));
#1757=DIRECTION('',(1.,0.,0.));
#1758=DIRECTION('',(0.,0.,1.));
#1759=DIRECTION('',(1.,0.,0.));
#1760=DIRECTION('',(0.,0.,1.));
#1761=DIRECTION('',(1.,0.,0.));
#1762=DIRECTION('',(0.,0.,1.));
#1763=DIRECTION('',(1.,0.,0.));
#1764=DIRECTION('',(0.,0.,-1.));
#1765=DIRECTION('',(-1.,0.,0.));
#1766=DIRECTION('',(0.,0.,1.));
#1767=DIRECTION('',(1.,0.,0.));
#1768=DIRECTION('',(0.,0.,1.));
#1769=DIRECTION('',(1.,0.,0.));
#1770=DIRECTION('',(0.,0.,-1.));
#1771=DIRECTION('',(-1.,0.,0.));
#1772=DIRECTION('',(0.,0.,1.));
#1773=DIRECTION('',(1.,0.,0.));
#1774=DIRECTION('',(0.,0.,1.));
#1775=DIRECTION('',(1.,0.,0.));
#1776=DIRECTION('',(0.,0.,-1.));
#1777=DIRECTION('',(-1.,0.,0.));
#1778=DIRECTION('',(0.,0.,1.));
#1779=DIRECTION('',(1.,0.,0.));
#1780=DIRECTION('',(0.,0.,1.));
#1781=DIRECTION('',(1.,0.,0.));
#1782=DIRECTION('',(0.,0.,-1.));
#1783=DIRECTION('',(-1.,0.,0.));
#1784=DIRECTION('',(0.,0.,-1.));
#1785=DIRECTION('',(-1.,0.,0.));
#1786=CARTESIAN_POINT('',(0.,0.,0.));
#1787=CARTESIAN_POINT('',(0.0901040764008565,0.0601040764008566,0.));
#1788=CARTESIAN_POINT('',(0.150208152801713,0.120208152801713,0.));
#1789=CARTESIAN_POINT('',(0.170007142674936,0.10040916292849,0.));
#1790=CARTESIAN_POINT('',(0.13040916292849,0.140007142674936,0.));
#1791=CARTESIAN_POINT('',(0.0703050865276332,0.0799030662740799,0.));
#1792=CARTESIAN_POINT('',(0.0879827560572969,0.0975807358037435,0.));
#1793=CARTESIAN_POINT('',(0.10778174593052,0.0777817459305202,0.));
#1794=CARTESIAN_POINT('',(0.127580735803744,0.0579827560572969,0.));
#1795=CARTESIAN_POINT('',(0.10990306627408,0.0403050865276332,0.));
#1796=CARTESIAN_POINT('',(0.126646216780061,0.101348534534989,0.0277983437057645));
#1797=CARTESIAN_POINT('',(0.125669587789377,0.0989943056274114,0.0279196708425015));
#1798=CARTESIAN_POINT('',(0.126645128259131,0.0966439391520653,0.0280401362239942));
#1799=CARTESIAN_POINT('',(0.128992575661045,0.0956708096120331,0.0279197842566753));
#1800=CARTESIAN_POINT('',(0.13134489901849,0.0966425210333663,0.0277983932592145));
#1801=CARTESIAN_POINT('',(0.132319106470074,0.0989945434934092,0.0279195738318962));
#1802=CARTESIAN_POINT('',(0.131348370186221,0.101342674983332,0.0280401348319021));
#1803=CARTESIAN_POINT('',(0.128997773209744,0.102319619895457,0.0279198858730812));
#1804=CARTESIAN_POINT('',(0.126646216780061,0.101348534534989,0.0277983437057645));
#1805=CARTESIAN_POINT('',(0.125669587789377,0.0989943056274114,0.0279196708425015));
#1806=CARTESIAN_POINT('',(0.126645128259131,0.0966439391520653,0.0280401362239942));
#1807=CARTESIAN_POINT('',(0.125994949366117,0.0989949493661166,0.0279195272166274));
#1808=CARTESIAN_POINT('',(0.0901040764008565,0.0601040764008566,0.));
#1809=CARTESIAN_POINT('',(0.0812652416360247,0.0689429111656884,0.));
#1810=CARTESIAN_POINT('',(0.141369318036881,0.129046987566545,0.));
#1811=CARTESIAN_POINT('',(0.0465367965644036,0.0342144660940673,2.91983186275113E-19));
#1812=CARTESIAN_POINT('',(0.150208152801713,0.120208152801713,0.));
#1813=CARTESIAN_POINT('',(0.159046987566545,0.111369318036881,0.));
#1814=CARTESIAN_POINT('',(0.0989429111656884,0.0512652416360247,0.));
#1815=CARTESIAN_POINT('',(0.0889632034355964,0.0412855339059327,1.00354951641162E-16));
#1816=CARTESIAN_POINT('',(0.0889632034355963,0.0412855339059327,8.50487044112229E-17));
#1817=CARTESIAN_POINT('',(0.0889632034355963,0.0412855339059327,0.000957888390321064));
#1818=CARTESIAN_POINT('',(0.0884141847380936,0.0410668168834167,0.00282660831736318));
#1819=CARTESIAN_POINT('',(0.0866735106218241,0.0403850107441463,0.0050016899861918));
#1820=CARTESIAN_POINT('',(0.0845705719181234,0.0395823142806026,0.00671128452642145));
#1821=CARTESIAN_POINT('',(0.0814677370273797,0.0384360093803176,0.00857304341699716));
#1822=CARTESIAN_POINT('',(0.0773420162011816,0.0369991323556058,0.0102779387966733));
#1823=CARTESIAN_POINT('',(0.0720855377680628,0.0353765380630331,0.0116859830964686));
#1824=CARTESIAN_POINT('',(0.0666851961351389,0.0340018999062159,0.0124799514330265));
#1825=CARTESIAN_POINT('',(0.0610934676715484,0.0330026206064093,0.0125856019342561));
#1826=CARTESIAN_POINT('',(0.0554741123622133,0.0326172026408109,0.0116883010303023));
#1827=CARTESIAN_POINT('',(0.0520372342158665,0.0329302378179535,0.00999135445956407));
#1828=CARTESIAN_POINT('',(0.0505907573194522,0.033176645165483,0.00877768269895692));
#1829=CARTESIAN_POINT('',(0.0505907573194522,0.033176645165483,0.00877768269895692));
#1830=CARTESIAN_POINT('',(0.0505907573194522,0.033176645165483,0.00877768269895692));
#1831=CARTESIAN_POINT('',(0.0493073207471871,0.0333952785928665,0.00770081052204906));
#1832=CARTESIAN_POINT('',(0.047768181940905,0.0338038437442578,0.00570463407023939));
#1833=CARTESIAN_POINT('',(0.0467122001343765,0.0341520327082861,0.00250293595428731));
#1834=CARTESIAN_POINT('',(0.0465367965644036,0.0342144660940673,0.000845031149830905));
#1835=CARTESIAN_POINT('',(0.0465367965644036,0.0342144660940673,2.91983186275113E-19));
#1836=CARTESIAN_POINT('',(0.126646847735345,0.101348381951743,0.0120419202257491));
#1837=CARTESIAN_POINT('',(0.12566949263092,0.0989943004371063,0.0123200691936502));
#1838=CARTESIAN_POINT('',(0.126644877937676,0.0966441124965315,0.0125899129681794));
#1839=CARTESIAN_POINT('',(0.128993117777602,0.0956706756977427,0.0123202789320172));
#1840=CARTESIAN_POINT('',(0.131345167449289,0.0966428823410887,0.0120419555120594));
#1841=CARTESIAN_POINT('',(0.132318835992956,0.0989945763421492,0.0123198659593202));
#1842=CARTESIAN_POINT('',(0.131349183825566,0.101342660347645,0.0125899785098324));
#1843=CARTESIAN_POINT('',(0.128994771484083,0.102319663270227,0.0123202178403434));
#1844=CARTESIAN_POINT('',(0.126646847735345,0.101348381951743,0.0120419202257491));
#1845=CARTESIAN_POINT('',(0.12566949263092,0.0989943004371063,0.0123200691936502));
#1846=CARTESIAN_POINT('',(0.126644877937676,0.0966441124965315,0.0125899129681794));
#1847=CARTESIAN_POINT('',(0.125994949366117,0.0989949493661166,0.0123186849947549));
#1848=CARTESIAN_POINT('',(0.102500256484972,0.0456285713374682,0.0091));
#1849=CARTESIAN_POINT('',(0.0285480857528864,0.0402397123870087,0.0091));
#1850=CARTESIAN_POINT('',(0.0313480857528863,0.0402397123870087,0.0091));
#1851=CARTESIAN_POINT('',(0.0285480857528864,0.0402397123870087,0.0091));
#1852=CARTESIAN_POINT('',(0.0285480857528864,0.0402397123870087,0.));
#1853=CARTESIAN_POINT('',(0.0313480857528863,0.0402397123870087,0.));
#1854=CARTESIAN_POINT('',(0.,0.,0.));
#1855=CARTESIAN_POINT('',(0.0688908729652601,0.081317279836453,0.));
#1856=CARTESIAN_POINT('',(0.0865685424949238,0.0989949493661167,0.));
#1857=CARTESIAN_POINT('',(0.0374953763346706,0.0499211724668717,4.98061014154011E-14));
#1858=CARTESIAN_POINT('',(0.12828784258493,0.0572756492761104,0.));
#1859=CARTESIAN_POINT('',(0.164527065120741,0.105889240482685,0.));
#1860=CARTESIAN_POINT('',(0.0430012626584709,0.03775,4.08776460785158E-19));
#1861=CARTESIAN_POINT('',(0.0430012626584709,0.03275,3.5463388319772E-19));
#1862=CARTESIAN_POINT('',(0.150002,0.03275,0.));
#1863=CARTESIAN_POINT('',(0.,0.03275,0.));
#1864=CARTESIAN_POINT('',(-1.7347234759768E-18,0.034,0.));
#1865=CARTESIAN_POINT('',(-1.7347234759768E-18,0.03525,0.));
#1866=CARTESIAN_POINT('',(-0.0731111111111112,0.,0.));
#1867=CARTESIAN_POINT('',(0.0218256068407313,0.0457730604410669,0.));
#1868=CARTESIAN_POINT('',(0.0348545824105313,0.01875,0.));
#1869=CARTESIAN_POINT('',(0.0346885980472426,0.048749378780644,3.2562938302374E-13));
#1870=CARTESIAN_POINT('',(0.0374956817315911,0.0499208671181064,1.40161041262627E-17));
#1871=CARTESIAN_POINT('',(0.0367555818925641,0.049180650561165,1.40161041262627E-17));
#1872=CARTESIAN_POINT('',(0.0357356624609505,0.0487549432866137,-7.67496553507122E-18));
#1873=CARTESIAN_POINT('',(0.0346889372094674,0.0487492186234166,-7.67496553507122E-18));
#1874=CARTESIAN_POINT('',(-1.7347234759768E-18,-0.0309189154178637,0.0107973686323563));
#1875=CARTESIAN_POINT('',(-1.7347234759768E-18,-0.0309189154178637,0.0107973686323563));
#1876=CARTESIAN_POINT('',(-1.72178456770077E-18,-0.0293719970561498,0.0144861412713506));
#1877=CARTESIAN_POINT('',(-1.7347234759768E-18,-0.0320717052592173,0.0146276526403212));
#1878=CARTESIAN_POINT('',(-1.72178456770077E-18,-0.0293719970561498,0.0144861412713506));
#1879=CARTESIAN_POINT('',(0.15,-0.0293719970561498,0.0144861412713506));
#1880=CARTESIAN_POINT('',(0.15,-0.0309189154178637,0.0107973686323563));
#1881=CARTESIAN_POINT('',(0.15,-0.032004599449004,0.00694752575445498));
#1882=CARTESIAN_POINT('',(-1.72178456770077E-18,-0.032004599449004,0.00694752575445498));
#1883=CARTESIAN_POINT('',(-1.72178456770077E-18,-0.032004599449004,0.00694752575445498));
#1884=CARTESIAN_POINT('',(-1.7347234759768E-18,-0.0309189154178637,0.0107973686323563));
#1885=CARTESIAN_POINT('',(-1.7347234759768E-18,-0.0342055060082808,0.00851738567387133));
#1886=CARTESIAN_POINT('',(9.71714159777013E-18,-0.0320717052592172,0.0146276526403213));
#1887=CARTESIAN_POINT('',(0.000356903933585589,-0.0322909295243013,0.0145616733277581));
#1888=CARTESIAN_POINT('',(0.00105001079131961,-0.0327353583762074,0.0143882365166185));
#1889=CARTESIAN_POINT('',(0.00201904124828586,-0.0334324239049626,0.0139500265966986));
#1890=CARTESIAN_POINT('',(0.00284219625942567,-0.0341434217358839,0.0132544187123033));
#1891=CARTESIAN_POINT('',(0.0032458119276266,-0.0347639965991872,0.012140712979898));
#1892=CARTESIAN_POINT('',(0.00284122268714217,-0.0349720563045636,0.0108799878585977));
#1893=CARTESIAN_POINT('',(0.00202052759736406,-0.0348488204922684,0.00989649917087667));
#1894=CARTESIAN_POINT('',(0.00105012157247399,-0.0345759472466296,0.00911776579519952));
#1895=CARTESIAN_POINT('',(0.000356904572666882,-0.0343359998521949,0.00870549227261553));
#1896=CARTESIAN_POINT('',(2.08381771218379E-17,-0.0342055060082808,0.00851738567387131));
#1897=CARTESIAN_POINT('',(-1.7347234759768E-18,0.034,0.));
#1898=CARTESIAN_POINT('',(0.,0.,0.));
#1899=CARTESIAN_POINT('',(-1.72178456770077E-18,-0.0279246566929075,0.0171106998273962));
#1900=CARTESIAN_POINT('',(0.,0.,0.));
#1901=CARTESIAN_POINT('',(-1.7347234759768E-18,-0.0294849402806267,0.019318405644563));
#1902=CARTESIAN_POINT('',(-1.7347234759768E-18,-0.0256304171369166,0.0203873543498821));
#1903=CARTESIAN_POINT('',(-1.7347234759768E-18,-0.0256304171369166,0.0203873543498821));
#1904=CARTESIAN_POINT('',(-1.7347234759768E-18,-0.0256304171369166,0.0203873543498821));
#1905=CARTESIAN_POINT('',(-1.72178456770077E-18,-0.0229538346646007,0.0233598795842396));
#1906=CARTESIAN_POINT('',(-1.7347234759768E-18,-0.0254559445628331,0.0243835474534361));
#1907=CARTESIAN_POINT('',(-1.72178456770077E-18,-0.0229538346646007,0.0233598795842396));
#1908=CARTESIAN_POINT('',(0.15,-0.0229538346646007,0.0233598795842396));
#1909=CARTESIAN_POINT('',(0.15,-0.0256304171369166,0.0203873543498821));
#1910=CARTESIAN_POINT('',(0.15,-0.0279246566929075,0.0171106998273962));
#1911=CARTESIAN_POINT('',(-1.72178456770077E-18,-0.0279246566929075,0.0171106998273962));
#1912=CARTESIAN_POINT('',(1.00213044468601E-17,-0.0254559445628331,0.0243835474534361));
#1913=CARTESIAN_POINT('',(0.000356903933585588,-0.0256846645466355,0.024393533298285));
#1914=CARTESIAN_POINT('',(0.00105001079131962,-0.0261614254402428,0.0243763175441144));
#1915=CARTESIAN_POINT('',(0.00201904124828583,-0.0269639910636938,0.0241924243540566));
#1916=CARTESIAN_POINT('',(0.00284219625942566,-0.0278645717216459,0.0237701179215572));
#1917=CARTESIAN_POINT('',(0.00324581192762655,-0.0288176279979719,0.0229232782947612));
#1918=CARTESIAN_POINT('',(0.00284122268714213,-0.0294297041601443,0.021801636888527));
#1919=CARTESIAN_POINT('',(0.00202052759736402,-0.0296376056029007,0.020832506322294));
#1920=CARTESIAN_POINT('',(0.00105012157247398,-0.0296367300768488,0.0200073489360741));
#1921=CARTESIAN_POINT('',(0.000356904572666864,-0.0295461210999766,0.0195390176187036));
#1922=CARTESIAN_POINT('',(4.5433134908559E-18,-0.0294849402806266,0.0193184056445629));
#1923=CARTESIAN_POINT('',(-1.7347234759768E-18,0.034,0.));
#1924=CARTESIAN_POINT('',(0.,0.,0.));
#1925=CARTESIAN_POINT('',(-1.72178456770077E-18,-0.0207221241150197,0.0253605219221079));
#1926=CARTESIAN_POINT('',(0.,0.,0.));
#1927=CARTESIAN_POINT('',(-1.7347234759768E-18,-0.0214673107634723,0.0279592036471817));
#1928=CARTESIAN_POINT('',(-1.7347234759768E-18,-0.0174758753962363,0.0276975861608052));
#1929=CARTESIAN_POINT('',(-1.7347234759768E-18,-0.0174758753962363,0.0276975861608052));
#1930=CARTESIAN_POINT('',(-1.7347234759768E-18,-0.0174758753962363,0.0276975861608052));
#1931=CARTESIAN_POINT('',(-1.72178456770077E-18,-0.0139689295093719,0.0296214703950057));
#1932=CARTESIAN_POINT('',(-1.7347234759768E-18,-0.015993650271779,0.0314128262177096));
#1933=CARTESIAN_POINT('',(-1.72178456770077E-18,-0.0139689295093719,0.0296214703950057));
#1934=CARTESIAN_POINT('',(0.15,-0.0139689295093719,0.0296214703950057));
#1935=CARTESIAN_POINT('',(0.15,-0.0174758753962363,0.0276975861608052));
#1936=CARTESIAN_POINT('',(0.15,-0.0207221241150197,0.0253605219221079));
#1937=CARTESIAN_POINT('',(-1.72178456770077E-18,-0.0207221241150197,0.0253605219221079));
#1938=CARTESIAN_POINT('',(1.46108312113163E-17,-0.015993650271779,0.0314128262177096));
#1939=CARTESIAN_POINT('',(0.000356903933585571,-0.0162062900575995,0.0314976605832351));
#1940=CARTESIAN_POINT('',(0.00105001079131956,-0.016662070655708,0.0316385909853944));
#1941=CARTESIAN_POINT('',(0.00201904124828574,-0.0174803919134423,0.0317295778219971));
#1942=CARTESIAN_POINT('',(0.00284219625942554,-0.0184698507048222,0.0316277959740646));
#1943=CARTESIAN_POINT('',(0.0032458119276266,-0.0196488157741104,0.0311425177190868));
#1944=CARTESIAN_POINT('',(0.00284122268714241,-0.0205964648374365,0.0302853841674998));
#1945=CARTESIAN_POINT('',(0.00202052759736447,-0.0211122555885919,0.0294389818014057));
#1946=CARTESIAN_POINT('',(0.00105012157247451,-0.0213834756851654,0.0286596711202306));
#1947=CARTESIAN_POINT('',(0.000356904572667487,-0.0214523371991721,0.0281876517335434));
#1948=CARTESIAN_POINT('',(6.67850330727038E-16,-0.0214673107634723,0.0279592036471808));
#1949=CARTESIAN_POINT('',(-1.7347234759768E-18,0.034,0.));
#1950=CARTESIAN_POINT('',(0.,0.,0.));
#1951=CARTESIAN_POINT('',(-1.72178456770077E-18,-0.0112024030195058,0.030774480768789));
#1952=CARTESIAN_POINT('',(0.,0.,0.));
#1953=CARTESIAN_POINT('',(-1.7347234759768E-18,-0.011049164497681,0.0334735487198961));
#1954=CARTESIAN_POINT('',(-1.7347234759768E-18,-0.00736714702976158,0.0319106196217165));
#1955=CARTESIAN_POINT('',(-1.7347234759768E-18,-0.00736714702976158,0.0319106196217165));
#1956=CARTESIAN_POINT('',(-1.7347234759768E-18,-0.00736714702976158,0.0319106196217165));
#1957=CARTESIAN_POINT('',(-1.72178456770077E-18,-0.0034219912882768,0.03257073035139));
#1958=CARTESIAN_POINT('',(-1.7347234759768E-18,-0.00474291467234414,0.0349294612098564));
#1959=CARTESIAN_POINT('',(-1.72178456770077E-18,-0.0034219912882768,0.03257073035139));
#1960=CARTESIAN_POINT('',(0.15,-0.0034219912882768,0.03257073035139));
#1961=CARTESIAN_POINT('',(0.15,-0.00736714702976158,0.0319106196217165));
#1962=CARTESIAN_POINT('',(0.15,-0.0112024030195058,0.030774480768789));
#1963=CARTESIAN_POINT('',(-1.72178456770077E-18,-0.0112024030195058,0.030774480768789));
#1964=CARTESIAN_POINT('',(-1.25559456991614E-18,-0.00474291467234414,0.0349294612098564));
#1965=CARTESIAN_POINT('',(0.000356903933585555,-0.00491569646272544,0.0350796577510967));
#1966=CARTESIAN_POINT('',(0.00105001079131954,-0.00529953048588265,0.0353629751959034));
#1967=CARTESIAN_POINT('',(0.0020190412482857,-0.00604210109159363,0.0357186677328351));
#1968=CARTESIAN_POINT('',(0.0028421962594255,-0.00700979479578745,0.0359487919151176));
#1969=CARTESIAN_POINT('',(0.00324581192762651,-0.00828283447414459,0.0358793397971936));
#1970=CARTESIAN_POINT('',(0.00284122268714237,-0.00946008846371536,0.0353825604533008));
#1971=CARTESIAN_POINT('',(0.00202052759736443,-0.0102260917909308,0.0347535326582058));
#1972=CARTESIAN_POINT('',(0.00105012157247448,-0.0107390791475527,0.0341072127292812));
#1973=CARTESIAN_POINT('',(0.000356904572667464,-0.0109597109230274,0.0336842874058839));
#1974=CARTESIAN_POINT('',(6.4512851962863E-16,-0.0110491644976813,0.0334735487198952));
#1975=CARTESIAN_POINT('',(-1.7347234759768E-18,0.034,0.));
#1976=CARTESIAN_POINT('',(0.,0.,0.));
#1977=CARTESIAN_POINT('',(-1.72178456770077E-18,-0.00043000727044114,0.0327471768820973));
#1978=CARTESIAN_POINT('',(0.,0.,0.));
#1979=CARTESIAN_POINT('',(-1.7347234759768E-18,0.000604520989922665,0.035244815992891));
#1980=CARTESIAN_POINT('',(-1.7347234759768E-18,0.00356539015140184,0.032555345076781));
#1981=CARTESIAN_POINT('',(-1.7347234759768E-18,0.00356539015140184,0.032555345076781));
#1982=CARTESIAN_POINT('',(-1.7347234759768E-18,0.00356539015140184,0.032555345076781));
#1983=CARTESIAN_POINT('',(-1.72178456770077E-18,0.00750760070308814,0.031877867426837));
#1984=CARTESIAN_POINT('',(-1.7347234759768E-18,0.00703818293813912,0.0345402154152126));
#1985=CARTESIAN_POINT('',(-1.72178456770077E-18,0.00750760070308814,0.031877867426837));
#1986=CARTESIAN_POINT('',(0.15,0.00750760070308814,0.031877867426837));
#1987=CARTESIAN_POINT('',(0.15,0.00356539015140184,0.032555345076781));
#1988=CARTESIAN_POINT('',(0.15,-0.00043000727044114,0.0327471768820973));
#1989=CARTESIAN_POINT('',(-1.72178456770077E-18,-0.00043000727044114,0.0327471768820973));
#1990=CARTESIAN_POINT('',(2.2703385759051E-17,0.00703818293813913,0.0345402154152126));
#1991=CARTESIAN_POINT('',(0.000356903933585605,0.00692457994151411,0.034738978860659));
#1992=CARTESIAN_POINT('',(0.00105001079131964,0.00665561356579071,0.0351330022363553));
#1993=CARTESIAN_POINT('',(0.00201904124828587,0.00607182931208861,0.0357136262372582));
#1994=CARTESIAN_POINT('',(0.00284219625942572,0.00523411010100323,0.0362499235128305));
#1995=CARTESIAN_POINT('',(0.0032458119276266,0.00400934960456839,0.036604063803858));
#1996=CARTESIAN_POINT('',(0.00284122268714218,0.00273413353635977,0.0365231895071905));
#1997=CARTESIAN_POINT('',(0.00202052759736404,0.00180357362589824,0.0361818754035425));
#1998=CARTESIAN_POINT('',(0.001050121572474,0.00110618226049796,0.0357408189875999));
#1999=CARTESIAN_POINT('',(0.000356904572666881,0.000758451700953715,0.0354142800657562));
#2000=CARTESIAN_POINT('',(2.12674555394125E-17,0.000604520989922642,0.035244815992891));
#2001=CARTESIAN_POINT('',(-1.7347234759768E-18,0.034,0.));
#2002=CARTESIAN_POINT('',(0.,0.,0.));
#2003=CARTESIAN_POINT('',(-1.72178456770077E-18,0.0103904727340807,0.0310580195177079));
#2004=CARTESIAN_POINT('',(0.,0.,0.));
#2005=CARTESIAN_POINT('',(-1.73472347597602E-18,0.0121906077560485,0.0330749388894105));
#2006=CARTESIAN_POINT('',(-1.7347234759768E-18,0.0140992384204717,0.0295596680624579));
#2007=CARTESIAN_POINT('',(-1.7347234759768E-18,0.0140992384204717,0.0295596680624579));
#2008=CARTESIAN_POINT('',(-1.7347234759768E-18,0.0140992384204717,0.0295596680624579));
#2009=CARTESIAN_POINT('',(-1.72178456770077E-18,0.0175976780748341,0.027620358911037));
#2010=CARTESIAN_POINT('',(-1.7347234759768E-18,0.0180322571431701,0.0302886150611512));
#2011=CARTESIAN_POINT('',(-1.72178456770077E-18,0.0175976780748341,0.027620358911037));
#2012=CARTESIAN_POINT('',(0.15,0.0175976780748341,0.027620358911037));
#2013=CARTESIAN_POINT('',(0.15,0.0140992384204717,0.0295596680624579));
#2014=CARTESIAN_POINT('',(0.15,0.0103904727340807,0.0310580195177079));
#2015=CARTESIAN_POINT('',(-1.72178456770077E-18,0.0103904727340807,0.0310580195177079));
#2016=CARTESIAN_POINT('',(5.73557637067065E-18,0.0180322571431701,0.0302886150611511));
#2017=CARTESIAN_POINT('',(0.000356903933585559,0.0179905362499566,0.0305137192929136));
#2018=CARTESIAN_POINT('',(0.00105001079131955,0.0178665138687632,0.0309743881336528));
#2019=CARTESIAN_POINT('',(0.00201904124828573,0.0175067958660777,0.031715017085179));
#2020=CARTESIAN_POINT('',(0.00284219625942553,0.016892726551556,0.0324975176419651));
#2021=CARTESIAN_POINT('',(0.00324581192762658,0.0158532003553237,0.0332356496807649));
#2022=CARTESIAN_POINT('',(0.00284122268714238,0.0146226193676461,0.0335797239536264));
#2023=CARTESIAN_POINT('',(0.00202052759736441,0.0136315599062926,0.0335642899532029));
#2024=CARTESIAN_POINT('',(0.00105012157247449,0.0128277482009321,0.0333778168427973));
#2025=CARTESIAN_POINT('',(0.000356904572667473,0.0123918027697652,0.0331841785445075));
#2026=CARTESIAN_POINT('',(6.59856490829596E-16,0.0121906077560477,0.0330749388894101));
#2027=CARTESIAN_POINT('',(-1.7347234759768E-18,0.034,0.));
#2028=CARTESIAN_POINT('',(0.,0.,0.));
#2029=CARTESIAN_POINT('',(-1.72178456770077E-18,0.0200490697203136,0.0258958935615283));
#2030=CARTESIAN_POINT('',(0.,0.,0.));
#2031=CARTESIAN_POINT('',(-1.7347234759768E-18,0.0224135168788763,0.0272065573184174));
#2032=CARTESIAN_POINT('',(-1.7347234759768E-18,0.023056482225933,0.0232585710516626));
#2033=CARTESIAN_POINT('',(-1.7347234759768E-18,0.023056482225933,0.0232585710516626));
#2034=CARTESIAN_POINT('',(-1.7347234759768E-18,0.023056482225933,0.0232585710516626));
#2035=CARTESIAN_POINT('',(-1.72178456770077E-18,0.0257199486066273,0.0202742877475992));
#2036=CARTESIAN_POINT('',(-1.7347234759768E-18,0.0270099290253933,0.0226500824290601));
#2037=CARTESIAN_POINT('',(-1.72178456770077E-18,0.0257199486066273,0.0202742877475992));
#2038=CARTESIAN_POINT('',(0.15,0.0257199486066273,0.0202742877475992));
#2039=CARTESIAN_POINT('',(0.15,0.023056482225933,0.0232585710516626));
#2040=CARTESIAN_POINT('',(0.15,0.0200490697203136,0.0258958935615283));
#2041=CARTESIAN_POINT('',(-1.72178456770077E-18,0.0200490697203136,0.0258958935615283));
#2042=CARTESIAN_POINT('',(3.64051803201235E-17,0.0270099290253933,0.0226500824290601));
#2043=CARTESIAN_POINT('',(0.000356903933585613,0.0270447555476107,0.0228763558509155));
#2044=CARTESIAN_POINT('',(0.00105001079131964,0.0270795455865988,0.0233521572643772));
#2045=CARTESIAN_POINT('',(0.00201904124828586,0.0269841182067547,0.0241699725861161));
#2046=CARTESIAN_POINT('',(0.00284219625942569,0.0266623652226399,0.0251111756787699));
#2047=CARTESIAN_POINT('',(0.0032458119276266,0.0259243151825272,0.0261507600946044));
#2048=CARTESIAN_POINT('',(0.00284122268714217,0.0248759752523946,0.026881307877688));
#2049=CARTESIAN_POINT('',(0.00202052759736407,0.0239352384508158,0.0271934798406548));
#2050=CARTESIAN_POINT('',(0.00105012157247401,0.0231148902052278,0.0272824418243324));
#2051=CARTESIAN_POINT('',(0.000356904572666889,0.0226394781746621,0.0272433571634902));
#2052=CARTESIAN_POINT('',(2.69286289773216E-17,0.0224135168788763,0.0272065573184174));
#2053=CARTESIAN_POINT('',(-1.7347234759768E-18,0.034,0.));
#2054=CARTESIAN_POINT('',(0.,0.,0.));
#2055=CARTESIAN_POINT('',(-1.72178456770077E-18,0.0274657404499942,0.0178380380516903));
#2056=CARTESIAN_POINT('',(0.,0.,0.));
#2057=CARTESIAN_POINT('',(-1.7347234759768E-18,0.0301301026314235,0.0182958852045997));
#2058=CARTESIAN_POINT('',(-1.7347234759768E-18,0.0294355050162978,0.0143566550573423));
#2059=CARTESIAN_POINT('',(0.155630387028728,0.0259062470694648,0.0126353209432168));
#2060=CARTESIAN_POINT('',(0.155630387028728,0.0259062470694648,0.0126353209432168));
#2061=CARTESIAN_POINT('',(0.15783304976997,0.0280551027446614,0.0100797982695706));
#2062=CARTESIAN_POINT('',(0.15783304976997,0.0252154353767992,0.0159019791827057));
#2063=CARTESIAN_POINT('',(0.15783304976997,0.0280551027446614,0.0100797982695706));
#2064=CARTESIAN_POINT('',(0.158616491578484,0.0272326640985918,0.0100635026322862));
#2065=CARTESIAN_POINT('',(0.159577766385389,0.025850141883245,0.0100179990277454));
#2066=CARTESIAN_POINT('',(0.160634635302082,0.0238642558091025,0.00972758191690883));
#2067=CARTESIAN_POINT('',(0.161334813771309,0.0223648347490943,0.00937736211058511));
#2068=CARTESIAN_POINT('',(0.16187503526246,0.0211197376343542,0.00897284391309918));
#2069=CARTESIAN_POINT('',(0.162293443112654,0.0201333619482222,0.00861188565041524));
#2070=CARTESIAN_POINT('',(0.162604777958303,0.0193939018876474,0.00833608926802867));
#2071=CARTESIAN_POINT('',(0.162917001727913,0.01865080247023,0.00807299896335201));
#2072=CARTESIAN_POINT('',(0.163180443579291,0.0180233343945693,0.0078850130824737));
#2073=CARTESIAN_POINT('',(0.163394246370514,0.0175085109483665,0.00777779072242242));
#2074=CARTESIAN_POINT('',(0.163554351879483,0.0171144732455221,0.0077348693573023));
#2075=CARTESIAN_POINT('',(0.163681202997867,0.0167857161106915,0.00775242273574934));
#2076=CARTESIAN_POINT('',(0.163767193767866,0.0165249503811445,0.00785071456336561));
#2077=CARTESIAN_POINT('',(0.163794676406529,0.0163751861838978,0.00801971816134337));
#2078=CARTESIAN_POINT('',(0.163752072377918,0.0163708054845149,0.00824306706440516));
#2079=CARTESIAN_POINT('',(0.16366262405364,0.0164689242946957,0.00849739523024156));
#2080=CARTESIAN_POINT('',(0.163532469808975,0.0166677396054115,0.00876579312020888));
#2081=CARTESIAN_POINT('',(0.163374030256285,0.0169452364014545,0.00904164233556604));
#2082=CARTESIAN_POINT('',(0.163159985413632,0.0173501623912394,0.00937849298004834));
#2083=CARTESIAN_POINT('',(0.162897354410456,0.0178853965272242,0.00975393724298138));
#2084=CARTESIAN_POINT('',(0.162585818396268,0.0185498903190087,0.0101756881517144));
#2085=CARTESIAN_POINT('',(0.162275168871378,0.0192209563367931,0.0105874723565924));
#2086=CARTESIAN_POINT('',(0.161857143365838,0.0201104160602364,0.0111422924762334));
#2087=CARTESIAN_POINT('',(0.161318646473292,0.0211885417352356,0.0118729016372338));
#2088=CARTESIAN_POINT('',(0.160624180967366,0.0223723457388077,0.0128300770118852));
#2089=CARTESIAN_POINT('',(0.159846445735594,0.023439985845008,0.0138507107540733));
#2090=CARTESIAN_POINT('',(0.158943610470367,0.0243945107510108,0.0149001118538343));
#2091=CARTESIAN_POINT('',(0.158224479441825,0.0249560359119738,0.015583187420288));
#2092=CARTESIAN_POINT('',(0.15783304976997,0.0252154353767992,0.0159019791827057));
#2093=CARTESIAN_POINT('',(0.15,0.0240427407385027,0.0117264281766078));
#2094=CARTESIAN_POINT('',(0.15,0.0309661640943329,0.0106611060065477));
#2095=CARTESIAN_POINT('',(0.151445365159138,0.0309661640943329,0.0106611060065477));
#2096=CARTESIAN_POINT('',(0.153583705324454,0.030739952643336,0.0104855348710725));
#2097=CARTESIAN_POINT('',(0.156211621685292,0.0295100946269382,0.0101948075881485));
#2098=CARTESIAN_POINT('',(0.157330741300317,0.0285824142733558,0.0100902463163016));
#2099=CARTESIAN_POINT('',(0.15783304976997,0.0280551027446614,0.0100797982695706));
#2100=CARTESIAN_POINT('',(0.15,0.030966164094333,0.0106611060065477));
#2101=CARTESIAN_POINT('',(0.15783304976997,0.0252154353767992,0.0159019791827057));
#2102=CARTESIAN_POINT('',(0.157332823005356,0.0255469344029652,0.0163093784765414));
#2103=CARTESIAN_POINT('',(0.156233078954882,0.0261900675667281,0.0169663298435495));
#2104=CARTESIAN_POINT('',(0.153614595681924,0.0271825362506661,0.0177656989425655));
#2105=CARTESIAN_POINT('',(0.151445426254754,0.0274657404499942,0.0178380380516902));
#2106=CARTESIAN_POINT('',(0.15,0.0274657404499942,0.0178380380516902));
#2107=CARTESIAN_POINT('',(0.15,0.0274657404499942,0.0178380380516903));
#2108=CARTESIAN_POINT('',(0.15,0.0294355050162978,0.0143566550573423));
#2109=CARTESIAN_POINT('',(0.150002,0.,0.));
#2110=CARTESIAN_POINT('',(-1.72178456770077E-18,0.0274657404499942,0.0178380380516903));
#2111=CARTESIAN_POINT('',(0.15,0.,0.));
#2112=CARTESIAN_POINT('',(0.155630387028728,0.0202920563029929,0.0204699150842991));
#2113=CARTESIAN_POINT('',(0.155630387028728,0.0202920563029929,0.0204699150842991));
#2114=CARTESIAN_POINT('',(0.15783304976997,0.0231632992716128,0.018765731800877));
#2115=CARTESIAN_POINT('',(0.15783304976997,0.0185628819059583,0.0233261771088662));
#2116=CARTESIAN_POINT('',(0.15783304976997,0.0231632992716128,0.018765731800877));
#2117=CARTESIAN_POINT('',(0.158616491578485,0.0223922164950826,0.0184791969407246));
#2118=CARTESIAN_POINT('',(0.15957776638539,0.0211019945638664,0.0179804328460211));
#2119=CARTESIAN_POINT('',(0.160634635302084,0.0193228891301835,0.0170515251791428));
#2120=CARTESIAN_POINT('',(0.161334813771311,0.018022766364414,0.0162265414084729));
#2121=CARTESIAN_POINT('',(0.161875035262462,0.0169806497146142,0.0154341433485031));
#2122=CARTESIAN_POINT('',(0.162293443112657,0.0161684278218913,0.0147681677794501));
#2123=CARTESIAN_POINT('',(0.162604777958306,0.0155612391849534,0.0142639983784576));
#2124=CARTESIAN_POINT('',(0.162917001727916,0.0149464255962202,0.0137706247840176));
#2125=CARTESIAN_POINT('',(0.163180443579294,0.0144160170617085,0.013386279023145));
#2126=CARTESIAN_POINT('',(0.163394246370518,0.0139653281077786,0.0131153190961058));
#2127=CARTESIAN_POINT('',(0.163554351879486,0.0136074722114638,0.012944886962048));
#2128=CARTESIAN_POINT('',(0.16368120299787,0.0132913090254268,0.0128530707619945));
#2129=CARTESIAN_POINT('',(0.163767193767869,0.0130127170671952,0.0128598949756082));
#2130=CARTESIAN_POINT('',(0.163794676406528,0.0128156074276602,0.0129700735620435));
#2131=CARTESIAN_POINT('',(0.163752072377916,0.0127378356135069,0.0131794905335362));
#2132=CARTESIAN_POINT('',(0.163662624053637,0.0127466188877935,0.0134519478163191));
#2133=CARTESIAN_POINT('',(0.163532469808972,0.0128458299661956,0.0137708868654113));
#2134=CARTESIAN_POINT('',(0.163374030256282,0.0130168667387294,0.0141228011786588));
#2135=CARTESIAN_POINT('',(0.163159985413629,0.01328809641342,0.0145743184844824));
#2136=CARTESIAN_POINT('',(0.162897354410453,0.0136696246232365,0.0151052329785457));
#2137=CARTESIAN_POINT('',(0.162585818396265,0.0141579185869388,0.0157224807678073));
#2138=CARTESIAN_POINT('',(0.162275168871376,0.0146557032460722,0.0163324859028206));
#2139=CARTESIAN_POINT('',(0.161857143365836,0.0153125134018067,0.0171495320362238));
#2140=CARTESIAN_POINT('',(0.16131864647329,0.0160894850084513,0.0181947400727863));
#2141=CARTESIAN_POINT('',(0.160624180967365,0.0168915296036212,0.0194886879403866));
#2142=CARTESIAN_POINT('',(0.159846445735593,0.0175629835085763,0.0208042480057496));
#2143=CARTESIAN_POINT('',(0.158943610470367,0.0181181622663049,0.0221096739942008));
#2144=CARTESIAN_POINT('',(0.158224479441824,0.0184230883811768,0.022939687729237));
#2145=CARTESIAN_POINT('',(0.15783304976997,0.0185628819059582,0.0233261771088662));
#2146=CARTESIAN_POINT('',(0.15,0.0188323938791971,0.0189974587979229));
#2147=CARTESIAN_POINT('',(0.15,0.0257199486066273,0.0202742877475993));
#2148=CARTESIAN_POINT('',(0.151445365159138,0.0257199486066273,0.0202742877475993));
#2149=CARTESIAN_POINT('',(0.153583705324454,0.0255642690203983,0.0200339531670541));
#2150=CARTESIAN_POINT('',(0.156211621685292,0.0244990236359778,0.0193540080483092));
#2151=CARTESIAN_POINT('',(0.157330741300317,0.0236576836729113,0.01894944536523));
#2152=CARTESIAN_POINT('',(0.15783304976997,0.0231632992716128,0.018765731800877));
#2153=CARTESIAN_POINT('',(0.15783304976997,0.0185628819059582,0.0233261771088662));
#2154=CARTESIAN_POINT('',(0.157332823005356,0.0187415307607681,0.0238200904369329));
#2155=CARTESIAN_POINT('',(0.156233078954882,0.019132114999232,0.0246523459972081));
#2156=CARTESIAN_POINT('',(0.153614595681924,0.0198055492727639,0.025734229227641));
#2157=CARTESIAN_POINT('',(0.151445426254754,0.0200490697203136,0.0258958935615283));
#2158=CARTESIAN_POINT('',(0.15,0.0200490697203136,0.0258958935615283));
#2159=CARTESIAN_POINT('',(0.150002,0.,0.));
#2160=CARTESIAN_POINT('',(0.15,0.,0.));
#2161=CARTESIAN_POINT('',(0.155630387028728,0.0124087680442308,0.0260155232157019));
#2162=CARTESIAN_POINT('',(0.155630387028728,0.0124087680442308,0.0260155232157019));
#2163=CARTESIAN_POINT('',(0.15783304976997,0.0156813302921423,0.0253532444361167));
#2164=CARTESIAN_POINT('',(0.15783304976997,0.00983459061172692,0.0281419962097304));
#2165=CARTESIAN_POINT('',(0.15783304976997,0.0156813302921423,0.0253532444361167));
#2166=CARTESIAN_POINT('',(0.158616491578484,0.0150478273719405,0.0248285112425422));
#2167=CARTESIAN_POINT('',(0.159577766385389,0.0139941808690268,0.0239322594359323));
#2168=CARTESIAN_POINT('',(0.160634635302082,0.0126207991310491,0.0224687334882536));
#2169=CARTESIAN_POINT('',(0.161334813771309,0.0116653569344075,0.0212612370547956));
#2170=CARTESIAN_POINT('',(0.16187503526246,0.0109427522750597,0.020169566635887));
#2171=CARTESIAN_POINT('',(0.162293443112654,0.0103955084191077,0.0192730444533868));
#2172=CARTESIAN_POINT('',(0.162604777958303,0.00998848822880292,0.0185968792439838));
#2173=CARTESIAN_POINT('',(0.162917001727913,0.00957071012879838,0.017928392361736));
#2174=CARTESIAN_POINT('',(0.163180443579291,0.00919667245694982,0.0173906650168658));
#2175=CARTESIAN_POINT('',(0.163394246370514,0.00886051491711954,0.0169862667927472));
#2176=CARTESIAN_POINT('',(0.163554351879483,0.00857885697477765,0.0167073819448932));
#2177=CARTESIAN_POINT('',(0.163681202997867,0.00831064172443037,0.0165164632337154));
#2178=CARTESIAN_POINT('',(0.163767193767867,0.00804537623610633,0.0164310567363827));
#2179=CARTESIAN_POINT('',(0.163794676406529,0.00782296234035048,0.0164700899258666));
#2180=CARTESIAN_POINT('',(0.163752072377918,0.00768049600804769,0.016642157549743));
#2181=CARTESIAN_POINT('',(0.16366262405364,0.00759896158349391,0.0169022772423111));
#2182=CARTESIAN_POINT('',(0.163532469808975,0.00758747445241996,0.0172360930611897));
#2183=CARTESIAN_POINT('',(0.163374030256285,0.00763292553443855,0.017624720724346));
#2184=CARTESIAN_POINT('',(0.163159985413632,0.00774012946041443,0.018140415141755));
#2185=CARTESIAN_POINT('',(0.162897354410456,0.00792528851214466,0.0187674319680485));
#2186=CARTESIAN_POINT('',(0.162585818396268,0.00818278066007169,0.0195111547807234));
#2187=CARTESIAN_POINT('',(0.162275168871379,0.00845162070470322,0.0202511688765449));
#2188=CARTESIAN_POINT('',(0.161857143365839,0.00880233549428425,0.0212390773243047));
#2189=CARTESIAN_POINT('',(0.161318646473291,0.00919127054526645,0.0224820070259972));
#2190=CARTESIAN_POINT('',(0.160624180967366,0.009521869534027,0.023968035600872));
#2191=CARTESIAN_POINT('',(0.159846445735593,0.00972205394656381,0.0254314134854383));
#2192=CARTESIAN_POINT('',(0.158943610470367,0.00981580537961538,0.0268468890709425));
#2193=CARTESIAN_POINT('',(0.158224479441824,0.00983003501281594,0.0277310272125352));
#2194=CARTESIAN_POINT('',(0.15783304976997,0.00983459061172692,0.0281419962097304));
#2195=CARTESIAN_POINT('',(0.15,0.0115161718396219,0.0241441563563588));
#2196=CARTESIAN_POINT('',(0.15,0.0175976780748341,0.0276203589110371));
#2197=CARTESIAN_POINT('',(0.151445365159138,0.0175976780748341,0.0276203589110371));
#2198=CARTESIAN_POINT('',(0.153583705324454,0.0175299387497149,0.0273421355690856));
#2199=CARTESIAN_POINT('',(0.156211621685292,0.0167484238232017,0.0263490054098562));
#2200=CARTESIAN_POINT('',(0.157330741300317,0.0160875045336865,0.0256896803073916));
#2201=CARTESIAN_POINT('',(0.15783304976997,0.0156813302921423,0.0253532444361167));
#2202=CARTESIAN_POINT('',(0.15783304976997,0.00983459061172693,0.0281419962097304));
#2203=CARTESIAN_POINT('',(0.157332823005356,0.00984041243022456,0.0286671932160015));
#2204=CARTESIAN_POINT('',(0.156233078954882,0.00993477184860601,0.0295816885222269));
#2205=CARTESIAN_POINT('',(0.153614595681924,0.0102138669718632,0.0308251075816084));
#2206=CARTESIAN_POINT('',(0.151445426254754,0.0103904727340808,0.0310580195177079));
#2207=CARTESIAN_POINT('',(0.15,0.0103904727340808,0.0310580195177079));
#2208=CARTESIAN_POINT('',(0.150002,0.,0.));
#2209=CARTESIAN_POINT('',(0.15,0.,0.));
#2210=CARTESIAN_POINT('',(0.155630387028728,0.00313790703132533,0.0286520245711365));
#2211=CARTESIAN_POINT('',(0.155630387028728,0.00313790703132533,0.0286520245711365));
#2212=CARTESIAN_POINT('',(0.15783304976997,0.00644584423631581,0.0291057076060675));
#2213=CARTESIAN_POINT('',(0.15783304976997,6.57612722040424E-6,0.0298109221582174));
#2214=CARTESIAN_POINT('',(0.15783304976997,0.00644584423631581,0.0291057076060675));
#2215=CARTESIAN_POINT('',(0.158616491578484,0.00602076071014721,0.0284014527728415));
#2216=CARTESIAN_POINT('',(0.159577766385388,0.00532151045181087,0.0272079338872902));
#2217=CARTESIAN_POINT('',(0.16063463530208,0.00450742664622742,0.0253734439976423));
#2218=CARTESIAN_POINT('',(0.161334813771307,0.00400350443705738,0.0239184595183303));
#2219=CARTESIAN_POINT('',(0.161875035262458,0.0036812148369068,0.0226495894655416));
#2220=CARTESIAN_POINT('',(0.162293443112652,0.00346014289786603,0.0216227715365204));
#2221=CARTESIAN_POINT('',(0.162604777958301,0.00329880494931364,0.0208502206371753));
#2222=CARTESIAN_POINT('',(0.16291700172791,0.00312477910369708,0.0200813719800018));
#2223=CARTESIAN_POINT('',(0.163180443579288,0.00294893791979793,0.0194503927763608));
#2224=CARTESIAN_POINT('',(0.163394246370511,0.00276490158877492,0.0189577768568879));
#2225=CARTESIAN_POINT('',(0.16355435187948,0.00259093714334812,0.0186016247453205));
#2226=CARTESIAN_POINT('',(0.163681202997864,0.00240066218347511,0.0183329524273532));
#2227=CARTESIAN_POINT('',(0.163767193767864,0.00217838567167752,0.0181648655409378));
#2228=CARTESIAN_POINT('',(0.163794676406529,0.00195553827728571,0.0181283885657473));
#2229=CARTESIAN_POINT('',(0.163752072377921,0.00176430829123477,0.018243865903184));
#2230=CARTESIAN_POINT('',(0.163662624053643,0.00160157350693855,0.0184625609118822));
#2231=CARTESIAN_POINT('',(0.163532469808978,0.00148067267988915,0.0187739255616627));
#2232=CARTESIAN_POINT('',(0.163374030256288,0.00139545564235471,0.0191558094680286));
#2233=CARTESIAN_POINT('',(0.163159985413635,0.00132664606657643,0.019678015036912));
#2234=CARTESIAN_POINT('',(0.162897354410459,0.0012947311122894,0.0203310199454588));
#2235=CARTESIAN_POINT('',(0.16258581839627,0.00129262816797723,0.0211180532395217));
#2236=CARTESIAN_POINT('',(0.162275168871381,0.0013024613776008,0.0219053264701102));
#2237=CARTESIAN_POINT('',(0.16185714336584,0.00130786318613126,0.0229536273740745));
#2238=CARTESIAN_POINT('',(0.161318646473293,0.00126527020204255,0.0242552919064867));
#2239=CARTESIAN_POINT('',(0.160624180967367,0.00108745535775506,0.0257672305619446));
#2240=CARTESIAN_POINT('',(0.159846445735594,0.000793985264658891,0.0272147884835912));
#2241=CARTESIAN_POINT('',(0.158943610470368,0.000415825904110086,0.0285820324129582));
#2242=CARTESIAN_POINT('',(0.158224479441825,0.000137767870175614,0.0294214289018987));
#2243=CARTESIAN_POINT('',(0.15783304976997,6.5761272203986E-6,0.0298109221582174));
#2244=CARTESIAN_POINT('',(0.15,0.00291218890229005,0.026591007047447));
#2245=CARTESIAN_POINT('',(0.15,0.00750760070308809,0.031877867426837));
#2246=CARTESIAN_POINT('',(0.151445365159138,0.00750760070308809,0.031877867426837));
#2247=CARTESIAN_POINT('',(0.153583705324454,0.0075353763831294,0.0315928668026754));
#2248=CARTESIAN_POINT('',(0.156211621685292,0.00712498244476152,0.0303976053631213));
#2249=CARTESIAN_POINT('',(0.157330741300317,0.00671838911863395,0.0295572448659883));
#2250=CARTESIAN_POINT('',(0.15783304976997,0.00644584423631578,0.0291057076060675));
#2251=CARTESIAN_POINT('',(0.15783304976997,6.5761272204385E-6,0.0298109221582174));
#2252=CARTESIAN_POINT('',(0.157332823005356,-0.000161080097744851,0.0303086742844782));
#2253=CARTESIAN_POINT('',(0.156233078954882,-0.000373496954479496,0.0312031486798191));
#2254=CARTESIAN_POINT('',(0.153614595681924,-0.000519949944986719,0.0324690620128047));
#2255=CARTESIAN_POINT('',(0.151445426254754,-0.000430007270441082,0.0327471768820973));
#2256=CARTESIAN_POINT('',(0.15,-0.000430007270441082,0.0327471768820973));
#2257=CARTESIAN_POINT('',(0.150002,0.,0.));
#2258=CARTESIAN_POINT('',(0.15,0.,0.));
#2259=CARTESIAN_POINT('',(0.155630387028728,-0.00648384089365565,0.0280846004035665));
#2260=CARTESIAN_POINT('',(0.155630387028728,-0.00648384089365565,0.0280846004035665));
#2261=CARTESIAN_POINT('',(0.15783304976997,-0.00351042875080657,0.0296035135271855));
#2262=CARTESIAN_POINT('',(0.15783304976997,-0.0098221737127159,0.0281463323849836));
#2263=CARTESIAN_POINT('',(0.15783304976997,-0.00351042875080658,0.0296035135271855));
#2264=CARTESIAN_POINT('',(0.158616491578485,-0.00367955921021667,0.028798488209544));
#2265=CARTESIAN_POINT('',(0.15957776638539,-0.00394622169010854,0.0274411638651906));
#2266=CARTESIAN_POINT('',(0.160634635302084,-0.00410997511719291,0.0254408462871886));
#2267=CARTESIAN_POINT('',(0.161334813771311,-0.00410602777017025,0.0239010729771225));
#2268=CARTESIAN_POINT('',(0.161875035262462,-0.00399196325659961,0.0225968908257427));
#2269=CARTESIAN_POINT('',(0.162293443112656,-0.00386214258137842,0.021554597942778));
#2270=CARTESIAN_POINT('',(0.162604777958306,-0.00375975716267594,0.0207720495086471));
#2271=CARTESIAN_POINT('',(0.162917001727916,-0.00367057084289415,0.0199888132397311));
#2272=CARTESIAN_POINT('',(0.163180443579294,-0.00362855263315157,0.019335139508093));
#2273=CARTESIAN_POINT('',(0.163394246370518,-0.00363988845226691,0.0188093911705204));
#2274=CARTESIAN_POINT('',(0.163554351879486,-0.00368670635566153,0.0184157974221343));
#2275=CARTESIAN_POINT('',(0.16368120299787,-0.00377776410626103,0.0180994149623599));
#2276=CARTESIAN_POINT('',(0.163767193767869,-0.00393219624650412,0.0178674434918236));
#2277=CARTESIAN_POINT('',(0.163794676406528,-0.00413055790729185,0.0177595352788084));
#2278=CARTESIAN_POINT('',(0.163752072377916,-0.00434916783538075,0.0178055094277023));
#2279=CARTESIAN_POINT('',(0.163662624053637,-0.00457490565700063,0.0179583248481907));
#2280=CARTESIAN_POINT('',(0.163532469808972,-0.00479170081267,0.0182124209237053));
#2281=CARTESIAN_POINT('',(0.163374030256282,-0.00499805683366035,0.0185448580666786));
#2282=CARTESIAN_POINT('',(0.163159985413629,-0.00523518548961397,0.019015180737211));
#2283=CARTESIAN_POINT('',(0.162897354410453,-0.00548060565720011,0.0196211534397596));
#2284=CARTESIAN_POINT('',(0.162585818396265,-0.00574206853839825,0.0203634896102997));
#2285=CARTESIAN_POINT('',(0.162275168871376,-0.00599234173254756,0.0211099875405725));
#2286=CARTESIAN_POINT('',(0.161857143365836,-0.00633285694588149,0.0221014578398115));
#2287=CARTESIAN_POINT('',(0.16131864647329,-0.00680221513411134,0.0233163025246864));
#2288=CARTESIAN_POINT('',(0.160624180967365,-0.00746856020718116,0.0246850833180586));
#2289=CARTESIAN_POINT('',(0.159846445735593,-0.00822286840512905,0.0259549525139075));
#2290=CARTESIAN_POINT('',(0.158943610470367,-0.00903065203868564,0.0271210768922286));
#2291=CARTESIAN_POINT('',(0.158224479441824,-0.00956990474562476,0.0278218687685646));
#2292=CARTESIAN_POINT('',(0.15783304976997,-0.00982217371271589,0.0281463323849836));
#2293=CARTESIAN_POINT('',(0.15,-0.00601744070369839,0.0260643992330051));
#2294=CARTESIAN_POINT('',(0.15,-0.00342199128827685,0.03257073035139));
#2295=CARTESIAN_POINT('',(0.151445365159138,-0.00342199128827685,0.03257073035139));
#2296=CARTESIAN_POINT('',(0.153583705324453,-0.00330180653403581,0.0323108217731895));
#2297=CARTESIAN_POINT('',(0.156211621685292,-0.00329518843002031,0.0310470855292551));
#2298=CARTESIAN_POINT('',(0.157330741300317,-0.00340198973042922,0.0301196603946894));
#2299=CARTESIAN_POINT('',(0.15783304976997,-0.00351042875080659,0.0296035135271855));
#2300=CARTESIAN_POINT('',(0.15783304976997,-0.0098221737127159,0.0281463323849836));
#2301=CARTESIAN_POINT('',(0.157332823005356,-0.010144560333594,0.0285609800132725));
#2302=CARTESIAN_POINT('',(0.156233078954882,-0.0106400005963545,0.0293354116183748));
#2303=CARTESIAN_POINT('',(0.153614595681924,-0.0111956250402948,0.0304822623158743));
#2304=CARTESIAN_POINT('',(0.151445426254754,-0.0112024030195058,0.0307744807687891));
#2305=CARTESIAN_POINT('',(0.15,-0.0112024030195058,0.0307744807687891));
#2306=CARTESIAN_POINT('',(0.150002,0.,0.));
#2307=CARTESIAN_POINT('',(0.15,0.,0.));
#2308=CARTESIAN_POINT('',(0.155630387028728,-0.0153805530266734,0.0243767011951153));
#2309=CARTESIAN_POINT('',(0.155630387028728,-0.0153805530266734,0.0243767011951153));
#2310=CARTESIAN_POINT('',(0.15783304976997,-0.0130741587173311,0.0267909965660626));
#2311=CARTESIAN_POINT('',(0.15783304976997,-0.0185525888443518,0.0233343645797604));
#2312=CARTESIAN_POINT('',(0.15783304976997,-0.0130741587173311,0.0267909965660626));
#2313=CARTESIAN_POINT('',(0.158616491578484,-0.0129684236106481,0.0259752202722432));
#2314=CARTESIAN_POINT('',(0.159577766385388,-0.0127726795911442,0.0246058691365654));
#2315=CARTESIAN_POINT('',(0.160634635302082,-0.0122677914106849,0.0226634033008371));
#2316=CARTESIAN_POINT('',(0.161334813771309,-0.0117564159075476,0.0212110216282978));
#2317=CARTESIAN_POINT('',(0.16187503526246,-0.0112187521976415,0.0200173635816692));
#2318=CARTESIAN_POINT('',(0.162293443112654,-0.0107525557104079,0.0190761469770117));
#2319=CARTESIAN_POINT('',(0.162604777958303,-0.0103978958625649,0.018371107107181));
#2320=CARTESIAN_POINT('',(0.162917001727913,-0.0100554703663979,0.017661066240642));
#2321=CARTESIAN_POINT('',(0.163180443579291,-0.00980029132154764,0.0170577930583669));
#2322=CARTESIAN_POINT('',(0.163394246370514,-0.0096376590352509,0.0165577025118567));
#2323=CARTESIAN_POINT('',(0.163554351879483,-0.00955209512692579,0.0161706795507305));
#2324=CARTESIAN_POINT('',(0.163681202997867,-0.00953375341217351,0.015841965455662));
#2325=CARTESIAN_POINT('',(0.163767193767866,-0.00960307227636606,0.0155720489053183));
#2326=CARTESIAN_POINT('',(0.163794676406529,-0.00975476701399876,0.0154047759622552));
#2327=CARTESIAN_POINT('',(0.163752072377919,-0.0099763114936711,0.0153761060031897));
#2328=CARTESIAN_POINT('',(0.16366262405364,-0.0102398099071379,0.0154459537157471));
#2329=CARTESIAN_POINT('',(0.163532469808975,-0.0105282569323761,0.0156143676960017));
#2330=CARTESIAN_POINT('',(0.163374030256285,-0.0108326768022619,0.0158601843029386));
#2331=CARTESIAN_POINT('',(0.163159985413632,-0.0112116083474984,0.0162260316726382));
#2332=CARTESIAN_POINT('',(0.162897354410456,-0.011643090364415,0.0167172111143603));
#2333=CARTESIAN_POINT('',(0.162585818396268,-0.0121346758908622,0.0173318406763934));
#2334=CARTESIAN_POINT('',(0.162275168871379,-0.0126170694498764,0.0179540884452393));
#2335=CARTESIAN_POINT('',(0.161857143365839,-0.0132654246067771,0.0187778599883912));
#2336=CARTESIAN_POINT('',(0.161318646473291,-0.0141090634469675,0.0197700385129284));
#2337=CARTESIAN_POINT('',(0.160624180967366,-0.0151894267372364,0.0208426016941688));
#2338=CARTESIAN_POINT('',(0.159846445735594,-0.0163202248194909,0.0217927829027972));
#2339=CARTESIAN_POINT('',(0.158943610470367,-0.0174673047775307,0.0226273894174031));
#2340=CARTESIAN_POINT('',(0.158224479441825,-0.0182074518632736,0.0231112127605221));
#2341=CARTESIAN_POINT('',(0.15783304976997,-0.0185525888443518,0.0233343645797604));
#2342=CARTESIAN_POINT('',(0.15,-0.0142741883007426,0.0226232192305813));
#2343=CARTESIAN_POINT('',(0.15,-0.013968929509372,0.0296214703950057));
#2344=CARTESIAN_POINT('',(0.151445365159138,-0.013968929509372,0.0296214703950057));
#2345=CARTESIAN_POINT('',(0.153583705324453,-0.0137697749756181,0.0294157173491972));
#2346=CARTESIAN_POINT('',(0.156211621685292,-0.0133468848785766,0.0282248197636095));
#2347=CARTESIAN_POINT('',(0.157330741300317,-0.0131419514226084,0.0273140364871831));
#2348=CARTESIAN_POINT('',(0.15783304976997,-0.0130741587173311,0.0267909965660626));
#2349=CARTESIAN_POINT('',(0.15783304976997,-0.0185525888443518,0.0233343645797604));
#2350=CARTESIAN_POINT('',(0.157332823005356,-0.0189936559575716,0.0236195409998984));
#2351=CARTESIAN_POINT('',(0.156233078954882,-0.0197167185255024,0.024187331355402));
#2352=CARTESIAN_POINT('',(0.153614595681924,-0.0206193834089671,0.0250868763254947));
#2353=CARTESIAN_POINT('',(0.151445426254754,-0.0207221241150197,0.025360521922108));
#2354=CARTESIAN_POINT('',(0.15,-0.0207221241150197,0.025360521922108));
#2355=CARTESIAN_POINT('',(0.150002,0.,0.));
#2356=CARTESIAN_POINT('',(0.15,0.,0.));
#2357=CARTESIAN_POINT('',(0.155630387028728,-0.0225573815864471,0.0179429514998416));
#2358=CARTESIAN_POINT('',(0.155630387028728,-0.0225573815864471,0.0179429514998416));
#2359=CARTESIAN_POINT('',(0.15783304976997,-0.0211759106410031,0.0209826578796156));
#2360=CARTESIAN_POINT('',(0.15783304976997,-0.0252084171429126,0.0159131024102045));
#2361=CARTESIAN_POINT('',(0.15783304976997,-0.0211759106410032,0.0209826578796156));
#2362=CARTESIAN_POINT('',(0.158616491578485,-0.0208071334750142,0.0202473523130729));
#2363=CARTESIAN_POINT('',(0.159577766385389,-0.0201708714358798,0.0190190979129133));
#2364=CARTESIAN_POINT('',(0.160634635302083,-0.0190537992333994,0.0173516941549148));
#2365=CARTESIAN_POINT('',(0.16133481377131,-0.018092178584802,0.0161491122840512));
#2366=CARTESIAN_POINT('',(0.161875035262461,-0.0171910382879994,0.0151994555235789));
#2367=CARTESIAN_POINT('',(0.162293443112655,-0.0164405969933346,0.0144645638820054));
#2368=CARTESIAN_POINT('',(0.162604777958304,-0.0158733214753912,0.0139158715160431));
#2369=CARTESIAN_POINT('',(0.162917001727914,-0.015315947492705,0.0133584242126989));
#2370=CARTESIAN_POINT('',(0.163180443579292,-0.0148761422334935,0.0128730107689696));
#2371=CARTESIAN_POINT('',(0.163394246370515,-0.0145577277026712,0.0124544991182161));
#2372=CARTESIAN_POINT('',(0.163554351879484,-0.0143493499064943,0.0121173246101238));
#2373=CARTESIAN_POINT('',(0.163681202997868,-0.0142236597328728,0.0118130363338926));
#2374=CARTESIAN_POINT('',(0.163767193767868,-0.0142001139498135,0.0115353573012258));
#2375=CARTESIAN_POINT('',(0.163794676406529,-0.0142881789615339,0.0113274244163389));
#2376=CARTESIAN_POINT('',(0.163752072377917,-0.014487884455018,0.0112273162803149));
#2377=CARTESIAN_POINT('',(0.163662624053639,-0.0147596785514859,0.01120638577688));
#2378=CARTESIAN_POINT('',(0.163532469808974,-0.0150875227347993,0.0112702852806446));
#2379=CARTESIAN_POINT('',(0.163374030256284,-0.0154559656273051,0.0114019936569506));
#2380=CARTESIAN_POINT('',(0.163159985413631,-0.0159343271940268,0.0116224559561645));
#2381=CARTESIAN_POINT('',(0.162897354410455,-0.0165036218957756,0.0119439174895604));
#2382=CARTESIAN_POINT('',(0.162585818396267,-0.0171703600107826,0.0123621113612683));
#2383=CARTESIAN_POINT('',(0.162275168871378,-0.01783093174178,0.0127905280040576));
#2384=CARTESIAN_POINT('',(0.161857143365838,-0.0187146264983353,0.0133544850432212));
#2385=CARTESIAN_POINT('',(0.161318646473291,-0.0198382086425066,0.0140130500609147));
#2386=CARTESIAN_POINT('',(0.160624180967365,-0.0212117818101928,0.0146694595137142));
#2387=CARTESIAN_POINT('',(0.159846445735593,-0.0225926217197194,0.015193701610763));
#2388=CARTESIAN_POINT('',(0.158943610470367,-0.0239507292739576,0.0156034629260164));
#2389=CARTESIAN_POINT('',(0.158224479441824,-0.024809006041269,0.0158162156617768));
#2390=CARTESIAN_POINT('',(0.15783304976997,-0.0252084171429126,0.0159131024102045));
#2391=CARTESIAN_POINT('',(0.15,-0.0209347681958021,0.0166522665300564));
#2392=CARTESIAN_POINT('',(0.15,-0.0229538346646008,0.0233598795842395));
#2393=CARTESIAN_POINT('',(0.151445365159138,-0.0229538346646008,0.0233598795842396));
#2394=CARTESIAN_POINT('',(0.153583705324453,-0.022697980201485,0.0232312897795196));
#2395=CARTESIAN_POINT('',(0.156211621685292,-0.0219061065106009,0.022246399353523));
#2396=CARTESIAN_POINT('',(0.157330741300317,-0.0214123543588107,0.0214541035056255));
#2397=CARTESIAN_POINT('',(0.15783304976997,-0.0211759106410032,0.0209826578796156));
#2398=CARTESIAN_POINT('',(0.15783304976997,-0.0252084171429126,0.0159131024102045));
#2399=CARTESIAN_POINT('',(0.157332823005356,-0.0257188437597287,0.0160369186361701));
#2400=CARTESIAN_POINT('',(0.156233078954882,-0.0265886743598492,0.0163345763120996));
#2401=CARTESIAN_POINT('',(0.153614595681924,-0.027737441927055,0.016886226673828));
#2402=CARTESIAN_POINT('',(0.151445426254754,-0.0279246566929075,0.0171106998273962));
#2403=CARTESIAN_POINT('',(0.15,-0.0279246566929075,0.0171106998273962));
#2404=CARTESIAN_POINT('',(0.150002,0.,0.));
#2405=CARTESIAN_POINT('',(0.15,0.,0.));
#2406=CARTESIAN_POINT('',(0.155630387028728,-0.0272117995424767,0.00950278581376598));
#2407=CARTESIAN_POINT('',(0.155630387028728,-0.0272117995424767,0.00950278581376597));
#2408=CARTESIAN_POINT('',(0.15783304976997,-0.0269097307486486,0.0128279972795437));
#2409=CARTESIAN_POINT('',(0.15783304976997,-0.0290453908478581,0.00671240595195967));
#2410=CARTESIAN_POINT('',(0.15783304976997,-0.0269097307486486,0.0128279972795437));
#2411=CARTESIAN_POINT('',(0.158616491578484,-0.0263191489085684,0.0122553857493505));
#2412=CARTESIAN_POINT('',(0.159577766385388,-0.025313516917594,0.0113055738981498));
#2413=CARTESIAN_POINT('',(0.160634635302081,-0.0237091738953594,0.010099684572903));
#2414=CARTESIAN_POINT('',(0.161334813771308,-0.0224048384062501,0.00928137756463188));
#2415=CARTESIAN_POINT('',(0.161875035262459,-0.0212409887960678,0.00868191456985339));
#2416=CARTESIAN_POINT('',(0.162293443112653,-0.0202902185098174,0.0082355249145354));
#2417=CARTESIAN_POINT('',(0.162604777958302,-0.0195737611816049,0.00790453590780994));
#2418=CARTESIAN_POINT('',(0.162917001727912,-0.0188637653631592,0.00756201701727982));
#2419=CARTESIAN_POINT('',(0.163180443579289,-0.0182885137753444,0.00724874319440373));
#2420=CARTESIAN_POINT('',(0.163394246370513,-0.0178499227366744,0.00695860923214974));
#2421=CARTESIAN_POINT('',(0.163554351879481,-0.0175420322660709,0.00670898669118398));
#2422=CARTESIAN_POINT('',(0.163681202997866,-0.0173230485550457,0.00646315034500583));
#2423=CARTESIAN_POINT('',(0.163767193767865,-0.017209271060326,0.00620875944348336));
#2424=CARTESIAN_POINT('',(0.163794676406529,-0.0172238587439769,0.00598341807934422));
#2425=CARTESIAN_POINT('',(0.163752072377919,-0.017379393791722,0.00582306605425913));
#2426=CARTESIAN_POINT('',(0.163662624053642,-0.0176290910228212,0.00571369782472844));
#2427=CARTESIAN_POINT('',(0.163532469808976,-0.0179596721853154,0.00566593748429862));
#2428=CARTESIAN_POINT('',(0.163374030256286,-0.0183509380943426,0.00566880974128942));
#2429=CARTESIAN_POINT('',(0.163159985413633,-0.0188752383549467,0.0057192344437856));
#2430=CARTESIAN_POINT('',(0.162897354410457,-0.0195186860926085,0.00583503161037876));
#2431=CARTESIAN_POINT('',(0.162585818396269,-0.0202860208338726,0.00601002653369619));
#2432=CARTESIAN_POINT('',(0.16227516887138,-0.0210509043116921,0.00619670566207179));
#2433=CARTESIAN_POINT('',(0.16185714336584,-0.0220711221888775,0.00643778541621552));
#2434=CARTESIAN_POINT('',(0.161318646473292,-0.0233490064803314,0.00668909489651787));
#2435=CARTESIAN_POINT('',(0.160624180967366,-0.0248621938827015,0.00685594962981792));
#2436=CARTESIAN_POINT('',(0.159846445735593,-0.0263386673954567,0.0068956308368933));
#2437=CARTESIAN_POINT('',(0.158943610470367,-0.0277559362983556,0.00683472663971257));
#2438=CARTESIAN_POINT('',(0.158224479441824,-0.0286363685575668,0.00675261834037348));
#2439=CARTESIAN_POINT('',(0.15783304976997,-0.0290453908478581,0.00671240595195965));
#2440=CARTESIAN_POINT('',(0.15,-0.025254381295507,0.00881922476077957));
#2441=CARTESIAN_POINT('',(0.15,-0.0293719970561498,0.0144861412713505));
#2442=CARTESIAN_POINT('',(0.151445365159138,-0.0293719970561498,0.0144861412713505));
#2443=CARTESIAN_POINT('',(0.153583705324454,-0.0290880528110114,0.0144490938716181));
#2444=CARTESIAN_POINT('',(0.156211621685292,-0.0280157443938499,0.0137803429822588));
#2445=CARTESIAN_POINT('',(0.157330741300317,-0.027288385879217,0.0131951306368796));
#2446=CARTESIAN_POINT('',(0.15783304976997,-0.0269097307486486,0.0128279972795437));
#2447=CARTESIAN_POINT('',(0.15783304976997,-0.0290453908478581,0.00671240595195967));
#2448=CARTESIAN_POINT('',(0.157332823005356,-0.0295681000639431,0.00666101661078287));
#2449=CARTESIAN_POINT('',(0.156233078954882,-0.0304874325343631,0.00665525694264044));
#2450=CARTESIAN_POINT('',(0.153614595681924,-0.0317538453452632,0.00679732607175496));
#2451=CARTESIAN_POINT('',(0.151445426254754,-0.0320045994490039,0.00694752575445504));
#2452=CARTESIAN_POINT('',(0.15,-0.0320045994490039,0.00694752575445504));
#2453=CARTESIAN_POINT('',(0.0379147302033843,0.0496506238502047,-0.00539030060834795));
#2454=CARTESIAN_POINT('',(0.0377323343612621,0.0497676183935247,-0.00423104433500375));
#2455=CARTESIAN_POINT('',(0.0376091360463131,0.0498477150640716,-0.00305756630064019));
#2456=CARTESIAN_POINT('',(0.03745614166683,0.0499468617073303,-0.000214647662887662));
#2457=CARTESIAN_POINT('',(0.0374860494427465,0.049927365782243,0.00146208873118585));
#2458=CARTESIAN_POINT('',(0.037783088610233,0.0497351875745772,0.00477295149937662));
#2459=CARTESIAN_POINT('',(0.0380497875000487,0.0495625143904309,0.00641030734860692));
#2460=CARTESIAN_POINT('',(0.0388170546286482,0.04907896835972,0.00960387622771123));
#2461=CARTESIAN_POINT('',(0.0393178667012625,0.0487678556781947,0.0111603990350619));
#2462=CARTESIAN_POINT('',(0.0405058233634787,0.0480651391637675,0.014034794255187));
#2463=CARTESIAN_POINT('',(0.0411777266978801,0.0476805404248986,0.0153631117749683));
#2464=CARTESIAN_POINT('',(0.0427104770247901,0.0468623498363096,0.0178627461533152));
#2465=CARTESIAN_POINT('',(0.0435726157474216,0.0464279427227753,0.0190370377367344));
#2466=CARTESIAN_POINT('',(0.0454818210602671,0.0455584443264519,0.0212095126669744));
#2467=CARTESIAN_POINT('',(0.0465296932176081,0.0451234146303313,0.0222077078443784));
#2468=CARTESIAN_POINT('',(0.0487880731988579,0.04431434282189,0.0240039063358782));
#2469=CARTESIAN_POINT('',(0.0499980857203307,0.0439408694015556,0.0248017732913229));
#2470=CARTESIAN_POINT('',(0.0525516356423439,0.0433082068861805,0.0261980682245258));
#2471=CARTESIAN_POINT('',(0.0538938523866391,0.0430497757299029,0.0267958583131251));
#2472=CARTESIAN_POINT('',(0.0566717866586813,0.0426827787920239,0.0278085739971793));
#2473=CARTESIAN_POINT('',(0.0581060083202748,0.0425744136579769,0.0282233633630756));
#2474=CARTESIAN_POINT('',(0.062492637659974,0.0424892578476153,0.0292392930239587));
#2475=CARTESIAN_POINT('',(0.065514081634488,0.0427558742030632,0.0296136629732003));
#2476=CARTESIAN_POINT('',(0.0700862956531217,0.0435624417937473,0.0299124707710323));
#2477=CARTESIAN_POINT('',(0.0716173318497435,0.0438979880326779,0.02996750769208));
#2478=CARTESIAN_POINT('',(0.0746869015744918,0.0446841505594768,0.0300108681947592));
#2479=CARTESIAN_POINT('',(0.0762242133975835,0.045134416871663,0.0299991865639251));
#2480=CARTESIAN_POINT('',(0.0793093969844937,0.046134135067829,0.029924970820561));
#2481=CARTESIAN_POINT('',(0.0808608593092927,0.0466845180961651,0.0298622111158053));
#2482=CARTESIAN_POINT('',(0.0839788207155397,0.0478724516845472,0.0296956005886028));
#2483=CARTESIAN_POINT('',(0.0855432103717162,0.0485092953308489,0.0295919145593479));
#2484=CARTESIAN_POINT('',(0.0902683808188383,0.0505353905824056,0.0292286161369986));
#2485=CARTESIAN_POINT('',(0.093493387272093,0.0520506713199954,0.0289148192127458));
#2486=CARTESIAN_POINT('',(0.100142365790348,0.0553672231218007,0.0281492846063272));
#2487=CARTESIAN_POINT('',(0.103614007223834,0.0571879623016918,0.027691707856634));
#2488=CARTESIAN_POINT('',(0.10821352124465,0.0596799138858532,0.0269881702627153));
#2489=CARTESIAN_POINT('',(0.109149047200074,0.0601903078810002,0.0268403264062589));
#2490=CARTESIAN_POINT('',(0.111078107323742,0.0612478667312277,0.0265235894799387));
#2491=CARTESIAN_POINT('',(0.112068551694455,0.0617936002462617,0.0263552498675289));
#2492=CARTESIAN_POINT('',(0.11512681857893,0.0634866249903153,0.025814629679628));
#2493=CARTESIAN_POINT('',(0.117281494250015,0.0646896654983241,0.0254074251244864));
#2494=CARTESIAN_POINT('',(0.119580636588697,0.0659828555434122,0.0249313530493113));
#2495=CARTESIAN_POINT('',(0.0367198826073174,0.0484483943847586,-0.00541907286000344));
#2496=CARTESIAN_POINT('',(0.0365469900854263,0.0485786327179903,-0.0042519169671156));
#2497=CARTESIAN_POINT('',(0.0364309592295684,0.0486676904391982,-0.00307255075510182));
#2498=CARTESIAN_POINT('',(0.0362867632829111,0.0487781802345018,-0.000215039819803346));
#2499=CARTESIAN_POINT('',(0.0363147636138004,0.0487564295442253,0.00146815218039653));
#2500=CARTESIAN_POINT('',(0.0365951088717965,0.0485424584630057,0.00479667246405505));
#2501=CARTESIAN_POINT('',(0.0368467898136212,0.0483507355840009,0.00644287322076661));
#2502=CARTESIAN_POINT('',(0.0375775185349679,0.0478127285826327,0.00966193369483085));
#2503=CARTESIAN_POINT('',(0.0380559231558101,0.0474668748261349,0.0112334349937457));
#2504=CARTESIAN_POINT('',(0.0392026646850182,0.0466803233510112,0.0141462850575699));
#2505=CARTESIAN_POINT('',(0.0398546745894304,0.0462484654096016,0.015496574231523));
#2506=CARTESIAN_POINT('',(0.0413565552266164,0.0453179281779301,0.018047809927443));
#2507=CARTESIAN_POINT('',(0.0422071853401953,0.0448186494704657,0.0192521985782474));
#2508=CARTESIAN_POINT('',(0.0441096198002281,0.0437969268573076,0.0214894661789805));
#2509=CARTESIAN_POINT('',(0.0451623232304019,0.0432742503952803,0.0225234633395688));
#2510=CARTESIAN_POINT('',(0.0474510840740252,0.0422619045960054,0.0243892917166203));
#2511=CARTESIAN_POINT('',(0.0486875230797301,0.0417721724617878,0.0252223325140241));
#2512=CARTESIAN_POINT('',(0.0513157779457888,0.0408744741763776,0.0266785532737056));
#2513=CARTESIAN_POINT('',(0.0527079734370197,0.0404665771088816,0.0273022334448063));
#2514=CARTESIAN_POINT('',(0.0556054433950888,0.0397660183290611,0.0283479774600958));
#2515=CARTESIAN_POINT('',(0.0571114695343609,0.039473172350958,0.0287705806963281));
#2516=CARTESIAN_POINT('',(0.0617428731336145,0.038782562461572,0.0297733722113767));
#2517=CARTESIAN_POINT('',(0.0649691391734461,0.0385789114450121,0.030086951117997));
#2518=CARTESIAN_POINT('',(0.0698575420362293,0.0385916124586131,0.0301954996657113));
#2519=CARTESIAN_POINT('',(0.0715050062935848,0.0386485674452084,0.0301703310570907));
#2520=CARTESIAN_POINT('',(0.0748144804162481,0.0388514137614275,0.0300181136522777));
#2521=CARTESIAN_POINT('',(0.0764769758946983,0.0389977676897572,0.0298904746755823));
#2522=CARTESIAN_POINT('',(0.0798172290347539,0.0393657409508585,0.0295464899743457));
#2523=CARTESIAN_POINT('',(0.0815006061634427,0.0395885926103321,0.0293287241007761));
#2524=CARTESIAN_POINT('',(0.0848838230298373,0.0400992080979215,0.0288110202105649));
#2525=CARTESIAN_POINT('',(0.0865831684890577,0.0403873527592578,0.0285106052112206));
#2526=CARTESIAN_POINT('',(0.0917338670095143,0.0413404256391479,0.0274855880202165));
#2527=CARTESIAN_POINT('',(0.0952388231552946,0.0420971418324706,0.0266328712048016));
#2528=CARTESIAN_POINT('',(0.102378611304178,0.0437986515901064,0.0245623275486752));
#2529=CARTESIAN_POINT('',(0.106095943426548,0.044767432583054,0.0233123627773103));
#2530=CARTESIAN_POINT('',(0.110825506134533,0.0460810148006945,0.0214246576095882));
#2531=CARTESIAN_POINT('',(0.111795273928071,0.0463544597412061,0.0210221910481741));
#2532=CARTESIAN_POINT('',(0.11377934008078,0.046921959130965,0.0201615105317081));
#2533=CARTESIAN_POINT('',(0.114791944970044,0.0472156511015023,0.0197036571630138));
#2534=CARTESIAN_POINT('',(0.117905926300255,0.0481310066960688,0.0182276829889814));
#2535=CARTESIAN_POINT('',(0.120062548338453,0.0487814653592472,0.0171153463556989));
#2536=CARTESIAN_POINT('',(0.122256609313482,0.0494590764544443,0.015844972167202));
#2537=CARTESIAN_POINT('',(0.035041156314414,0.0484210261590207,-0.00565349480868393));
#2538=CARTESIAN_POINT('',(0.0348772072792868,0.0485633228913641,-0.00443435162325362));
#2539=CARTESIAN_POINT('',(0.0347677868905803,0.0486603708333635,-0.00320342334295874));
#2540=CARTESIAN_POINT('',(0.0346320473715929,0.048780676633921,-0.000224276814469573));
#2541=CARTESIAN_POINT('',(0.034658238950571,0.0487570334170477,0.00153049950534897));
#2542=CARTESIAN_POINT('',(0.0349227730202721,0.0485238117279986,0.00500304224974364));
#2543=CARTESIAN_POINT('',(0.0351611205793375,0.0483144079055101,0.00672425732703433));
#2544=CARTESIAN_POINT('',(0.0358600033443627,0.0477231748997889,0.0100993180633321));
#2545=CARTESIAN_POINT('',(0.036320901982975,0.0473410759965592,0.0117535239858091));
#2546=CARTESIAN_POINT('',(0.0374374347874067,0.0464640889488361,0.0148332320361516));
#2547=CARTESIAN_POINT('',(0.038077660821428,0.045978834645848,0.0162680132187558));
#2548=CARTESIAN_POINT('',(0.0395661863739572,0.0449209218988799,0.0189950589688628));
#2549=CARTESIAN_POINT('',(0.040416026742071,0.0443473546743613,0.0202904542918767));
#2550=CARTESIAN_POINT('',(0.0423337649310647,0.0431546104373835,0.0227171741196391));
#2551=CARTESIAN_POINT('',(0.0434026677755555,0.0425353811714271,0.0238485000161435));
#2552=CARTESIAN_POINT('',(0.0457444070280993,0.0413073561094414,0.0259174060366078));
#2553=CARTESIAN_POINT('',(0.047016672849367,0.0406991364577686,0.0268547863451728));
#2554=CARTESIAN_POINT('',(0.0497387601214982,0.0395423307985723,0.0285307436473224));
#2555=CARTESIAN_POINT('',(0.0511870088032984,0.0389945896181576,0.02926858221534));
#2556=CARTESIAN_POINT('',(0.0542179195082406,0.0379935289117751,0.0305568271457419));
#2557=CARTESIAN_POINT('',(0.0557987767121646,0.037540576026807,0.0311070459769158));
#2558=CARTESIAN_POINT('',(0.0606783752380299,0.0363416669951222,0.0325172011611292));
#2559=CARTESIAN_POINT('',(0.064096845609179,0.0357602192785258,0.0331377325375682));
#2560=CARTESIAN_POINT('',(0.0693430409290852,0.035158004270991,0.0337722113700879));
#2561=CARTESIAN_POINT('',(0.0711117397272198,0.0350014288759913,0.0339336362145413));
#2562=CARTESIAN_POINT('',(0.074679659443946,0.0347627217657662,0.0341781343191496));
#2563=CARTESIAN_POINT('',(0.0764774217160722,0.0346805003730853,0.0342612123449445));
#2564=CARTESIAN_POINT('',(0.080104973571763,0.0345782359086039,0.0343644202471376));
#2565=CARTESIAN_POINT('',(0.0819390333028552,0.0345583911253198,0.0343843016528134));
#2566=CARTESIAN_POINT('',(0.0856421819198627,0.0345723045261814,0.0343703121468402));
#2567=CARTESIAN_POINT('',(0.0875087549579327,0.0346058418549521,0.0343366391901109));
#2568=CARTESIAN_POINT('',(0.0931685181906149,0.0347769742020523,0.0341635901333134));
#2569=CARTESIAN_POINT('',(0.0970602435811949,0.0349879932105577,0.0339498211271023));
#2570=CARTESIAN_POINT('',(0.10511813234514,0.0355855681118208,0.0333229255261784));
#2571=CARTESIAN_POINT('',(0.109341264452613,0.0359794780249192,0.0329030527625118));
#2572=CARTESIAN_POINT('',(0.114938092956911,0.0366061542623937,0.0321960816151629));
#2573=CARTESIAN_POINT('',(0.116076474211857,0.0367387140123311,0.0320449211902584));
#2574=CARTESIAN_POINT('',(0.118422711112614,0.0370240067646041,0.0317148703996135));
#2575=CARTESIAN_POINT('',(0.119626881701035,0.0371761598015511,0.0315366396577881));
#2576=CARTESIAN_POINT('',(0.123342706536428,0.0376641042395353,0.0309553508430442));
#2577=CARTESIAN_POINT('',(0.125957612945785,0.0380312824438464,0.0305065208724629));
#2578=CARTESIAN_POINT('',(0.12874178750946,0.0384499315628043,0.0299694054464828));
#2579=CARTESIAN_POINT('',(0.12874178750946,0.0384499315628043,0.0299694054464828));
#2580=CARTESIAN_POINT('',(0.12790611858193,0.0398685510712604,0.0281493552252263));
#2581=CARTESIAN_POINT('',(0.126073182914455,0.0434903660407719,0.0247924810978542));
#2582=CARTESIAN_POINT('',(0.123250084794059,0.0508973432795946,0.0218985639012162));
#2583=CARTESIAN_POINT('',(0.120910945767998,0.0590049541261108,0.0219535778360895));
#2584=CARTESIAN_POINT('',(0.11992545783947,0.0638536297407045,0.0237604976098111));
#2585=CARTESIAN_POINT('',(0.119580636588697,0.0659828555434122,0.0249313530493113));
#2586=CARTESIAN_POINT('',(0.128741787490176,0.0384499301670703,0.0299694072371713));
#2587=CARTESIAN_POINT('',(0.119580635731564,0.0659828561294767,0.0249313537323119));
#2588=CARTESIAN_POINT('',(0.037706540636156,0.0497843025633618,0.00383809530870431));
#2589=CARTESIAN_POINT('',(0.0378223874432768,0.0497095117878653,0.0048830931749067));
#2590=CARTESIAN_POINT('',(0.0381431813959508,0.0495019477408703,0.0069111692096219));
#2591=CARTESIAN_POINT('',(0.0387375752851426,0.0491268270173864,0.00927095036578502));
#2592=CARTESIAN_POINT('',(0.0393122205168512,0.0487743476688499,0.0110464008338422));
#2593=CARTESIAN_POINT('',(0.039788025480729,0.0484882760915527,0.0123195231677183));
#2594=CARTESIAN_POINT('',(0.0402205522689863,0.0482340149799022,0.0133350328064566));
#2595=CARTESIAN_POINT('',(0.0405364872293384,0.0480516791339908,0.0140140763680958));
#2596=CARTESIAN_POINT('',(0.0407264264457235,0.0479431767330021,0.0144043939447592));
#2597=CARTESIAN_POINT('',(0.040857037083715,0.0478689668044742,0.0146663568725329));
#2598=CARTESIAN_POINT('',(0.0410432720187679,0.0477640426424167,0.0150282866992133));
#2599=CARTESIAN_POINT('',(0.0412776719917446,0.0476334287946893,0.0154673645047086));
#2600=CARTESIAN_POINT('',(0.0417073953199308,0.0473974384212264,0.0162348963404855));
#2601=CARTESIAN_POINT('',(0.0423464536460229,0.0470573552306026,0.0172712860134331));
#2602=CARTESIAN_POINT('',(0.043157042685783,0.0466450512580251,0.0184378975879542));
#2603=CARTESIAN_POINT('',(0.044285100679043,0.0460989083759694,0.0198856035051704));
#2604=CARTESIAN_POINT('',(0.0454787486718737,0.045566441393792,0.0211805282685535));
#2605=CARTESIAN_POINT('',(0.0465543582483431,0.0451320855641348,0.0221802799232435));
#2606=CARTESIAN_POINT('',(0.0471893436807433,0.044890191962483,0.0227253448462748));
#2607=CARTESIAN_POINT('',(0.047637924638178,0.0447254337643985,0.0230926274963754));
#2608=CARTESIAN_POINT('',(0.0482113044362604,0.0445244688511753,0.0235366008322586));
#2609=CARTESIAN_POINT('',(0.0489488448154163,0.0442799528282585,0.0240726962742105));
#2610=CARTESIAN_POINT('',(0.0502908947688188,0.0438695248136518,0.0249667471275537));
#2611=CARTESIAN_POINT('',(0.0522822154532997,0.0433648939421988,0.0260715352727155));
#2612=CARTESIAN_POINT('',(0.0543733798035561,0.0429828223656564,0.0269786007925482));
#2613=CARTESIAN_POINT('',(0.0560842627120752,0.0427621748949821,0.0275924201940736));
#2614=CARTESIAN_POINT('',(0.0574076947283179,0.0426401210649006,0.0280063721488908));
#2615=CARTESIAN_POINT('',(0.0586758264148964,0.0425677652178096,0.0283520754203702));
#2616=CARTESIAN_POINT('',(0.0604420683040447,0.0425242358703909,0.028771506278923));
#2617=CARTESIAN_POINT('',(0.0627204599978901,0.0425792745612443,0.0291996499762167));
#2618=CARTESIAN_POINT('',(0.0650970662695152,0.042784128408437,0.0295147803949725));
#2619=CARTESIAN_POINT('',(0.0668194025690992,0.0430119576113646,0.0296812754778697));
#2620=CARTESIAN_POINT('',(0.0678013849032122,0.0431631437779832,0.0297606872262238));
#2621=CARTESIAN_POINT('',(0.0685895618877109,0.0432968733348178,0.0298157368625793));
#2622=CARTESIAN_POINT('',(0.0692125733541655,0.0434111155906619,0.0298534650691085));
#2623=CARTESIAN_POINT('',(0.0701148802541632,0.0435867112412205,0.0299013713252816));
#2624=CARTESIAN_POINT('',(0.0716945764536735,0.0439237105685522,0.0299658727211551));
#2625=CARTESIAN_POINT('',(0.0735776727118174,0.0443905020562066,0.0300016698956416));
#2626=CARTESIAN_POINT('',(0.0755201637872474,0.044937354706626,0.0300001887788347));
#2627=CARTESIAN_POINT('',(0.07701034305762,0.0453887324874892,0.0299810380676713));
#2628=CARTESIAN_POINT('',(0.0782749048816435,0.045797917230126,0.0299505593772687));
#2629=CARTESIAN_POINT('',(0.0791801923458115,0.0461047470451276,0.0299214783952164));
#2630=CARTESIAN_POINT('',(0.0796912865006721,0.0462816741437489,0.0299031651182057));
#2631=CARTESIAN_POINT('',(0.0801049425136224,0.046427084222475,0.0298872200258375));
#2632=CARTESIAN_POINT('',(0.08041195474461,0.0465364250631688,0.0298746826794198));
#2633=CARTESIAN_POINT('',(0.0808628145550718,0.0466986507808396,0.0298554649174482));
#2634=CARTESIAN_POINT('',(0.0816430727617526,0.0469843640418793,0.0298197658030612));
#2635=CARTESIAN_POINT('',(0.0832519399174382,0.0475924445749248,0.0297368015068634));
#2636=CARTESIAN_POINT('',(0.0851667992605899,0.0483596647599924,0.0296163827481505));
#2637=CARTESIAN_POINT('',(0.0871635538330172,0.0492022093083362,0.0294692860293008));
#2638=CARTESIAN_POINT('',(0.0887023971796623,0.049872399460265,0.0293452913588138));
#2639=CARTESIAN_POINT('',(0.0900133374222671,0.0504603056442912,0.0292309666785943));
#2640=CARTESIAN_POINT('',(0.0909574951006182,0.0508928269902565,0.0291439437933747));
#2641=CARTESIAN_POINT('',(0.0914876075160347,0.0511380426473976,0.0290938643235131));
#2642=CARTESIAN_POINT('',(0.0919280579744882,0.0513432853166219,0.0290514746776702));
#2643=CARTESIAN_POINT('',(0.0922165293797522,0.051478543363911,0.0290233007669108));
#2644=CARTESIAN_POINT('',(0.0926624291650208,0.0516885484159302,0.0289793136081221));
#2645=CARTESIAN_POINT('',(0.093213152608273,0.0519500592801327,0.0289239209976694));
#2646=CARTESIAN_POINT('',(0.0939014471101265,0.0522800749369361,0.0288529989267984));
#2647=CARTESIAN_POINT('',(0.0953125929555476,0.052963181703348,0.0287039154800663));
#2648=CARTESIAN_POINT('',(0.0970729624248929,0.0538339621252673,0.0285067696532063));
#2649=CARTESIAN_POINT('',(0.0992369374413281,0.0549307949846107,0.028245199821582));
#2650=CARTESIAN_POINT('',(0.100652812338306,0.0556592714243494,0.0280655516953338));
#2651=CARTESIAN_POINT('',(0.101823093318528,0.0562679899088075,0.0279115395048629));
#2652=CARTESIAN_POINT('',(0.102570403311017,0.0566594570406191,0.0278108214540488));
#2653=CARTESIAN_POINT('',(0.103177067787555,0.0569789174251229,0.0277275887054424));
#2654=CARTESIAN_POINT('',(0.103638199163763,0.0572225902308632,0.0276635669243272));
#2655=CARTESIAN_POINT('',(0.104021691261213,0.0574259187895337,0.0276097102908165));
#2656=CARTESIAN_POINT('',(0.104301323171214,0.0575745794395528,0.0275700761487378));
#2657=CARTESIAN_POINT('',(0.104447399158175,0.0576523235641732,0.0275492940016502));
#2658=CARTESIAN_POINT('',(0.104597512237745,0.057732304722602,0.0275278547947904));
#2659=CARTESIAN_POINT('',(0.104593997502708,0.05773044222114,0.0275283521655127));
#2660=CARTESIAN_POINT('',(0.104647203521043,0.0577588235641725,0.0275207473587604));
#2661=CARTESIAN_POINT('',(0.104723887413948,0.0577997876184112,0.027509777234197));
#2662=CARTESIAN_POINT('',(0.104872290188498,0.0578791608029475,0.0274885150315926));
#2663=CARTESIAN_POINT('',(0.105085601830969,0.0579934592294325,0.0274578159147202));
#2664=CARTESIAN_POINT('',(0.105426501713858,0.0581763935349975,0.027408468115089));
#2665=CARTESIAN_POINT('',(0.10595404826717,0.0584600696624471,0.0273313366298769));
#2666=CARTESIAN_POINT('',(0.106750332912322,0.0588895969095095,0.0272126781363937));
#2667=CARTESIAN_POINT('',(0.107709102760166,0.0594086250830305,0.027066442361799));
#2668=CARTESIAN_POINT('',(0.108642622088327,0.0599160737316419,0.0269201623628222));
#2669=CARTESIAN_POINT('',(0.109470694093591,0.0603678823130286,0.0267872871740851));
#2670=CARTESIAN_POINT('',(0.110129889774389,0.060728466459639,0.0266798217764756));
#2671=CARTESIAN_POINT('',(0.11071896705686,0.0610516078111476,0.0265821302782661));
#2672=CARTESIAN_POINT('',(0.111195847759353,0.0613137588482287,0.0265020406728627));
#2673=CARTESIAN_POINT('',(0.111602622451582,0.0615377636414483,0.0264330443142484));
#2674=CARTESIAN_POINT('',(0.111869872529484,0.0616851202061433,0.0263873240965372));
#2675=CARTESIAN_POINT('',(0.112269843009164,0.0619057906513366,0.0263184745462014));
#2676=CARTESIAN_POINT('',(0.11293714664966,0.0622744545059425,0.0262022690632473));
#2677=CARTESIAN_POINT('',(0.113872218597636,0.0627923104423312,0.0260359715704073));
#2678=CARTESIAN_POINT('',(0.114941804321921,0.0633865227819535,0.0258405336811024));
#2679=CARTESIAN_POINT('',(0.116306511098255,0.0641468807130912,0.0255847745417377));
#2680=CARTESIAN_POINT('',(0.117893850238698,0.0650349007565011,0.025276127741596));
#2681=CARTESIAN_POINT('',(0.119039044992773,0.0656782310806656,0.0250434989488422));
#2682=CARTESIAN_POINT('',(0.119580635731564,0.0659828561294768,0.0249313537323119));
#2683=CARTESIAN_POINT('',(0.0377068015424111,0.0497845870609646,0.00383796598642706));
#2684=CARTESIAN_POINT('',(0.0377067969178848,0.0497845840185449,0.00383783654783421));
#2685=CARTESIAN_POINT('',(0.0373420395159861,0.0494187286896089,0.00384388469817073));
#2686=CARTESIAN_POINT('',(0.0364389944855533,0.0488012349332486,0.00388272381830762));
#2687=CARTESIAN_POINT('',(0.035368995978565,0.0485879525161618,0.00397165885954907));
#2688=CARTESIAN_POINT('',(0.0348548669439871,0.0485837410173499,0.0040225273311253));
#2689=CARTESIAN_POINT('',(0.0348545824105313,0.0485838877161558,0.00402098922952627));
#2690=CARTESIAN_POINT('',(0.128741787490177,0.0384499301670703,0.0299694072371714));
#2691=CARTESIAN_POINT('',(0.127248449482044,0.0382253763967465,0.0302575035855367));
#2692=CARTESIAN_POINT('',(0.124248726524964,0.0377895232223545,0.0308033605875159));
#2693=CARTESIAN_POINT('',(0.120466068798912,0.037282098811702,0.0314127946227839));
#2694=CARTESIAN_POINT('',(0.117420836220047,0.0369009387747242,0.031858190076956));
#2695=CARTESIAN_POINT('',(0.11512561853739,0.0366277910336001,0.0321717494682485));
#2696=CARTESIAN_POINT('',(0.113209422929159,0.0364117764853244,0.0324156318265684));
#2697=CARTESIAN_POINT('',(0.111854618964639,0.0362656712645191,0.0325786713103593));
#2698=CARTESIAN_POINT('',(0.111093534027039,0.0361853959493894,0.0326677612403906));
#2699=CARTESIAN_POINT('',(0.11048177585119,0.0361219562929668,0.0327378840364881));
#2700=CARTESIAN_POINT('',(0.110023567235214,0.0360751383652019,0.0327894566444511));
#2701=CARTESIAN_POINT('',(0.109360183273255,0.0360081629764433,0.032863035458698));
#2702=CARTESIAN_POINT('',(0.10822643692424,0.0358961485280555,0.0329855154984543));
#2703=CARTESIAN_POINT('',(0.106600486908984,0.0357423216336032,0.0331522537650505));
#2704=CARTESIAN_POINT('',(0.104665489750484,0.0355706204451082,0.0333363604149668));
#2705=CARTESIAN_POINT('',(0.102098125283504,0.0353582190100045,0.0335618575662359));
#2706=CARTESIAN_POINT('',(0.098913688091132,0.0351245819644747,0.0338063673045092));
#2707=CARTESIAN_POINT('',(0.0951463639134808,0.0348970551122874,0.0340409408033899));
#2708=CARTESIAN_POINT('',(0.0913791902945142,0.0347216517221734,0.0342196327435611));
#2709=CARTESIAN_POINT('',(0.0877708866788212,0.0346088404788222,0.0343335791380712));
#2710=CARTESIAN_POINT('',(0.0848613618890801,0.0345653541165965,0.0343773003750289));
#2711=CARTESIAN_POINT('',(0.0825968115395345,0.0345614210926809,0.0343812546894222));
#2712=CARTESIAN_POINT('',(0.0812102540578809,0.0345716952619857,0.0343709260152618));
#2713=CARTESIAN_POINT('',(0.0801102161886194,0.0345877334082765,0.034354786028543));
#2714=CARTESIAN_POINT('',(0.0794440683961293,0.034600628486493,0.0343417986582019));
#2715=CARTESIAN_POINT('',(0.0788810617949491,0.034613597807257,0.0343287259762532));
#2716=CARTESIAN_POINT('',(0.0782646351599563,0.0346295564442078,0.0343126297804388));
#2717=CARTESIAN_POINT('',(0.0772222318165971,0.03466118230657,0.0342806976830746));
#2718=CARTESIAN_POINT('',(0.0757469366900662,0.0347190140846615,0.0342221675275098));
#2719=CARTESIAN_POINT('',(0.0740270859463603,0.0348078593665021,0.0341318327055303));
#2720=CARTESIAN_POINT('',(0.072349811915906,0.0349162141916476,0.0340210218472154));
#2721=CARTESIAN_POINT('',(0.070718481981033,0.035043680616283,0.0338897620733477));
#2722=CARTESIAN_POINT('',(0.0693927080862574,0.0351661370178292,0.0337626292719979));
#2723=CARTESIAN_POINT('',(0.0684905686421632,0.0352593037487779,0.0336652191142321));
#2724=CARTESIAN_POINT('',(0.0679705726025681,0.0353160452021887,0.0336056625299288));
#2725=CARTESIAN_POINT('',(0.0676116464992242,0.0353564392629694,0.0335631686880379));
#2726=CARTESIAN_POINT('',(0.0671473527306787,0.0354106752392647,0.033505950250346));
#2727=CARTESIAN_POINT('',(0.0665703251423531,0.0354809583145272,0.0334315525773315));
#2728=CARTESIAN_POINT('',(0.0655538695486422,0.0356117142674488,0.0332924933334126));
#2729=CARTESIAN_POINT('',(0.0641424065920544,0.035813798752617,0.033075390016902));
#2730=CARTESIAN_POINT('',(0.0624947793907793,0.0360822467135491,0.0327824943381575));
#2731=CARTESIAN_POINT('',(0.0603668246433007,0.0364728017791499,0.0323489804945525));
#2732=CARTESIAN_POINT('',(0.0583356458132044,0.0369121389593865,0.0318478223737646));
#2733=CARTESIAN_POINT('',(0.0566543976948905,0.0373325808900576,0.0313513912506006));
#2734=CARTESIAN_POINT('',(0.0557065385629744,0.0375868299424256,0.0310454527779669));
#2735=CARTESIAN_POINT('',(0.0550425792015935,0.0377724650143137,0.030819464970065));
#2736=CARTESIAN_POINT('',(0.0542597430677101,0.0380016154440944,0.0305366230799928));
#2737=CARTESIAN_POINT('',(0.053280275917352,0.0383027383650745,0.0301590133212879));
#2738=CARTESIAN_POINT('',(0.0515923693595889,0.0388569753156758,0.0294480522812437));
#2739=CARTESIAN_POINT('',(0.0493272151909741,0.0397020018500955,0.0283088472659075));
#2740=CARTESIAN_POINT('',(0.0468262477800764,0.0407846669337152,0.0267312374739999));
#2741=CARTESIAN_POINT('',(0.0445272384712798,0.0419244404799517,0.0249107965492557));
#2742=CARTESIAN_POINT('',(0.0425078330927467,0.0430484214899059,0.0229188492032501));
#2743=CARTESIAN_POINT('',(0.0406965407981688,0.0441627133109721,0.0206991220132494));
#2744=CARTESIAN_POINT('',(0.0393730260274978,0.0450553211319168,0.0186557953376203));
#2745=CARTESIAN_POINT('',(0.0384315739473664,0.0457268086934193,0.0169214622635649));
#2746=CARTESIAN_POINT('',(0.0377625424566117,0.0462216495770646,0.0155177129239673));
#2747=CARTESIAN_POINT('',(0.0372203835292431,0.0466344632183847,0.014227149986887));
#2748=CARTESIAN_POINT('',(0.0365451419763973,0.0471615345188163,0.0124078767334487));
#2749=CARTESIAN_POINT('',(0.0355664958690447,0.0479571918198076,0.00912793306274286));
#2750=CARTESIAN_POINT('',(0.0350513966856444,0.0484109451643949,0.00610959254625621));
#2751=CARTESIAN_POINT('',(0.0348545824110359,0.0485837313597571,0.00402287797017981));
#2752=CARTESIAN_POINT('',(0.150002,0.,0.));
#2753=CARTESIAN_POINT('',(0.,0.,0.));
#2754=CARTESIAN_POINT('',(-1.72178456770077E-18,-0.0325057251908397,0.00399253426004213));
#2755=CARTESIAN_POINT('',(0.15,0.,0.));
#2756=CARTESIAN_POINT('',(0.15,-0.0325057251908397,0.00399253426004213));
#2757=CARTESIAN_POINT('',(-1.72178456770077E-18,-0.0325057251908397,0.00399253426004213));
#2758=CARTESIAN_POINT('',(-1.7347234759768E-18,0.034,0.));
#2759=CARTESIAN_POINT('',(0.,0.,0.));
#2760=CARTESIAN_POINT('',(-1.7347234759768E-18,-0.0351011450381679,0.00323606505025753));
#2761=CARTESIAN_POINT('',(-1.7347234759768E-18,-0.03275,2.4492935982947E-19));
#2762=CARTESIAN_POINT('',(-1.7347234759768E-18,0.0294355050162978,0.0143566550573423));
#2763=CARTESIAN_POINT('',(-1.72178456770077E-18,0.030966164094333,0.0106611060065477));
#2764=CARTESIAN_POINT('',(-1.72178456770077E-18,0.030966164094333,0.0106611060065477));
#2765=CARTESIAN_POINT('',(0.0480735797502461,0.030966164094333,0.0106611060065477));
#2766=CARTESIAN_POINT('',(0.0480735797502461,0.0309661640943331,0.0106611060065478));
#2767=CARTESIAN_POINT('',(0.0495798018599725,0.0309661640943333,0.0106611060065479));
#2768=CARTESIAN_POINT('',(0.0517541175309959,0.0314105823213977,0.0108317108404013));
#2769=CARTESIAN_POINT('',(0.054605701993286,0.0321293177163045,0.0113736040466178));
#2770=CARTESIAN_POINT('',(0.0574647025318715,0.0326991313283602,0.0119897312886598));
#2771=CARTESIAN_POINT('',(0.0610979365675001,0.0330071168691413,0.0125504886233792));
#2772=CARTESIAN_POINT('',(0.0656128325225859,0.0330019663126826,0.0125412992961806));
#2773=CARTESIAN_POINT('',(0.0700736743233092,0.0327115206623673,0.0120127910263029));
#2774=CARTESIAN_POINT('',(0.0744643033135087,0.0320688645773299,0.0112870292190341));
#2775=CARTESIAN_POINT('',(0.0788645117488276,0.0312617963345428,0.0107712364208856));
#2776=CARTESIAN_POINT('',(0.0818224540440182,0.0309661640943336,0.0106611060065463));
#2777=CARTESIAN_POINT('',(0.0833140657191326,0.0309661640943334,0.0106611060065463));
#2778=CARTESIAN_POINT('',(0.0833140657191326,0.030966164094333,0.0106611060065477));
#2779=CARTESIAN_POINT('',(-1.72178456770077E-18,0.030966164094333,0.0106611060065477));
#2780=CARTESIAN_POINT('',(1.81680479783089E-17,0.0329672977257544,0.0124787732033831));
#2781=CARTESIAN_POINT('',(0.000356903933585601,0.0330747772934555,0.0126809134779815));
#2782=CARTESIAN_POINT('',(0.00105001079131965,0.0332644894623044,0.0131186424179152));
#2783=CARTESIAN_POINT('',(0.00201904124828588,0.0334440235818786,0.0139221943983146));
#2784=CARTESIAN_POINT('',(0.00284219625942572,0.0334505659772376,0.0149168528529967));
#2785=CARTESIAN_POINT('',(0.00324581192762661,0.0330965222947283,0.0161416412797186));
#2786=CARTESIAN_POINT('',(0.0028412226871422,0.0323476508470509,0.0171769712886203));
#2787=CARTESIAN_POINT('',(0.00202052759736406,0.0315624317375044,0.0177818415344666));
#2788=CARTESIAN_POINT('',(0.00105012157247399,0.0308172798997489,0.0181362907089171));
#2789=CARTESIAN_POINT('',(0.000356904572666878,0.0303555627744762,0.0182561302088731));
#2790=CARTESIAN_POINT('',(1.73209379387079E-17,0.0301301026314234,0.0182958852045997));
#2791=CARTESIAN_POINT('',(-1.7347234759768E-18,0.0329672977257544,0.0124787732033831));
#2792=CARTESIAN_POINT('',(-1.7347234759768E-18,0.0294355050162978,0.0143566550573423));
#2793=CARTESIAN_POINT('',(0.150002,0.,0.));
#2794=CARTESIAN_POINT('',(0.0833140657191325,0.030966164094333,0.0106611060065475));
#2795=CARTESIAN_POINT('',(0.0846107532709194,0.0311888604370219,0.0100142639728339));
#2796=CARTESIAN_POINT('',(0.0858809057259303,0.0314211610053852,0.00927593106464392));
#2797=CARTESIAN_POINT('',(0.0870635596565363,0.0316469465648855,0.00842812393829621));
#2798=CARTESIAN_POINT('',(0.0870635596565363,0.0316469465648855,0.00842812393829624));
#2799=CARTESIAN_POINT('',(0.103375,0.0316469465648855,0.00842812393829624));
#2800=CARTESIAN_POINT('',(0.144,0.0316469465648855,0.00842812393829624));
#2801=CARTESIAN_POINT('',(0.15,0.031628397957927,0.008497466835181));
#2802=CARTESIAN_POINT('',(0.14799945670596,0.031622822012641,0.00851822104580849));
#2803=CARTESIAN_POINT('',(0.146000286221691,0.0316469465648855,0.00842812393829624));
#2804=CARTESIAN_POINT('',(0.144,0.0316469465648855,0.00842812393829624));
#2805=CARTESIAN_POINT('',(0.15,0.031628397957927,0.008497466835181));
#2806=CARTESIAN_POINT('',(0.15,0.,0.));
#2807=CARTESIAN_POINT('',(-1.7347234759768E-18,0.034,0.));
#2808=CARTESIAN_POINT('',(0.,0.,0.));
#2809=CARTESIAN_POINT('',(0.,0.,0.));
#2810=CARTESIAN_POINT('',(0.144,0.01875,0.));
#2811=CARTESIAN_POINT('',(0.144,0.03275,0.));
#2812=CARTESIAN_POINT('',(0.144,0.04125,0.));
#2813=CARTESIAN_POINT('',(0.144,0.01875,0.));
#2814=CARTESIAN_POINT('',(0.16648839804275,0.018027536526281,0.));
#2815=CARTESIAN_POINT('',(0.157992781004377,0.0183004671719082,0.));
#2816=CARTESIAN_POINT('',(0.163337462167513,0.0181287636600929,0.00660718557091103));
#2817=CARTESIAN_POINT('',(0.163337462167513,0.0181287636600929,0.00660718557091103));
#2818=CARTESIAN_POINT('',(0.163000784115803,0.0188816354729409,0.00689909618164344));
#2819=CARTESIAN_POINT('',(0.162373774483728,0.0204422648158349,0.00728853858399089));
#2820=CARTESIAN_POINT('',(0.161430938830526,0.0228349993832686,0.00758667071510406));
#2821=CARTESIAN_POINT('',(0.160362119418388,0.0252023259459468,0.0077359054207776));
#2822=CARTESIAN_POINT('',(0.159047107932811,0.0274278171384286,0.00783206036467182));
#2823=CARTESIAN_POINT('',(0.157313660269144,0.0293854319074055,0.00796727665900462));
#2824=CARTESIAN_POINT('',(0.155105853731013,0.0307908162333206,0.00819303431757866));
#2825=CARTESIAN_POINT('',(0.152601606487211,0.0315118591493369,0.00841951865870191));
#2826=CARTESIAN_POINT('',(0.150870285816437,0.0316308236320477,0.0084884382402017));
#2827=CARTESIAN_POINT('',(0.15,0.031628397957927,0.00849746683518101));
#2828=CARTESIAN_POINT('',(0.0924987373415291,0.03275,1.04746846824382E-16));
#2829=CARTESIAN_POINT('',(0.0804276695296636,0.03275,-5.16403547828883E-17));
#2830=CARTESIAN_POINT('',(0.0889632034355963,0.0412855339059327,8.62419513112412E-17));
#2831=CARTESIAN_POINT('',(0.0924987373401926,0.03275,0.000621180974604269));
#2832=CARTESIAN_POINT('',(0.0804276695317939,0.032750000000572,-0.000306243182437448));
#2833=CARTESIAN_POINT('',(0.0889632034347679,0.0412855339051043,0.000511441260442991));
#2834=CARTESIAN_POINT('',(0.0923356588523338,0.0327149893649508,0.00184079288356974));
#2835=CARTESIAN_POINT('',(0.0807006047895829,0.0328222049664876,-0.000889719782494048));
#2836=CARTESIAN_POINT('',(0.0888176567632574,0.0412276463190539,0.00151559283216483));
#2837=CARTESIAN_POINT('',(0.0916326088170315,0.0325654537126238,0.00360677937496286));
#2838=CARTESIAN_POINT('',(0.0815612660742963,0.0330501071142048,-0.00104560712264388));
#2839=CARTESIAN_POINT('',(0.0881904188013402,0.040979468722569,0.00296959479617989));
#2840=CARTESIAN_POINT('',(0.0905910454835007,0.0323476306649742,0.0051940359086658));
#2841=CARTESIAN_POINT('',(0.0822402721979171,0.0332315643680733,-0.000417926434785769));
#2842=CARTESIAN_POINT('',(0.087261781876154,0.040615463839503,0.0042764417786725));
#2843=CARTESIAN_POINT('',(0.0888395109621897,0.0319900769167505,0.00712361264682294));
#2844=CARTESIAN_POINT('',(0.0825489235412735,0.0333217983480635,0.0010349718392017));
#2845=CARTESIAN_POINT('',(0.0857015891283706,0.0400119799592277,0.00586513364051398));
#2846=CARTESIAN_POINT('',(0.0862278090850058,0.031479754699747,0.00912331702304833));
#2847=CARTESIAN_POINT('',(0.0818413799544872,0.0331636574575416,0.003293682673752));
#2848=CARTESIAN_POINT('',(0.0833789540899394,0.0391346791146241,0.00751156417928189));
#2849=CARTESIAN_POINT('',(0.0826715705879867,0.0308443987322,0.0110585414868347));
#2850=CARTESIAN_POINT('',(0.0797213405248409,0.0326972616986253,0.00589152159229115));
#2851=CARTESIAN_POINT('',(0.0802261272526938,0.0379989105762251,0.00910490602242115));
#2852=CARTESIAN_POINT('',(0.0789157961274666,0.0302509156361632,0.0125756659813332));
#2853=CARTESIAN_POINT('',(0.0769288804206096,0.032130756699873,0.00806072047409554));
#2854=CARTESIAN_POINT('',(0.0769091646862042,0.0368760074798934,0.0103540107043692));
#2855=CARTESIAN_POINT('',(0.074927646597332,0.0297224930687992,0.0137679087488063));
#2856=CARTESIAN_POINT('',(0.073655113305559,0.0315435645362656,0.00984301805817179));
#2857=CARTESIAN_POINT('',(0.073403736836305,0.0357841880311696,0.0113356282501077));
#2858=CARTESIAN_POINT('',(0.0708520853204336,0.0293115347705163,0.0146143719882489));
#2859=CARTESIAN_POINT('',(0.0701279912640921,0.0310173210125986,0.0111979431519381));
#2860=CARTESIAN_POINT('',(0.069842727167076,0.0347959364002885,0.0120325527275114));
#2861=CARTESIAN_POINT('',(0.0666935844498568,0.0290500109092891,0.0151226845322027));
#2862=CARTESIAN_POINT('',(0.0664302559668875,0.0306015387553512,0.0121446924570643));
#2863=CARTESIAN_POINT('',(0.0662352333968267,0.0339434781316763,0.0124510652364373));
#2864=CARTESIAN_POINT('',(0.0624235781358582,0.0289847758997011,0.015245719062508));
#2865=CARTESIAN_POINT('',(0.0625712831622944,0.030347206381831,0.0126548984245933));
#2866=CARTESIAN_POINT('',(0.0625644859058227,0.0332690247556452,0.0125523641136243));
#2867=CARTESIAN_POINT('',(0.0582298379020412,0.0291615847920043,0.0149097342691299));
#2868=CARTESIAN_POINT('',(0.05875371773733,0.0303107028099927,0.0126571606610423));
#2869=CARTESIAN_POINT('',(0.0589989660791679,0.0328446069648018,0.0122757354124243));
#2870=CARTESIAN_POINT('',(0.054790186795952,0.0295446755326211,0.0141439394150335));
#2871=CARTESIAN_POINT('',(0.0556104831083002,0.0304947296080832,0.0121527574053585));
#2872=CARTESIAN_POINT('',(0.0561137762563185,0.0327317235581509,0.0116452281988553));
#2873=CARTESIAN_POINT('',(0.0522478140663096,0.0299734495350451,0.0132065531569374));
#2874=CARTESIAN_POINT('',(0.0533032615692442,0.0307598883313342,0.0114176306967696));
#2875=CARTESIAN_POINT('',(0.0540052047283654,0.032792158038645,0.0108734434389179));
#2876=CARTESIAN_POINT('',(0.0498096034469138,0.0304813112928843,0.0120111147838523));
#2877=CARTESIAN_POINT('',(0.0511076304465733,0.0310971072660849,0.0104358044803958));
#2878=CARTESIAN_POINT('',(0.0519989381837514,0.0329456118679377,0.0098891948329427));
#2879=CARTESIAN_POINT('',(0.0471940049700271,0.0311925502003803,0.0101090356996501));
#2880=CARTESIAN_POINT('',(0.0487631610833202,0.0316023814264728,0.00880678272261872));
#2881=CARTESIAN_POINT('',(0.0498741144893086,0.0332746620857339,0.00832314280614591));
#2882=CARTESIAN_POINT('',(0.0451850315214502,0.0318859790921069,0.00761413422611141));
#2883=CARTESIAN_POINT('',(0.0469843572050076,0.0321114146983817,0.00663259665826547));
#2884=CARTESIAN_POINT('',(0.0482663223759824,0.0336727766485924,0.00626899819052793));
#2885=CARTESIAN_POINT('',(0.0440653601117672,0.0323139493679579,0.00541969273131116));
#2886=CARTESIAN_POINT('',(0.046001291180641,0.032427277984015,0.00471956928458283));
#2887=CARTESIAN_POINT('',(0.0473770767746968,0.0339356600894336,0.00446223338292249));
#2888=CARTESIAN_POINT('',(0.0432433579567731,0.032645469888036,0.00306044879349176));
#2889=CARTESIAN_POINT('',(0.0452825098602555,0.032672602358545,0.00266309670189535));
#2890=CARTESIAN_POINT('',(0.0467270941190741,0.0341457749301,0.00251978063150085));
#2891=CARTESIAN_POINT('',(0.0430012626589468,0.03275,0.00123968712411047));
#2892=CARTESIAN_POINT('',(0.0450723304707013,0.0327499999997643,0.00107892308442593));
#2893=CARTESIAN_POINT('',(0.0465367965644532,0.0342144660941168,0.00102068023849881));
#2894=CARTESIAN_POINT('',(0.0430012626584709,0.03275,3.5463388319772E-19));
#2895=CARTESIAN_POINT('',(0.0450723304703363,0.03275,3.08644556922254E-19));
#2896=CARTESIAN_POINT('',(0.0465367965644036,0.0342144660940672,2.91983186275113E-19));
#2897=CARTESIAN_POINT('',(0.0924987373415292,0.03775,1.40496932298138E-16));
#2898=CARTESIAN_POINT('',(0.0889280231272577,0.04125,1.40496932298138E-16));
#2899=CARTESIAN_POINT('',(0.0870635596565363,0.0316469465648855,0.00842812393829624));
#2900=CARTESIAN_POINT('',(0.0865918882571278,0.0316469465648855,0.00842812393829624));
#2901=CARTESIAN_POINT('',(0.0856575086514771,0.0316981925474457,0.00843501749710282));
#2902=CARTESIAN_POINT('',(0.084280774230638,0.0319126004287121,0.00846024959740828));
#2903=CARTESIAN_POINT('',(0.0829280137772583,0.032275268260718,0.00849034387349817));
#2904=CARTESIAN_POINT('',(0.0818352218766503,0.0327400748916748,0.00850614817098791));
#2905=CARTESIAN_POINT('',(0.0810541788093003,0.0332828311491991,0.00848740513640366));
#2906=CARTESIAN_POINT('',(0.0805720258504461,0.0338162819840437,0.00844051957403786));
#2907=CARTESIAN_POINT('',(0.0803488146310976,0.0345024408757768,0.00832810310880684));
#2908=CARTESIAN_POINT('',(0.0804895392496013,0.0351958166183692,0.00814987770955138));
#2909=CARTESIAN_POINT('',(0.0808277628147101,0.0357893998774323,0.00794534636163486));
#2910=CARTESIAN_POINT('',(0.0814017035878269,0.0364851723282628,0.00765051939231303));
#2911=CARTESIAN_POINT('',(0.0822260500521278,0.0372181509451025,0.00725170770013994));
#2912=CARTESIAN_POINT('',(0.0832686331717489,0.0379874039980044,0.00671614502123205));
#2913=CARTESIAN_POINT('',(0.0843354352958978,0.0386861194209603,0.00610726017187606));
#2914=CARTESIAN_POINT('',(0.0853823582688605,0.0393198790241658,0.00542081367187002));
#2915=CARTESIAN_POINT('',(0.0867230242761044,0.0400874509748049,0.0043788685043887));
#2916=CARTESIAN_POINT('',(0.0879608163726336,0.0407503641796919,0.00306720616907738));
#2917=CARTESIAN_POINT('',(0.0887676403415113,0.041168219237704,0.00141367066782361));
#2918=CARTESIAN_POINT('',(0.0889280231272576,0.04125,0.000471533056636004));
#2919=CARTESIAN_POINT('',(0.0889280231272576,0.04125,1.37621928761732E-16));
#2920=CARTESIAN_POINT('',(0.0430012626584709,0.03275,3.5463388319772E-19));
#2921=CARTESIAN_POINT('',(0.0430012626584709,0.03275,0.00104043007928777));
#2922=CARTESIAN_POINT('',(0.0432291226128278,0.0326523024819307,0.0030748941918997));
#2923=CARTESIAN_POINT('',(0.0442538724521236,0.0322349873296979,0.00600885212584876));
#2924=CARTESIAN_POINT('',(0.0458582042518943,0.0316429589521863,0.00856046019644829));
#2925=CARTESIAN_POINT('',(0.0472918102067171,0.0311884264599209,0.0100155244992853));
#2926=CARTESIAN_POINT('',(0.0480735797502461,0.030966164094333,0.0106611060065477));
#2927=CARTESIAN_POINT('',(0.06275,0.03275,0.));
#2928=CARTESIAN_POINT('',(0.06275,0.04125,0.));
#2929=CARTESIAN_POINT('',(0.157992781004377,0.0183004671719082,0.));
#2930=CARTESIAN_POINT('',(0.157992781004377,0.0183004671719082,0.));
#2931=CARTESIAN_POINT('',(0.163848809439082,0.0181123360904015,0.));
#2932=CARTESIAN_POINT('',(0.163848809439082,0.0181123360904015,-1.9297960916288E-24));
#2933=CARTESIAN_POINT('',(0.163848809439082,0.0181123360904015,0.00220239519030368));
#2934=CARTESIAN_POINT('',(0.163655980665736,0.0181185309178481,0.00440479038060735));
#2935=CARTESIAN_POINT('',(0.163337462167513,0.0181287636600929,0.00660718557091103));
#2936=CARTESIAN_POINT('',(0.155630387028728,-0.0288233407599162,2.4492935982947E-19));
#2937=CARTESIAN_POINT('',(0.15783304976997,-0.0296344520420473,0.00323888489087589));
#2938=CARTESIAN_POINT('',(0.158614937955116,-0.0288895856069137,0.00289368385975209));
#2939=CARTESIAN_POINT('',(0.159574685369491,-0.0276298666962501,0.00232972734211289));
#2940=CARTESIAN_POINT('',(0.160630176016083,-0.0257220400353102,0.00172079176613065));
#2941=CARTESIAN_POINT('',(0.161329462303475,-0.0242242812131466,0.0013780865685351));
#2942=CARTESIAN_POINT('',(0.161868929094745,-0.0229306915579335,0.0011953445029513));
#2943=CARTESIAN_POINT('',(0.162286634498478,-0.0218880755474495,0.00108724605012523));
#2944=CARTESIAN_POINT('',(0.162597376263405,-0.0211041022342875,0.00101115111146473));
#2945=CARTESIAN_POINT('',(0.16290890408849,-0.020322355843139,0.000922722058991844));
#2946=CARTESIAN_POINT('',(0.163171761435296,-0.0196769228256729,0.000817711038221196));
#2947=CARTESIAN_POINT('',(0.16338492469431,-0.0191680887594778,0.000691390825197396));
#2948=CARTESIAN_POINT('',(0.163545253229957,-0.018794126767047,0.000558107864755249));
#2949=CARTESIAN_POINT('',(0.163696354870286,-0.0184505608654299,0.000379169403368844));
#2950=CARTESIAN_POINT('',(0.163783521056609,-0.0182581213335885,0.000142139311778267));
#2951=CARTESIAN_POINT('',(0.163783521056609,-0.0182581213335885,-1.11279310484357E-16));
#2952=CARTESIAN_POINT('',(0.15783304976997,-0.0296344520420472,0.0032388848908759));
#2953=CARTESIAN_POINT('',(0.16378352105661,-0.0182581213335868,0.));
#2954=CARTESIAN_POINT('',(0.159383978381214,-0.0302055679331937,0.));
#2955=CARTESIAN_POINT('',(0.159383978381214,-0.0302055679331937,0.));
#2956=CARTESIAN_POINT('',(0.155630387028728,-0.0288233407599162,2.4492935982947E-19));
#2957=CARTESIAN_POINT('',(0.15,-0.02675,2.4492935982947E-19));
#2958=CARTESIAN_POINT('',(0.15,-0.02675,0.));
#2959=CARTESIAN_POINT('',(0.15,-0.03675,0.));
#2960=CARTESIAN_POINT('',(0.15,-0.03275,2.4492935982947E-19));
#2961=CARTESIAN_POINT('',(0.15,-0.0325057251908397,0.00399253426004207));
#2962=CARTESIAN_POINT('',(0.151445365159138,-0.0325057251908397,0.00399253426004207));
#2963=CARTESIAN_POINT('',(0.153583705324454,-0.0322254423654776,0.00405117197811891));
#2964=CARTESIAN_POINT('',(0.156211621685292,-0.0309926068501278,0.00377334166007161));
#2965=CARTESIAN_POINT('',(0.157330741300317,-0.0301129766268099,0.00346065240822752));
#2966=CARTESIAN_POINT('',(0.15783304976997,-0.0296344520420472,0.00323888489087588));
#2967=CARTESIAN_POINT('',(-1.7347234759768E-18,-0.03275,2.4492935982947E-19));
#2968=CARTESIAN_POINT('',(-1.7347234759768E-18,-0.03675,0.));
#2969=CARTESIAN_POINT('',(0.0031111111111111,-0.03675,0.));
#2970=CARTESIAN_POINT('',(3.75004588138019E-18,-0.0351011450381679,0.00323606505025753));
#2971=CARTESIAN_POINT('',(0.000713819402667476,-0.0354715799435599,0.00296692763297753));
#2972=CARTESIAN_POINT('',(0.00174210901626104,-0.036013706071515,0.00244685434822923));
#2973=CARTESIAN_POINT('',(0.00284281821478288,-0.0366046215855828,0.00125218728356009));
#2974=CARTESIAN_POINT('',(0.00311111111111112,-0.03675,0.0004289643986505));
#2975=CARTESIAN_POINT('',(0.00311111111111112,-0.03675,-4.04323648089562E-18));
#2976=CARTESIAN_POINT('',(0.15,0.03275,0.));
#2977=CARTESIAN_POINT('',(0.15,0.03275,0.0655));
#2978=CARTESIAN_POINT('',(0.15,-0.03275,0.0655));
#2979=CARTESIAN_POINT('',(0.15,-0.03275,4.01071826720758E-18));
#2980=CARTESIAN_POINT('',(0.166,0.03275,0.));
#2981=CARTESIAN_POINT('',(0.166,0.03275,0.0655));
#2982=CARTESIAN_POINT('',(0.166,-0.03275,0.0655));
#2983=CARTESIAN_POINT('',(0.166,-0.03275,4.01071826720758E-18));
#2984=CARTESIAN_POINT('',(0.159,0.01,0.));
#2985=CARTESIAN_POINT('',(0.159,0.01,0.02));
#2986=CARTESIAN_POINT('',(0.159,-0.01,0.02));
#2987=CARTESIAN_POINT('',(0.159,-0.01,1.22464679914735E-18));
#2988=CARTESIAN_POINT('',(0.175,0.01,0.));
#2989=CARTESIAN_POINT('',(0.175,0.01,0.02));
#2990=CARTESIAN_POINT('',(0.175,-0.01,0.02));
#2991=CARTESIAN_POINT('',(0.175,-0.01,1.22464679914735E-18));
#2992=CARTESIAN_POINT('',(0.15,-0.03275,4.01071826720758E-18));
#2993=CARTESIAN_POINT('',(0.158,-0.03275,4.01071826720758E-18));
#2994=CARTESIAN_POINT('',(0.1625,-0.021375,2.61768253317747E-18));
#2995=CARTESIAN_POINT('',(0.167,-0.01,1.22464679914735E-18));
#2996=CARTESIAN_POINT('',(0.175,-0.01,1.22464679914735E-18));
#2997=CARTESIAN_POINT('',(0.175,-0.01,1.22464679914735E-18));
#2998=CARTESIAN_POINT('',(0.15,0.03275,0.));
#2999=CARTESIAN_POINT('',(0.158,0.03275,0.));
#3000=CARTESIAN_POINT('',(0.1625,0.021375,0.));
#3001=CARTESIAN_POINT('',(0.167,0.01,0.));
#3002=CARTESIAN_POINT('',(0.175,0.01,0.));
#3003=CARTESIAN_POINT('',(0.175,0.01,0.));
#3004=CARTESIAN_POINT('',(0.175,0.,0.));
#3005=CARTESIAN_POINT('',(0.175,0.01,0.));
#3006=CARTESIAN_POINT('',(0.175,0.01,0.0200000000000001));
#3007=CARTESIAN_POINT('',(0.175,-0.0100000000000001,0.02));
#3008=CARTESIAN_POINT('',(0.175,-0.01,-2.54207057918564E-17));
#3009=CARTESIAN_POINT('',(0.178926990816987,0.01,0.));
#3010=CARTESIAN_POINT('',(0.178926990816987,0.01,0.0200000000000001));
#3011=CARTESIAN_POINT('',(0.178926990816987,-0.0100000000000001,0.02));
#3012=CARTESIAN_POINT('',(0.178926990816987,-0.01,-2.54207057918564E-17));
#3013=CARTESIAN_POINT('',(0.18677914177399,0.0110088199880979,0.));
#3014=CARTESIAN_POINT('',(0.18677914177399,0.0110088199880979,0.0220176399761958));
#3015=CARTESIAN_POINT('',(0.18677914177399,-0.0110088199880979,0.0220176399761958));
#3016=CARTESIAN_POINT('',(0.18677914177399,-0.0110088199880979,-2.79851974032944E-17));
#3017=CARTESIAN_POINT('',(0.196765535391271,0.0153181343872203,0.));
#3018=CARTESIAN_POINT('',(0.196765535391271,0.0153181343872203,0.0306362687744407));
#3019=CARTESIAN_POINT('',(0.196765535391271,-0.0153181343872204,0.0306362687744407));
#3020=CARTESIAN_POINT('',(0.196765535391271,-0.0153181343872203,-3.89397787537646E-17));
#3021=CARTESIAN_POINT('',(0.203437937274503,0.0217674791500845,0.));
#3022=CARTESIAN_POINT('',(0.203437937274503,0.0217674791500845,0.043534958300169));
#3023=CARTESIAN_POINT('',(0.203437937274503,-0.0217674791500846,0.043534958300169));
#3024=CARTESIAN_POINT('',(0.203437937274503,-0.0217674791500845,-5.53344683304665E-17));
#3025=CARTESIAN_POINT('',(0.205781031362749,0.0293750000000001,0.));
#3026=CARTESIAN_POINT('',(0.205781031362749,0.0293750000000001,0.0587500000000003));
#3027=CARTESIAN_POINT('',(0.205781031362749,-0.0293750000000002,0.0587500000000002));
#3028=CARTESIAN_POINT('',(0.205781031362749,-0.0293750000000001,-7.46733232635784E-17));
#3029=CARTESIAN_POINT('',(0.203437937274503,0.0369825208499155,0.));
#3030=CARTESIAN_POINT('',(0.203437937274503,0.0369825208499155,0.0739650416998311));
#3031=CARTESIAN_POINT('',(0.203437937274503,-0.0369825208499156,0.073965041699831));
#3032=CARTESIAN_POINT('',(0.203437937274503,-0.0369825208499155,-9.40121781966896E-17));
#3033=CARTESIAN_POINT('',(0.196765535391272,0.0434318656127796,0.));
#3034=CARTESIAN_POINT('',(0.196765535391272,0.0434318656127796,0.0868637312255594));
#3035=CARTESIAN_POINT('',(0.196765535391272,-0.0434318656127798,0.0868637312255593));
#3036=CARTESIAN_POINT('',(0.196765535391272,-0.0434318656127796,-1.10406867773391E-16));
#3037=CARTESIAN_POINT('',(0.18677914177399,0.0477411800119021,0.));
#3038=CARTESIAN_POINT('',(0.18677914177399,0.0477411800119022,0.0954823600238046));
#3039=CARTESIAN_POINT('',(0.18677914177399,-0.0477411800119024,0.0954823600238044));
#3040=CARTESIAN_POINT('',(0.18677914177399,-0.0477411800119021,-1.21361449123862E-16));
#3041=CARTESIAN_POINT('',(0.178926990816987,0.04875,0.));
#3042=CARTESIAN_POINT('',(0.178926990816987,0.04875,0.0975000000000003));
#3043=CARTESIAN_POINT('',(0.178926990816987,-0.0487500000000003,0.0975000000000002));
#3044=CARTESIAN_POINT('',(0.178926990816987,-0.04875,-1.239259407353E-16));
#3045=CARTESIAN_POINT('',(0.175,0.04875,0.));
#3046=CARTESIAN_POINT('',(0.175,0.04875,0.0975000000000003));
#3047=CARTESIAN_POINT('',(0.175,-0.0487500000000003,0.0975000000000001));
#3048=CARTESIAN_POINT('',(0.175,-0.04875,-1.239259407353E-16));
#3049=CARTESIAN_POINT('',(0.175,0.029375,0.));
#3050=CARTESIAN_POINT('',(0.175,0.04875,0.));
#3051=CARTESIAN_POINT('',(0.175,0.,0.));
#3052=CARTESIAN_POINT('',(0.175,-0.04875,2.98507657292167E-18));
#3053=CARTESIAN_POINT('',(0.175,-0.01,6.12323399573677E-19));
#3054=CARTESIAN_POINT('',(0.178282013721429,-0.01,6.12323399573677E-19));
#3055=CARTESIAN_POINT('',(0.184714422100254,-0.0106711884302674,2.54329689682739E-18));
#3056=CARTESIAN_POINT('',(0.192527429196719,-0.0133236297578029,2.37498327416446E-18));
#3057=CARTESIAN_POINT('',(0.198107179519973,-0.01681602665094,3.10299775633059E-18));
#3058=CARTESIAN_POINT('',(0.20109270629916,-0.0196217908026363,3.60273413507484E-18));
#3059=CARTESIAN_POINT('',(0.203015698476162,-0.0223237052321436,4.10112401661735E-18));
#3060=CARTESIAN_POINT('',(0.204116496683342,-0.0245100892177024,4.50234307091422E-18));
#3061=CARTESIAN_POINT('',(0.204834602408573,-0.0269036903667641,4.94215095167535E-18));
#3062=CARTESIAN_POINT('',(0.205080797611556,-0.0293272144926525,5.3873163476714E-18));
#3063=CARTESIAN_POINT('',(0.204841882399735,-0.0318166292957055,5.8446189993728E-18));
#3064=CARTESIAN_POINT('',(0.204142694254491,-0.0341731170284808,6.27750925214631E-18));
#3065=CARTESIAN_POINT('',(0.203031146455352,-0.0364013428618065,6.68678121058516E-18));
#3066=CARTESIAN_POINT('',(0.201619581911314,-0.0383960029595765,7.05336979428629E-18));
#3067=CARTESIAN_POINT('',(0.1999284398612,-0.0402199584370413,7.38776959428915E-18));
#3068=CARTESIAN_POINT('',(0.198071698670205,-0.0418093134521042,7.68217544833928E-18));
#3069=CARTESIAN_POINT('',(0.196068906535557,-0.0432108832571827,7.93051073320452E-18));
#3070=CARTESIAN_POINT('',(0.191780264953885,-0.0456766425656861,8.45160251313328E-18));
#3071=CARTESIAN_POINT('',(0.186397512963041,-0.0475229897014418,7.92982279146489E-18));
#3072=CARTESIAN_POINT('',(0.179903783898176,-0.0485791179936618,1.02778715910401E-17));
#3073=CARTESIAN_POINT('',(0.176641392044646,-0.04875,5.97015314584335E-18));
#3074=CARTESIAN_POINT('',(0.175,-0.04875,5.97015314584335E-18));
#3075=CARTESIAN_POINT('',(0.0374957207612427,0.0499209061544519,-1.37966217633343E-11));
#3076=CARTESIAN_POINT('',(0.0374957208329631,0.049920906320994,0.00128413999363375));
#3077=CARTESIAN_POINT('',(0.0375660747724995,0.0498754699143291,0.00256829260814718));
#3078=CARTESIAN_POINT('',(0.0377067870530579,0.0497845942265822,0.00383784727859935));
#3079=CARTESIAN_POINT('',(0.0363332415474237,0.0487582115167427,3.90782140698951E-11));
#3080=CARTESIAN_POINT('',(0.0363332414872017,0.0487582115639527,0.00129080698780677));
#3081=CARTESIAN_POINT('',(0.0363965344931402,0.0487046288046408,0.00258201837783338));
#3082=CARTESIAN_POINT('',(0.0365231822059679,0.0485974111301381,0.00385746307821424));
#3083=CARTESIAN_POINT('',(0.0346889372094674,0.0487492186234166,-1.13908529689784E-11));
#3084=CARTESIAN_POINT('',(0.0346889369835514,0.0487492186509925,0.00134512705121307));
#3085=CARTESIAN_POINT('',(0.0347442458211467,0.0486940669481481,0.00269026735721543));
#3086=CARTESIAN_POINT('',(0.0348548670755503,0.04858376014362,0.00402253032002516));
#3087=CARTESIAN_POINT('',(0.0374950319080985,0.0499214387792915,6.7149962469727E-14));
#3088=CARTESIAN_POINT('',(0.0374950321928473,0.0499214390640362,0.00128283156841007));
#3089=CARTESIAN_POINT('',(0.0375657804863457,0.0498756625219507,0.00256566350232973));
#3090=CARTESIAN_POINT('',(0.0377068002160572,0.0497845857255717,0.00383796603784466));
#3091=CARTESIAN_POINT('',(0.0348547380858842,0.04858388877779,0.00402097639733822));
#3092=CARTESIAN_POINT('',(0.0347437519105742,0.0486945679650381,0.00268368994860545));
#3093=CARTESIAN_POINT('',(0.0346882594116532,0.0487495389407785,0.00134182833010642));
#3094=CARTESIAN_POINT('',(0.0346882588850177,0.0487495389378714,4.58401964920879E-13));
#3095=CARTESIAN_POINT('',(0.119580636453163,0.0659828554078779,0.0249313530493112));
#3096=CARTESIAN_POINT('',(0.119803148332089,0.0657603435289463,0.0247207432765954));
#3097=CARTESIAN_POINT('',(0.120021492737855,0.0655419991231811,0.0245057162367763));
#3098=CARTESIAN_POINT('',(0.120469019807561,0.0650944720534845,0.0240461867084378));
#3099=CARTESIAN_POINT('',(0.120696959920399,0.0648665319406463,0.0238028389716007));
#3100=CARTESIAN_POINT('',(0.12116859335803,0.0643948985030053,0.0232758518597277));
#3101=CARTESIAN_POINT('',(0.121411847755588,0.0641516441054625,0.0229928571141402));
#3102=CARTESIAN_POINT('',(0.121925478363654,0.0636380134973774,0.0223638211283855));
#3103=CARTESIAN_POINT('',(0.122196939282194,0.0633665525788419,0.0220166899279498));
#3104=CARTESIAN_POINT('',(0.122782571949005,0.0627809199120407,0.021219817896214));
#3105=CARTESIAN_POINT('',(0.123096930439835,0.0624665614212059,0.0207702993883386));
#3106=CARTESIAN_POINT('',(0.123610523359023,0.0619529685020177,0.0199756947969168));
#3107=CARTESIAN_POINT('',(0.12378835265142,0.0617751392096186,0.019691238174935));
#3108=CARTESIAN_POINT('',(0.124162534645506,0.0614009572155363,0.0190658674156421));
#3109=CARTESIAN_POINT('',(0.124358607669984,0.0612048841910587,0.0187253994763796));
#3110=CARTESIAN_POINT('',(0.124974459323491,0.0605890325375448,0.0175989293718007));
#3111=CARTESIAN_POINT('',(0.125424253603844,0.0601392382571969,0.0167067424051516));
#3112=CARTESIAN_POINT('',(0.126129448430284,0.0594340434307565,0.0150708816815361));
#3113=CARTESIAN_POINT('',(0.126368973695178,0.0591945181658641,0.0144764845080647));
#3114=CARTESIAN_POINT('',(0.126847302159866,0.0587161897011735,0.0131737544601958));
#3115=CARTESIAN_POINT('',(0.127085977707201,0.0584775141538391,0.0124655314578596));
#3116=CARTESIAN_POINT('',(0.127546067916214,0.058017423944826,0.0109288314065733));
#3117=CARTESIAN_POINT('',(0.12776779451999,0.0577956973410513,0.0100988732695584));
#3118=CARTESIAN_POINT('',(0.128173126305639,0.0573903655553999,0.00832194268465722));
#3119=CARTESIAN_POINT('',(0.128357205861527,0.0572062859995121,0.00737155021973352));
#3120=CARTESIAN_POINT('',(0.128663537363066,0.0568999544979753,0.00537963085334142));
#3121=CARTESIAN_POINT('',(0.128786066966406,0.0567774248946366,0.00433552194425712));
#3122=CARTESIAN_POINT('',(0.128951819421918,0.0566116724391204,0.00219447748254794));
#3123=CARTESIAN_POINT('',(0.128994854292806,0.0565686375682392,0.00110088237399266));
#3124=CARTESIAN_POINT('',(0.128994960703586,0.056568531157454,-0.000129226074060191));
#3125=CARTESIAN_POINT('',(0.128994342226781,0.0565691496342585,-0.000262054296408544));
#3126=CARTESIAN_POINT('',(0.128993099713142,0.0565703921478964,-0.000394779893031251));
#3127=CARTESIAN_POINT('',(0.12225660921754,0.0494590763733833,0.015844972271201));
#3128=CARTESIAN_POINT('',(0.122677133369378,0.0492887986065248,0.0158842320166686));
#3129=CARTESIAN_POINT('',(0.123104215116492,0.0491207969102564,0.0158903336894738));
#3130=CARTESIAN_POINT('',(0.123976158944934,0.0487790234954851,0.0158472784598468));
#3131=CARTESIAN_POINT('',(0.124419367984513,0.0486056338633846,0.0157984253772091));
#3132=CARTESIAN_POINT('',(0.125316588221763,0.0482554437616626,0.015659466806854));
#3133=CARTESIAN_POINT('',(0.125769769053595,0.0480785708005933,0.015570228506665));
#3134=CARTESIAN_POINT('',(0.126697780141559,0.0477319229592496,0.0153619162037966));
#3135=CARTESIAN_POINT('',(0.127173982988176,0.0475613520803942,0.0152434954780242));
#3136=CARTESIAN_POINT('',(0.128175240691791,0.0472589650879485,0.0149639476948897));
#3137=CARTESIAN_POINT('',(0.128699529995548,0.0471275915886091,0.0148046173906055));
#3138=CARTESIAN_POINT('',(0.129539941226385,0.0469993663876379,0.0144850861501435));
#3139=CARTESIAN_POINT('',(0.129826655059992,0.0469682516292487,0.0143658199297162));
#3140=CARTESIAN_POINT('',(0.13042108820632,0.0469354208415389,0.0140823220649773));
#3141=CARTESIAN_POINT('',(0.130727878618388,0.0469336957473591,0.0139187301669252));
#3142=CARTESIAN_POINT('',(0.131667701277639,0.0469806688963203,0.0133326715844896));
#3143=CARTESIAN_POINT('',(0.132328277908804,0.0470837081855824,0.012813059958703));
#3144=CARTESIAN_POINT('',(0.133290944003383,0.0473336296962392,0.0117090567309586));
#3145=CARTESIAN_POINT('',(0.133603498750257,0.0474307375836061,0.0112922179630052));
#3146=CARTESIAN_POINT('',(0.134198746196197,0.0476422344493116,0.0103421817822751));
#3147=CARTESIAN_POINT('',(0.134481416685444,0.0477563213657632,0.00981023132097816));
#3148=CARTESIAN_POINT('',(0.134999051771265,0.0479849816574984,0.00863122420744094));
#3149=CARTESIAN_POINT('',(0.135234957962023,0.04809970931815,0.00798376383285574));
#3150=CARTESIAN_POINT('',(0.135645786502569,0.0483119971197067,0.00658663626355054));
#3151=CARTESIAN_POINT('',(0.135822109681468,0.0484100864444789,0.0058340610360379));
#3152=CARTESIAN_POINT('',(0.136104875385903,0.0485731621823268,0.00425678109618146));
#3153=CARTESIAN_POINT('',(0.136212611856227,0.0486387257417544,0.00342855357011382));
#3154=CARTESIAN_POINT('',(0.13635590462069,0.0487270182114879,0.00173452115709188));
#3155=CARTESIAN_POINT('',(0.136391964050488,0.048749968084262,0.0008687898605331));
#3156=CARTESIAN_POINT('',(0.1363920713669,0.0487500038407944,-0.000103348970726496));
#3157=CARTESIAN_POINT('',(0.136391555764486,0.0487496717749537,-0.000208323251437966));
#3158=CARTESIAN_POINT('',(0.13639051452268,0.0487490073699824,-0.000313212828854572));
#3159=CARTESIAN_POINT('',(0.128741787509461,0.0384499315628044,0.0299694054464827));
#3160=CARTESIAN_POINT('',(0.129973096010573,0.0386350802377395,0.0297318647354093));
#3161=CARTESIAN_POINT('',(0.131181516901443,0.0388571917009008,0.0294427955149325));
#3162=CARTESIAN_POINT('',(0.133588947934367,0.0393869051558524,0.0287303194701794));
#3163=CARTESIAN_POINT('',(0.134782413312758,0.0396939346182027,0.0283076635296106));
#3164=CARTESIAN_POINT('',(0.137108154765411,0.0403876614439049,0.0273087726394342));
#3165=CARTESIAN_POINT('',(0.138238742079703,0.0407737941747668,0.0267334420577647));
#3166=CARTESIAN_POINT('',(0.140391175386061,0.0416137113200401,0.0254062639094076));
#3167=CARTESIAN_POINT('',(0.141416839586443,0.0420694296971787,0.0246512790405139));
#3168=CARTESIAN_POINT('',(0.143297223671353,0.043025944497711,0.0229410238101753));
#3169=CARTESIAN_POINT('',(0.144151298160457,0.0435267108795298,0.0219852700796606));
#3170=CARTESIAN_POINT('',(0.145248181299294,0.0442789006312921,0.0204030022055727));
#3171=CARTESIAN_POINT('',(0.145582762845114,0.0445292446740002,0.0198521191755774));
#3172=CARTESIAN_POINT('',(0.146187953841606,0.0450279164625817,0.0186935017061296));
#3173=CARTESIAN_POINT('',(0.146457750552993,0.0452757523729121,0.0180866695427045));
#3174=CARTESIAN_POINT('',(0.147157061938146,0.0460033477695495,0.016189192886456));
#3175=CARTESIAN_POINT('',(0.147472415620309,0.0464668823376376,0.0148188699105075));
#3176=CARTESIAN_POINT('',(0.147717607529405,0.0470790366296998,0.0126759102205912));
#3177=CARTESIAN_POINT('',(0.147762382845943,0.0472692489335546,0.0119479822779585));
#3178=CARTESIAN_POINT('',(0.147790708973355,0.047617608462712,0.0104737547970446));
#3179=CARTESIAN_POINT('',(0.147774238834562,0.0477756265343688,0.0097279185870004));
#3180=CARTESIAN_POINT('',(0.147700543870043,0.0480562663902493,0.00823031903489726));
#3181=CARTESIAN_POINT('',(0.147643348866963,0.048179120028326,0.00747740297777956));
#3182=CARTESIAN_POINT('',(0.147514677795832,0.0483886405100122,0.00597315926363571));
#3183=CARTESIAN_POINT('',(0.147443169500269,0.0484756473801245,0.0052192508431642));
#3184=CARTESIAN_POINT('',(0.147314115823485,0.0486136633517925,0.00372030963827336));
#3185=CARTESIAN_POINT('',(0.147256640317188,0.0486649599521013,0.00297313191567466));
#3186=CARTESIAN_POINT('',(0.147177147011022,0.0487330975071901,0.00148426678273556));
#3187=CARTESIAN_POINT('',(0.147155325387954,0.048749962159298,0.000744491626259375));
#3188=CARTESIAN_POINT('',(0.147155271792203,0.0487500045124947,-8.73914710630478E-5));
#3189=CARTESIAN_POINT('',(0.147155585402997,0.0487497621900646,-0.000177221672734482));
#3190=CARTESIAN_POINT('',(0.147156211396578,0.0487492725001101,-0.000267020601125047));
#3191=CARTESIAN_POINT('',(0.147155277522844,0.04875,1.86642724072689E-17));
#3192=CARTESIAN_POINT('',(0.147155273183276,0.04875,0.00043730177900692));
#3193=CARTESIAN_POINT('',(0.147167165406741,0.0487410895509636,0.00111541037415907));
#3194=CARTESIAN_POINT('',(0.147201357554788,0.0487126066587206,0.00193610183714524));
#3195=CARTESIAN_POINT('',(0.147224038387161,0.0486930013076452,0.00236157245260526));
#3196=CARTESIAN_POINT('',(0.147237800430517,0.0486809274326557,0.0025968542273397));
#3197=CARTESIAN_POINT('',(0.147250760611901,0.0486694006627337,0.00280361703106924));
#3198=CARTESIAN_POINT('',(0.147257191412126,0.0486636715000148,0.00290046337774659));
#3199=CARTESIAN_POINT('',(0.147269353856804,0.0486528654869031,0.00307838681727287));
#3200=CARTESIAN_POINT('',(0.14729244970612,0.0486321382119503,0.00339713821095652));
#3201=CARTESIAN_POINT('',(0.147334862383856,0.0485922994702415,0.00393828209076652));
#3202=CARTESIAN_POINT('',(0.147397849990156,0.0485264076690093,0.00468935310517534));
#3203=CARTESIAN_POINT('',(0.147479321508722,0.0484301252397219,0.00560104323629626));
#3204=CARTESIAN_POINT('',(0.147556688241192,0.048321157297357,0.0064690880381954));
#3205=CARTESIAN_POINT('',(0.147618987825989,0.0482141021107202,0.00722025499803663));
#3206=CARTESIAN_POINT('',(0.147661074321753,0.0481275052824001,0.00777008588123559));
#3207=CARTESIAN_POINT('',(0.147684468865795,0.0480718983838953,0.00810387233550289));
#3208=CARTESIAN_POINT('',(0.147696913338252,0.048039458656179,0.00829317108384424));
#3209=CARTESIAN_POINT('',(0.147703615527496,0.0480212541372596,0.00839828407585748));
#3210=CARTESIAN_POINT('',(0.147716547080295,0.0479830120625802,0.00861444290651647));
#3211=CARTESIAN_POINT('',(0.147730156663289,0.0479381279040288,0.00886140408720569));
#3212=CARTESIAN_POINT('',(0.147751811932268,0.0478553344309224,0.00930282589551607));
#3213=CARTESIAN_POINT('',(0.147772944906991,0.0477368643703953,0.00989595830318047));
#3214=CARTESIAN_POINT('',(0.147783176676896,0.0475881320655608,0.0105861298351227));
#3215=CARTESIAN_POINT('',(0.147780106819421,0.0474516768872068,0.0111830796317043));
#3216=CARTESIAN_POINT('',(0.147755873446689,0.0472682217704677,0.0119362279290194));
#3217=CARTESIAN_POINT('',(0.14769671856889,0.0470277117498369,0.0128585426133002));
#3218=CARTESIAN_POINT('',(0.147520849994604,0.046576779435658,0.0144452642141474));
#3219=CARTESIAN_POINT('',(0.147072915347018,0.0458923351210018,0.0165108004939869));
#3220=CARTESIAN_POINT('',(0.146326254828382,0.0451366939492581,0.0184484876764681));
#3221=CARTESIAN_POINT('',(0.145563979733184,0.0445128059807194,0.01989075357982));
#3222=CARTESIAN_POINT('',(0.14488449424424,0.0440213514059642,0.0209543175823533));
#3223=CARTESIAN_POINT('',(0.144197373603502,0.0435735619325597,0.0218687417213725));
#3224=CARTESIAN_POINT('',(0.143416769072109,0.0431096144837572,0.0227694490769519));
#3225=CARTESIAN_POINT('',(0.142577383892054,0.042653772348511,0.0236120865143385));
#3226=CARTESIAN_POINT('',(0.141626017923991,0.0421823580774198,0.0244431579947996));
#3227=CARTESIAN_POINT('',(0.140740768483308,0.0417788428447219,0.0251254439667283));
#3228=CARTESIAN_POINT('',(0.139769173652013,0.0413684456162527,0.0257956335861135));
#3229=CARTESIAN_POINT('',(0.138916699765977,0.0410376284284085,0.0263167568213033));
#3230=CARTESIAN_POINT('',(0.138215161138937,0.0407815163062689,0.0267109416797105));
#3231=CARTESIAN_POINT('',(0.137649262731208,0.0405840699107413,0.0270098279306089));
#3232=CARTESIAN_POINT('',(0.137169381893675,0.0404233140213059,0.0272496779383252));
#3233=CARTESIAN_POINT('',(0.136486623659267,0.0402027288009151,0.0275748117188596));
#3234=CARTESIAN_POINT('',(0.135279853401332,0.0398362280031687,0.0281044732578467));
#3235=CARTESIAN_POINT('',(0.132747064981766,0.039160135859017,0.029046968775766));
#3236=CARTESIAN_POINT('',(0.130393956271741,0.0386983639062472,0.0296506735109952));
#3237=CARTESIAN_POINT('',(0.128741787509461,0.0384499315628043,0.0299694054464827));
#3238=CARTESIAN_POINT('',(0.147155277522844,0.04875,0.));
#3239=CARTESIAN_POINT('',(0.147155277503768,0.0487500000004146,-3.2221815069197E-13));
#3240=CARTESIAN_POINT('',(0.145447396450015,0.0487500000001395,-3.2221815069197E-13));
#3241=CARTESIAN_POINT('',(0.142099767412863,0.0490907299048646,1.49499505497344E-13));
#3242=CARTESIAN_POINT('',(0.137193259381463,0.0506327540416791,-4.01889413753691E-14));
#3243=CARTESIAN_POINT('',(0.132776207339789,0.0530901300963745,1.14762824289702E-14));
#3244=CARTESIAN_POINT('',(0.130168704794422,0.0553279152823005,-3.76885192298433E-17));
#3245=CARTESIAN_POINT('',(0.12899494936471,0.0565685424963306,-3.76885192298433E-17));
#3246=CARTESIAN_POINT('',(0.12899494936471,0.0565685424963305,3.49909310510752E-18));
#3247=CARTESIAN_POINT('',(0.10778174593052,0.0777817459305202,0.));
#3248=CARTESIAN_POINT('',(0.12828784258493,0.0572756492761104,0.));
#3249=CARTESIAN_POINT('',(0.12828784258493,0.0572756492761104,0.));
#3250=CARTESIAN_POINT('',(0.10778174593052,0.0777817459305202,0.));
#3251=CARTESIAN_POINT('',(0.164527065120741,0.105889240482685,0.));
#3252=CARTESIAN_POINT('',(0.164527065120741,0.105889240482685,0.));
#3253=CARTESIAN_POINT('',(0.0901040764008565,0.0601040764008566,0.));
#3254=CARTESIAN_POINT('',(0.150002,0.,0.));
#3255=CARTESIAN_POINT('',(0.0348545824105313,0.,0.));
#3256=CARTESIAN_POINT('',(0.0218256068407313,0.,0.));
#3257=CARTESIAN_POINT('',(0.0218256068407313,-0.0457730604410669,0.));
#3258=CARTESIAN_POINT('',(0.0348545824105313,-0.01875,0.));
#3259=CARTESIAN_POINT('',(0.0348545824105313,-0.04875,0.));
#3260=CARTESIAN_POINT('',(0.0348545824105313,0.,0.));
#3261=CARTESIAN_POINT('',(0.075,0.,0.));
#3262=CARTESIAN_POINT('',(0.075,-0.04875,0.));
#3263=CARTESIAN_POINT('',(0.075,0.04875,0.));
#3264=CARTESIAN_POINT('',(0.,0.,0.));
#3265=CARTESIAN_POINT('',(-0.0731111111111112,0.,0.));
#3266=CARTESIAN_POINT('',(0.,0.,0.));
#3267=CARTESIAN_POINT('',(0.166,0.0403678694094824,0.));
#3268=CARTESIAN_POINT('',(0.1688,0.0403678694094824,0.));
#3269=CARTESIAN_POINT('',(0.,0.,0.));
#3270=CARTESIAN_POINT('',(0.0391111111111111,-0.04275,0.));
#3271=CARTESIAN_POINT('',(0.0419111111111111,-0.04275,0.));
#3272=CARTESIAN_POINT('',(0.102618967890803,-0.04275,0.));
#3273=CARTESIAN_POINT('',(0.105418967890803,-0.04275,0.));
#3274=CARTESIAN_POINT('',(0.166,-0.0387384365239048,0.));
#3275=CARTESIAN_POINT('',(0.1688,-0.0387384365239048,0.));
#3276=CARTESIAN_POINT('',(0.102500256484972,0.0456285713374682,0.0091));
#3277=CARTESIAN_POINT('',(0.102618967890803,-0.04275,0.0091));
#3278=CARTESIAN_POINT('',(0.105418967890803,-0.04275,0.0091));
#3279=CARTESIAN_POINT('',(0.102618967890803,-0.04275,0.0091));
#3280=CARTESIAN_POINT('',(0.102500256484972,0.0456285713374682,0.0091));
#3281=CARTESIAN_POINT('',(0.0391111111111111,-0.04275,0.0091));
#3282=CARTESIAN_POINT('',(0.0419111111111111,-0.04275,0.0091));
#3283=CARTESIAN_POINT('',(0.0391111111111111,-0.04275,0.0091));
#3284=CARTESIAN_POINT('',(0.102500256484972,0.0456285713374682,0.0091));
#3285=CARTESIAN_POINT('',(0.166,0.0403678694094824,0.0091));
#3286=CARTESIAN_POINT('',(0.1688,0.0403678694094824,0.0091));
#3287=CARTESIAN_POINT('',(0.166,0.0403678694094824,0.0091));
#3288=CARTESIAN_POINT('',(0.102500256484972,0.0456285713374682,0.0091));
#3289=CARTESIAN_POINT('',(0.166,-0.0387384365239048,0.0091));
#3290=CARTESIAN_POINT('',(0.1688,-0.0387384365239048,0.0091));
#3291=CARTESIAN_POINT('',(0.166,-0.0387384365239048,0.0091));
#3292=CARTESIAN_POINT('',(0.128994949366117,0.0989949493661166,2.18374171136934));
#3293=MECHANICAL_DESIGN_GEOMETRIC_PRESENTATION_REPRESENTATION('',(#1251),
#3294);
#3294=(
GEOMETRIC_REPRESENTATION_CONTEXT(3)
GLOBAL_UNCERTAINTY_ASSIGNED_CONTEXT((#3295))
GLOBAL_UNIT_ASSIGNED_CONTEXT((#3298,#3297,#3296))
REPRESENTATION_CONTEXT('motor_mount_bottom','TOP_LEVEL_ASSEMBLY_PART')
);
#3295=UNCERTAINTY_MEASURE_WITH_UNIT(LENGTH_MEASURE(2.08707513272081E-5),
#3298,'DISTANCE_ACCURACY_VALUE','Maximum Tolerance applied to model');
#3296=(
NAMED_UNIT(*)
SI_UNIT($,.STERADIAN.)
SOLID_ANGLE_UNIT()
);
#3297=(
NAMED_UNIT(*)
PLANE_ANGLE_UNIT()
SI_UNIT($,.RADIAN.)
);
#3298=(
LENGTH_UNIT()
NAMED_UNIT(*)
SI_UNIT($,.METRE.)
);
#3299=PRODUCT_DEFINITION_SHAPE('','',#3300);
#3300=PRODUCT_DEFINITION('','',#3302,#3301);
#3301=PRODUCT_DEFINITION_CONTEXT('',#3308,'design');
#3302=PRODUCT_DEFINITION_FORMATION_WITH_SPECIFIED_SOURCE('','',#3304,
 .NOT_KNOWN.);
#3303=PRODUCT_RELATED_PRODUCT_CATEGORY('','',(#3304));
#3304=PRODUCT('motor_mount_bottom','motor_mount_bottom',
'motor_mount_bottom',(#3306));
#3305=PRODUCT_CATEGORY('','');
#3306=PRODUCT_CONTEXT('',#3308,'mechanical');
#3307=APPLICATION_PROTOCOL_DEFINITION('international standard',
'ap242_managed_model_based_3d_engineering',2020,#3308);
#3308=APPLICATION_CONTEXT('managed model based 3d engineering');
ENDSEC;
END-ISO-10303-21;
