ISO-10303-21;
HEADER;
/* Generated by software containing ST-Developer
 * from STEP Tools, Inc. (www.steptools.com) 
 */
/* OPTION: using custom renumber hook */

FILE_DESCRIPTION(
/* description */ ('STEP AP242 Edition 2',
'CAx-IF Rec.Pracs.---Representation and Presentation of Product Manufa
cturing Information (PMI)---4.0---2014-10-13',
'CAx-IF Rec.Pracs.---3D Tessellated Geometry---0.4---2014-09-14','2;1',
'CAx-IF Rec.Pracs.---User Defined Attributes---1.5---2016-08-15'),
/* implementation_level */ '2;1');

FILE_NAME(
/* name */ '69746d0b8c5d46be4189c477',
/* time_stamp */ '2026-01-24T06:56:12Z',
/* author */ (''),
/* organization */ (''),
/* preprocessor_version */ 'ST-DEVELOPER v20',
/* originating_system */ 'ONSHAPE BY PTC INC, 1.209',
/* authorisation */ '  ');

FILE_SCHEMA (('AP242_MANAGED_MODEL_BASED_3D_ENGINEERING_MIM_LF { 1 0 10303 442 3 1 4 }'));
ENDSEC;

DATA;
#10=SHAPE_REPRESENTATION_RELATIONSHIP('','',#1818,#11);
#11=ADVANCED_BREP_SHAPE_REPRESENTATION('',(#1816),#4676);
#12=TOROIDAL_SURFACE('',#1876,0.006,0.004);
#13=TOROIDAL_SURFACE('',#1884,0.014,0.0085);
#14=TOROIDAL_SURFACE('',#1932,0.006,0.004);
#15=TOROIDAL_SURFACE('',#1937,0.006,0.004);
#16=TOROIDAL_SURFACE('',#1942,0.006,0.004);
#17=TOROIDAL_SURFACE('',#1947,0.006,0.004);
#18=TOROIDAL_SURFACE('',#1952,0.006,0.004);
#19=TOROIDAL_SURFACE('',#1957,0.006,0.004);
#20=TOROIDAL_SURFACE('',#1962,0.006,0.004);
#21=TOROIDAL_SURFACE('',#1967,0.006,0.004);
#22=TOROIDAL_SURFACE('',#2014,0.04725,0.0015);
#23=TOROIDAL_SURFACE('',#2017,0.04725,0.0015);
#24=TOROIDAL_SURFACE('',#2023,0.04725,0.0015);
#25=TOROIDAL_SURFACE('',#2026,0.04725,0.0015);
#26=TOROIDAL_SURFACE('',#2027,0.04725,0.0015);
#27=TOROIDAL_SURFACE('',#2031,0.0471615616700082,0.0015);
#28=B_SPLINE_SURFACE_WITH_KNOTS('',3,3,((#3729,#3730,#3731,#3732),(#3733,
#3734,#3735,#3736),(#3737,#3738,#3739,#3740),(#3741,#3742,#3743,#3744),
(#3745,#3746,#3747,#3748),(#3749,#3750,#3751,#3752)),.UNSPECIFIED.,.F.,
 .F.,.F.,(4,2,4),(4,4),(0.,0.503055939128038,1.00611187825608),(0.483563716708589,
0.500000869970044),.UNSPECIFIED.);
#29=(
BOUNDED_SURFACE()
B_SPLINE_SURFACE(3,3,((#3110,#3111,#3112,#3113),(#3114,#3115,#3116,#3117),
(#3118,#3119,#3120,#3121),(#3122,#3123,#3124,#3125),(#3126,#3127,#3128,
#3129),(#3130,#3131,#3132,#3133),(#3134,#3135,#3136,#3137),(#3138,#3139,
#3140,#3141),(#3142,#3143,#3144,#3145),(#3146,#3147,#3148,#3149),(#3150,
#3151,#3152,#3153)),.SURF_OF_REVOLUTION.,.F.,.F.,.F.)
B_SPLINE_SURFACE_WITH_KNOTS((4,1,1,1,1,1,1,1,4),(4,4),(4.71238898038469,
5.10508806208341,5.49778714378214,5.89048622548086,6.28318530717959,6.67588438887831,
7.06858347057703,7.46128255227576,7.85398163397448),(0.,1.),
 .UNSPECIFIED.)
GEOMETRIC_REPRESENTATION_ITEM()
RATIONAL_B_SPLINE_SURFACE(((1.,0.333333333333334,0.333333333333334,1.),
(1.,0.333333333333334,0.333333333333334,1.),(1.,0.333333333333334,0.333333333333334,
1.),(1.,0.333333333333334,0.333333333333334,1.),(1.,0.333333333333334,0.333333333333334,
1.),(1.,0.333333333333334,0.333333333333334,1.),(1.,0.333333333333334,0.333333333333334,
1.),(1.,0.333333333333334,0.333333333333334,1.),(1.,0.333333333333334,0.333333333333334,
1.),(1.,0.333333333333334,0.333333333333334,1.),(1.,0.333333333333334,0.333333333333334,
1.)))
REPRESENTATION_ITEM('')
SURFACE()
);
#30=(
BOUNDED_SURFACE()
B_SPLINE_SURFACE(3,3,((#3180,#3181,#3182,#3183),(#3184,#3185,#3186,#3187),
(#3188,#3189,#3190,#3191),(#3192,#3193,#3194,#3195)),
 .SURF_OF_REVOLUTION.,.F.,.F.,.F.)
B_SPLINE_SURFACE_WITH_KNOTS((4,4),(4,4),(0.,1.),(0.,1.),
 .PIECEWISE_BEZIER_KNOTS.)
GEOMETRIC_REPRESENTATION_ITEM()
RATIONAL_B_SPLINE_SURFACE(((1.,0.333333333333333,0.333333333333333,1.),
(1.,0.333333333333333,0.333333333333333,1.),(1.,0.333333333333333,0.333333333333333,
1.),(1.,0.333333333333333,0.333333333333333,1.)))
REPRESENTATION_ITEM('')
SURFACE()
);
#31=(
BOUNDED_SURFACE()
B_SPLINE_SURFACE(2,3,((#3625,#3626,#3627,#3628,#3629,#3630,#3631,#3632,
#3633,#3634,#3635,#3636,#3637,#3638,#3639,#3640,#3641,#3642,#3643,#3644,
#3645,#3646,#3647,#3648,#3649,#3650,#3651,#3652,#3653,#3654),(#3655,#3656,
#3657,#3658,#3659,#3660,#3661,#3662,#3663,#3664,#3665,#3666,#3667,#3668,
#3669,#3670,#3671,#3672,#3673,#3674,#3675,#3676,#3677,#3678,#3679,#3680,
#3681,#3682,#3683,#3684),(#3685,#3686,#3687,#3688,#3689,#3690,#3691,#3692,
#3693,#3694,#3695,#3696,#3697,#3698,#3699,#3700,#3701,#3702,#3703,#3704,
#3705,#3706,#3707,#3708,#3709,#3710,#3711,#3712,#3713,#3714)),
 .UNSPECIFIED.,.F.,.F.,.F.)
B_SPLINE_SURFACE_WITH_KNOTS((3,3),(4,2,2,2,2,2,2,2,2,2,2,2,2,2,4),(0.,1.),
(0.999464654032129,0.999986125313261,1.00436425128781,1.00874237726237,
1.01312050323692,1.01749862921147,1.02187675518603,1.02625488116058,1.03501113310969,
1.04376738505879,1.0525236370079,1.06127988895701,1.07003614090611,1.07879239285522,
1.08754864480433),.UNSPECIFIED.)
GEOMETRIC_REPRESENTATION_ITEM()
RATIONAL_B_SPLINE_SURFACE(((1.,1.,1.,1.,1.,1.,1.,1.,1.,1.,1.,1.,1.,1.,1.,
1.,1.,1.,1.,1.,1.,1.,1.,1.,1.,1.,1.,1.,1.,1.),(0.918457813842617,0.918480917263413,
0.91849262944415,0.918494790371487,0.917687330212196,0.914570432728487,
0.912263145874257,0.906455838837777,0.902947729145376,0.895227886385503,
0.891010311992631,0.882263552670465,0.877725512555965,0.868722005562593,
0.864265407054232,0.851394883204777,0.843512029596609,0.829965346846735,
0.824276130309836,0.814717102730404,0.810831238611422,0.80413700930983,
0.801308250881907,0.79602882280377,0.793569997819279,0.788481916747797,
0.785856986578733,0.780023224218865,0.776824522436236,0.773179953063545),
(1.,1.,1.,1.,1.,1.,1.,1.,1.,1.,1.,1.,1.,1.,1.,1.,1.,1.,1.,1.,1.,1.,1.,1.,
1.,1.,1.,1.,1.,1.)))
REPRESENTATION_ITEM('')
SURFACE()
);
#32=(
BOUNDED_SURFACE()
B_SPLINE_SURFACE(3,2,((#3814,#3815,#3816),(#3817,#3818,#3819),(#3820,#3821,
#3822),(#3823,#3824,#3825),(#3826,#3827,#3828),(#3829,#3830,#3831),(#3832,
#3833,#3834),(#3835,#3836,#3837),(#3838,#3839,#3840),(#3841,#3842,#3843),
(#3844,#3845,#3846),(#3847,#3848,#3849),(#3850,#3851,#3852),(#3853,#3854,
#3855),(#3856,#3857,#3858),(#3859,#3860,#3861),(#3862,#3863,#3864),(#3865,
#3866,#3867),(#3868,#3869,#3870),(#3871,#3872,#3873),(#3874,#3875,#3876),
(#3877,#3878,#3879)),.UNSPECIFIED.,.F.,.F.,.F.)
B_SPLINE_SURFACE_WITH_KNOTS((4,1,1,1,1,1,1,1,1,1,1,1,1,1,1,1,1,1,1,4),(3,
3),(0.0680785578599552,0.0723235390534403,0.0744460296501829,0.0765685202469254,
0.0808135014404106,0.0850584826338956,0.0893034638273807,0.0935484450208659,
0.097793426214351,0.102038407407836,0.106283388601321,0.110528369794806,
0.114773350988291,0.119018332181776,0.123263313375262,0.127508294568747,
0.129630785165489,0.131753275762232,0.133875766358974,0.135998256955717),
(0.,1.),.UNSPECIFIED.)
GEOMETRIC_REPRESENTATION_ITEM()
RATIONAL_B_SPLINE_SURFACE(((1.,0.923879532511288,1.),(1.,0.923879532512239,
1.),(1.,0.92418280830936,1.),(1.,0.924810403760311,1.),(1.,0.925252941336102,
1.),(1.,0.924784815478434,1.),(1.,0.919910442753418,1.),(1.,0.908582932584106,
1.),(1.,0.889730454415596,1.),(1.,0.863778819671759,1.),(1.,0.830340802285875,
1.),(1.,0.790569108601379,1.),(1.,0.743394713891593,1.),(1.,0.688738539094984,
1.),(1.,0.627290706419655,1.),(1.,0.557712720614011,1.),(1.,0.494059806572723,
1.),(1.,0.44490274096541,1.),(1.,0.412612317572943,1.),(1.,0.388593607598395,
1.),(1.,0.382683432317811,1.),(1.,0.38268343236509,1.)))
REPRESENTATION_ITEM('')
SURFACE()
);
#33=(
BOUNDED_SURFACE()
B_SPLINE_SURFACE(2,3,((#3971,#3972,#3973,#3974,#3975,#3976,#3977,#3978,
#3979,#3980,#3981,#3982,#3983,#3984,#3985,#3986,#3987,#3988,#3989,#3990,
#3991,#3992,#3993,#3994,#3995,#3996,#3997,#3998,#3999,#4000,#4001,#4002,
#4003,#4004,#4005,#4006),(#4007,#4008,#4009,#4010,#4011,#4012,#4013,#4014,
#4015,#4016,#4017,#4018,#4019,#4020,#4021,#4022,#4023,#4024,#4025,#4026,
#4027,#4028,#4029,#4030,#4031,#4032,#4033,#4034,#4035,#4036,#4037,#4038,
#4039,#4040,#4041,#4042),(#4043,#4044,#4045,#4046,#4047,#4048,#4049,#4050,
#4051,#4052,#4053,#4054,#4055,#4056,#4057,#4058,#4059,#4060,#4061,#4062,
#4063,#4064,#4065,#4066,#4067,#4068,#4069,#4070,#4071,#4072,#4073,#4074,
#4075,#4076,#4077,#4078)),.UNSPECIFIED.,.F.,.F.,.F.)
B_SPLINE_SURFACE_WITH_KNOTS((3,3),(4,2,2,2,2,2,2,2,2,2,2,2,2,2,2,2,2,4),
(0.,1.),(0.0875515615098196,0.107349398398393,0.127150151993666,0.14695090558894,
0.166751659184214,0.186552412779487,0.206353166374761,0.245954673565308,
0.285556180755854,0.325157687946401,0.344958441541674,0.364759195136948,
0.384559948732221,0.404360702327495,0.424161455922768,0.443962209518042,
0.463762963113315,0.483563716708589),.UNSPECIFIED.)
GEOMETRIC_REPRESENTATION_ITEM()
RATIONAL_B_SPLINE_SURFACE(((1.,1.,1.,1.,1.,1.,1.,1.,1.,1.,1.,1.,1.,1.,1.,
1.,1.,1.,1.,1.,1.,1.,1.,1.,1.,1.,1.,1.,1.,1.,1.,1.,1.,1.,1.,1.),(0.773176743374645,
0.784778428610787,0.794616441798572,0.812335180118908,0.820221711538422,
0.834658772067216,0.841248112021915,0.853482067091548,0.859160390481519,
0.869805462638502,0.874796174630333,0.884210255897831,0.888663800274904,
0.901339821602446,0.908881398203842,0.922304670257265,0.928170686447619,
0.937793729290449,0.94151672315473,0.944884266071463,0.945632924299241,
0.946339198268333,0.946295071731324,0.945474173137284,0.944697846503821,
0.942601500994327,0.941280972407598,0.938370846430317,0.936782373068058,
0.933624513851678,0.932056034173538,0.929203251780591,0.927917356520274,
0.925827298693449,0.92502209427294,0.924516499312977),(1.,1.,1.,1.,1.,1.,
1.,1.,1.,1.,1.,1.,1.,1.,1.,1.,1.,1.,1.,1.,1.,1.,1.,1.,1.,1.,1.,1.,1.,1.,
1.,1.,1.,1.,1.,1.)))
REPRESENTATION_ITEM('')
SURFACE()
);
#34=(
BOUNDED_SURFACE()
B_SPLINE_SURFACE(3,2,((#4367,#4368,#4369),(#4370,#4371,#4372),(#4373,#4374,
#4375),(#4376,#4377,#4378),(#4379,#4380,#4381),(#4382,#4383,#4384),(#4385,
#4386,#4387),(#4388,#4389,#4390),(#4391,#4392,#4393),(#4394,#4395,#4396),
(#4397,#4398,#4399),(#4400,#4401,#4402),(#4403,#4404,#4405)),
 .UNSPECIFIED.,.F.,.F.,.F.)
B_SPLINE_SURFACE_WITH_KNOTS((4,1,1,1,1,1,1,1,1,1,4),(3,3),(-5.55111512312578E-17,
0.0034161921509057,0.00683238430181146,0.0102485764527172,0.0119566725281701,
0.013664768603623,0.0153728646790759,0.0170809607545287,0.0204971529054345,
0.0239133450563403,0.027329537207246),(0.,1.),.UNSPECIFIED.)
GEOMETRIC_REPRESENTATION_ITEM()
RATIONAL_B_SPLINE_SURFACE(((1.,0.707106781186543,1.),(1.,0.734896239251901,
1.),(1.,0.787345835865417,1.),(1.,0.857115051457611,1.),(1.,0.901790590797639,
1.),(1.,0.922729150204726,1.),(1.,0.928363598493278,1.),(1.,0.922776908452448,
1.),(1.,0.901759920555349,1.),(1.,0.857150106252547,1.),(1.,0.78747093187087,
1.),(1.,0.734903990225701,1.),(1.,0.707106781186548,1.)))
REPRESENTATION_ITEM('')
SURFACE()
);
#35=(
BOUNDED_SURFACE()
B_SPLINE_SURFACE(3,2,((#4408,#4409,#4410),(#4411,#4412,#4413),(#4414,#4415,
#4416),(#4417,#4418,#4419)),.UNSPECIFIED.,.F.,.F.,.F.)
B_SPLINE_SURFACE_WITH_KNOTS((4,4),(3,3),(2.70321425117699,2.92862934272023),
(0.,1.),.PIECEWISE_BEZIER_KNOTS.)
GEOMETRIC_REPRESENTATION_ITEM()
RATIONAL_B_SPLINE_SURFACE(((1.,0.686387256483152,1.),(1.,0.69328379722308,
1.),(1.,0.698601873017519,1.),(1.,0.702105913492993,1.)))
REPRESENTATION_ITEM('')
SURFACE()
);
#36=(
BOUNDED_SURFACE()
B_SPLINE_SURFACE(3,2,((#4421,#4422,#4423),(#4424,#4425,#4426),(#4427,#4428,
#4429),(#4430,#4431,#4432)),.UNSPECIFIED.,.F.,.F.,.F.)
B_SPLINE_SURFACE_WITH_KNOTS((4,4),(3,3),(3.20923843055709E-17,0.00103331973324642),
(0.,1.),.PIECEWISE_BEZIER_KNOTS.)
GEOMETRIC_REPRESENTATION_ITEM()
RATIONAL_B_SPLINE_SURFACE(((1.,0.686387256483152,1.),(1.,0.686798163331596,
1.),(1.,0.687215354000171,1.),(1.,0.687638677192756,1.)))
REPRESENTATION_ITEM('')
SURFACE()
);
#37=(
BOUNDED_SURFACE()
B_SPLINE_SURFACE(3,2,((#4434,#4435,#4436),(#4437,#4438,#4439),(#4440,#4441,
#4442),(#4443,#4444,#4445),(#4446,#4447,#4448),(#4449,#4450,#4451),(#4452,
#4453,#4454),(#4455,#4456,#4457),(#4458,#4459,#4460),(#4461,#4462,#4463),
(#4464,#4465,#4466),(#4467,#4468,#4469),(#4470,#4471,#4472),(#4473,#4474,
#4475)),.UNSPECIFIED.,.F.,.F.,.F.)
B_SPLINE_SURFACE_WITH_KNOTS((4,1,1,1,1,1,1,1,1,1,1,4),(3,3),(-1.56125112837913E-17,
0.00267902243020732,0.00535804486041465,0.00803706729062198,0.00937657850572565,
0.0107160897208293,0.012055600935933,0.0133951121510367,0.0147346233661403,
0.016074134581244,0.0187531570114513,0.0214321794416587),(0.,1.),
 .UNSPECIFIED.)
GEOMETRIC_REPRESENTATION_ITEM()
RATIONAL_B_SPLINE_SURFACE(((1.,0.687638677192721,1.),(1.,0.710282227542579,
1.),(1.,0.755054656297996,1.),(1.,0.820369845479957,1.),(1.,0.871438655060466,
1.),(1.,0.904467355852603,1.),(1.,0.923538915133049,1.),(1.,0.932746104392333,
1.),(1.,0.929247231670568,1.),(1.,0.914396000338564,1.),(1.,0.884755791756148,
1.),(1.,0.837061340344752,1.),(1.,0.795295076335716,1.),(1.,0.774010252829687,
1.)))
REPRESENTATION_ITEM('')
SURFACE()
);
#38=(
BOUNDED_SURFACE()
B_SPLINE_SURFACE(3,2,((#4477,#4478,#4479),(#4480,#4481,#4482),(#4483,#4484,
#4485),(#4486,#4487,#4488)),.UNSPECIFIED.,.F.,.F.,.F.)
B_SPLINE_SURFACE_WITH_KNOTS((4,4),(3,3),(-5.20417042793042E-17,0.00532760985743558),
(0.,1.),.PIECEWISE_BEZIER_KNOTS.)
GEOMETRIC_REPRESENTATION_ITEM()
RATIONAL_B_SPLINE_SURFACE(((1.,0.774010252829717,1.),(1.,0.734207587191945,
1.),(1.,0.69131277389416,1.),(1.,0.645345551518986,1.)))
REPRESENTATION_ITEM('')
SURFACE()
);
#39=(
BOUNDED_SURFACE()
B_SPLINE_SURFACE(3,2,((#4490,#4491,#4492),(#4493,#4494,#4495),(#4496,#4497,
#4498),(#4499,#4500,#4501)),.UNSPECIFIED.,.F.,.F.,.F.)
B_SPLINE_SURFACE_WITH_KNOTS((4,4),(3,3),(2.64207675171116,2.65937946326679),
(0.,1.),.PIECEWISE_BEZIER_KNOTS.)
GEOMETRIC_REPRESENTATION_ITEM()
RATIONAL_B_SPLINE_SURFACE(((1.,0.645345551518978,1.),(1.,0.645141874597016,
1.),(1.,0.644941330526022,1.),(1.,0.644743958144562,1.)))
REPRESENTATION_ITEM('')
SURFACE()
);
#40=(
BOUNDED_SURFACE()
B_SPLINE_SURFACE(3,2,((#4503,#4504,#4505),(#4506,#4507,#4508),(#4509,#4510,
#4511),(#4512,#4513,#4514)),.UNSPECIFIED.,.F.,.F.,.F.)
B_SPLINE_SURFACE_WITH_KNOTS((4,4),(3,3),(0.000811905774505421,0.0119129290823267),
(0.,1.),.PIECEWISE_BEZIER_KNOTS.)
GEOMETRIC_REPRESENTATION_ITEM()
RATIONAL_B_SPLINE_SURFACE(((1.,0.644743958144537,1.),(1.,0.646516942700049,
1.),(1.,0.647862591597057,1.),(1.,0.648791113215024,1.)))
REPRESENTATION_ITEM('')
SURFACE()
);
#41=(
BOUNDED_SURFACE()
B_SPLINE_SURFACE(3,2,((#4517,#4518,#4519),(#4520,#4521,#4522),(#4523,#4524,
#4525),(#4526,#4527,#4528),(#4529,#4530,#4531),(#4532,#4533,#4534),(#4535,
#4536,#4537),(#4538,#4539,#4540),(#4541,#4542,#4543),(#4544,#4545,#4546),
(#4547,#4548,#4549),(#4550,#4551,#4552),(#4553,#4554,#4555)),
 .UNSPECIFIED.,.F.,.F.,.F.)
B_SPLINE_SURFACE_WITH_KNOTS((4,1,1,1,1,1,1,1,1,1,4),(3,3),(-1.73472347597681E-18,
0.00324320351937054,0.00648640703874109,0.00972961055811164,0.0113512123177969,
0.0129728140774822,0.0145944158371675,0.0162160175968527,0.0194592211162233,
0.0227024246355938,0.0259456281549644),(0.,1.),.UNSPECIFIED.)
GEOMETRIC_REPRESENTATION_ITEM()
RATIONAL_B_SPLINE_SURFACE(((1.,0.707106781186544,1.),(1.,0.735124911652141,
1.),(1.,0.786902790306027,1.),(1.,0.85405338807883,1.),(1.,0.895203844192426,
1.),(1.,0.913782337814839,1.),(1.,0.918752379307253,1.),(1.,0.914047717546486,
1.),(1.,0.89572616025201,1.),(1.,0.854636670774714,1.),(1.,0.787900766409461,
1.),(1.,0.735214253599453,1.),(1.,0.707106781186548,1.)))
REPRESENTATION_ITEM('')
SURFACE()
);
#42=(
BOUNDED_SURFACE()
B_SPLINE_SURFACE(3,2,((#4558,#4559,#4560),(#4561,#4562,#4563),(#4564,#4565,
#4566),(#4567,#4568,#4569),(#4570,#4571,#4572),(#4573,#4574,#4575),(#4576,
#4577,#4578),(#4579,#4580,#4581),(#4582,#4583,#4584),(#4585,#4586,#4587),
(#4588,#4589,#4590),(#4591,#4592,#4593),(#4594,#4595,#4596),(#4597,#4598,
#4599),(#4600,#4601,#4602),(#4603,#4604,#4605),(#4606,#4607,#4608),(#4609,
#4610,#4611),(#4612,#4613,#4614),(#4615,#4616,#4617)),.UNSPECIFIED.,.F.,
 .F.,.F.)
B_SPLINE_SURFACE_WITH_KNOTS((4,1,1,1,1,1,1,1,1,1,1,1,1,1,1,1,1,4),(3,3),
(0.0488906633942049,0.0550260388249873,0.0580937265403784,0.0611614142557696,
0.0642291019711608,0.0672967896865519,0.0688306335442475,0.0703644774019431,
0.0718983212596387,0.0734321651173343,0.0749660089750298,0.0764998528327254,
0.0795675405481166,0.0826352282635078,0.0857029159788989,0.0887706036942901,
0.0918382914096812,0.0979736668404636),(0.,1.),.UNSPECIFIED.)
GEOMETRIC_REPRESENTATION_ITEM()
RATIONAL_B_SPLINE_SURFACE(((1.,0.516188990097302,1.),(1.,0.553332099689232,
1.),(1.,0.615195910652846,1.),(1.,0.700693463555951,1.),(1.,0.76486303477615,
1.),(1.,0.824900602523802,1.),(1.,0.871598084422325,1.),(1.,0.902735889700226,
1.),(1.,0.922557148591051,1.),(1.,0.936244813779117,1.),(1.,0.94161607048911,
1.),(1.,0.937213619429034,1.),(1.,0.919834535284967,1.),(1.,0.882944702592749,
1.),(1.,0.827789079041977,1.),(1.,0.766215214828662,1.),(1.,0.702645305714916,
1.),(1.,0.615791050832042,1.),(1.,0.553405535142632,1.),(1.,0.516170311937975,
1.)))
REPRESENTATION_ITEM('')
SURFACE()
);
#43=(
BOUNDED_SURFACE()
B_SPLINE_SURFACE(3,2,((#4620,#4621,#4622),(#4623,#4624,#4625),(#4626,#4627,
#4628),(#4629,#4630,#4631),(#4632,#4633,#4634),(#4635,#4636,#4637),(#4638,
#4639,#4640),(#4641,#4642,#4643),(#4644,#4645,#4646),(#4647,#4648,#4649)),
 .UNSPECIFIED.,.F.,.F.,.F.)
B_SPLINE_SURFACE_WITH_KNOTS((4,1,1,1,1,1,1,4),(3,3),(3.46944695195361E-17,
0.00502061657083262,0.00753092485624891,0.0100412331416652,0.0125515414270815,
0.0150618497124978,0.0175721579979141,0.0200824662833304),(0.,1.),
 .UNSPECIFIED.)
GEOMETRIC_REPRESENTATION_ITEM()
RATIONAL_B_SPLINE_SURFACE(((1.,0.707106781186548,1.),(1.,0.742551554970214,
1.),(1.,0.794260833266332,1.),(1.,0.857986572200277,1.),(1.,0.899881702894949,
1.),(1.,0.93169976659243,1.),(1.,0.944528354935237,1.),(1.,0.930109619897015,
1.),(1.,0.908462680907928,1.),(1.,0.895881588633255,1.)))
REPRESENTATION_ITEM('')
SURFACE()
);
#44=(
BOUNDED_SURFACE()
B_SPLINE_SURFACE(3,2,((#4651,#4652,#4653),(#4654,#4655,#4656),(#4657,#4658,
#4659),(#4660,#4661,#4662),(#4663,#4664,#4665),(#4666,#4667,#4668)),
 .UNSPECIFIED.,.F.,.F.,.F.)
B_SPLINE_SURFACE_WITH_KNOTS((4,1,1,4),(3,3),(-9.75781955236954E-18,0.00252800414084194,
0.0050560082816839,0.0101120165633678),(0.,1.),.UNSPECIFIED.)
GEOMETRIC_REPRESENTATION_ITEM()
RATIONAL_B_SPLINE_SURFACE(((1.,0.895881588633256,1.),(1.,0.880149154035487,
1.),(1.,0.845715696323621,1.),(1.,0.771282223920037,1.),(1.,0.715336650556514,
1.),(1.,0.678705278008161,1.)))
REPRESENTATION_ITEM('')
SURFACE()
);
#45=PLANE('',#1855);
#46=PLANE('',#1859);
#47=PLANE('',#1860);
#48=PLANE('',#1880);
#49=PLANE('',#1889);
#50=PLANE('',#1894);
#51=PLANE('',#1899);
#52=PLANE('',#1904);
#53=PLANE('',#1909);
#54=PLANE('',#1914);
#55=PLANE('',#1919);
#56=PLANE('',#1923);
#57=PLANE('',#1968);
#58=PLANE('',#1971);
#59=PLANE('',#1974);
#60=PLANE('',#1976);
#61=PLANE('',#1980);
#62=PLANE('',#1982);
#63=PLANE('',#1984);
#64=PLANE('',#1988);
#65=PLANE('',#1991);
#66=PLANE('',#1993);
#67=PLANE('',#1996);
#68=PLANE('',#1998);
#69=PLANE('',#2002);
#70=PLANE('',#2032);
#71=PLANE('',#2033);
#72=PLANE('',#2034);
#73=DEGENERATE_TOROIDAL_SURFACE('',#1848,0.01875,0.03,.T.);
#74=DEGENERATE_TOROIDAL_SURFACE('',#1850,0.01875,0.03,.T.);
#75=ELLIPSE('',#1846,0.0496030362880277,0.04875);
#76=ELLIPSE('',#1862,0.03,0.019375);
#77=ELLIPSE('',#1997,0.0624627388799172,0.0547231440759881);
#78=ELLIPSE('',#2003,0.0481296292214203,0.04725);
#79=CONICAL_SURFACE('',#1825,0.03525,0.44926011261188);
#80=B_SPLINE_CURVE_WITH_KNOTS('',3,(#2535,#2536,#2537,#2538,#2539,#2540,
#2541,#2542,#2543,#2544,#2545,#2546,#2547,#2548,#2549,#2550,#2551),
 .UNSPECIFIED.,.F.,.F.,(4,1,1,1,1,1,1,1,1,1,1,1,1,1,4),(0.0100936209024843,
0.013576628636485,0.0153181325034854,0.0170596363704857,0.0205426441044865,
0.0240256518384872,0.0275086595724879,0.0309916673064886,0.03795768277449,
0.0449236982424915,0.0518897137104929,0.0553727214444936,0.0588557291784944,
0.0623387369124951,0.0658217446464958),.UNSPECIFIED.);
#81=B_SPLINE_CURVE_WITH_KNOTS('',3,(#2554,#2555,#2556,#2557,#2558,#2559,
#2560,#2561,#2562,#2563,#2564),.UNSPECIFIED.,.T.,.F.,(1,1,1,1,1,1,1,1,1,
1,1,1,1,1,1),(-0.00706020525861931,-0.0047068035057462,-0.0023534017528731,
0.,0.0023534017528731,0.00470680350574621,0.00706020525861931,0.00941360701149241,
0.0117670087643655,0.0141204105172386,0.0164738122701117,0.0188272140229848,
0.0211806157758579,0.023534017528731,0.0258874192816041),.UNSPECIFIED.);
#82=B_SPLINE_CURVE_WITH_KNOTS('',3,(#2575,#2576,#2577,#2578,#2579,#2580,
#2581,#2582,#2583,#2584,#2585),.UNSPECIFIED.,.T.,.F.,(1,1,1,1,1,1,1,1,1,
1,1,1,1,1,1),(-0.00703889892913128,-0.00469259928608752,-0.00234629964304376,
0.,0.00234629964304376,0.00469259928608752,0.00703889892913128,0.00938519857217504,
0.0117314982152188,0.0140777978582626,0.0164240975013063,0.0187703971443501,
0.0211166967873938,0.0234629964304376,0.0258092960734813),.UNSPECIFIED.);
#83=B_SPLINE_CURVE_WITH_KNOTS('',3,(#2591,#2592,#2593,#2594,#2595,#2596),
 .UNSPECIFIED.,.F.,.F.,(4,1,1,4),(0.00504298906097141,0.0063036367098967,
0.00756428435882199,0.0100855796566726),.UNSPECIFIED.);
#84=B_SPLINE_CURVE_WITH_KNOTS('',3,(#2600,#2601,#2602,#2603,#2604,#2605,
#2606,#2607,#2608,#2609,#2610),.UNSPECIFIED.,.F.,.F.,(4,1,1,1,1,1,1,1,4),
(2.35481005375891E-7,0.00126090350296378,0.00252157152492219,0.0037822395468806,
0.005042907568839,0.00630357559079741,0.00756424361275582,0.00882491163471422,
0.0100855796566726),.UNSPECIFIED.);
#85=B_SPLINE_CURVE_WITH_KNOTS('',3,(#2614,#2615,#2616,#2617,#2618,#2619,
#2620,#2621,#2622,#2623,#2624),.UNSPECIFIED.,.F.,.F.,(4,1,1,1,1,1,1,1,4),
(2.35481005361636E-7,0.00126090350296377,0.00252157152492218,0.00378223954688059,
0.005042907568839,0.00630357559079741,0.00756424361275583,0.00882491163471424,
0.0100855796566726),.UNSPECIFIED.);
#86=B_SPLINE_CURVE_WITH_KNOTS('',3,(#2628,#2629,#2630,#2631,#2632,#2633,
#2634,#2635,#2636,#2637,#2638),.UNSPECIFIED.,.F.,.F.,(4,1,1,1,1,1,1,1,4),
(2.35481005372318E-7,0.00126090350296378,0.00252157152492218,0.00378223954688058,
0.00504290756883898,0.00630357559079739,0.00756424361275579,0.00882491163471419,
0.0100855796566726),.UNSPECIFIED.);
#87=B_SPLINE_CURVE_WITH_KNOTS('',3,(#2642,#2643,#2644,#2645,#2646,#2647,
#2648,#2649,#2650,#2651,#2652),.UNSPECIFIED.,.F.,.F.,(4,1,1,1,1,1,1,1,4),
(2.35481005354625E-7,0.00126090350296365,0.00252157152492196,0.00378223954688026,
0.00504290756883856,0.00630357559079686,0.00756424361275516,0.00882491163471346,
0.0100855796566718),.UNSPECIFIED.);
#88=B_SPLINE_CURVE_WITH_KNOTS('',3,(#2656,#2657,#2658,#2659,#2660,#2661,
#2662,#2663,#2664,#2665,#2666),.UNSPECIFIED.,.F.,.F.,(4,1,1,1,1,1,1,1,4),
(2.35481005357635E-7,0.00126090350296376,0.00252157152492216,0.00378223954688056,
0.00504290756883896,0.00630357559079736,0.00756424361275576,0.00882491163471416,
0.0100855796566726),.UNSPECIFIED.);
#89=B_SPLINE_CURVE_WITH_KNOTS('',3,(#2670,#2671,#2672,#2673,#2674,#2675,
#2676,#2677,#2678,#2679,#2680),.UNSPECIFIED.,.F.,.F.,(4,1,1,1,1,1,1,1,4),
(2.3548100650074E-7,0.00126090350296482,0.00252157152492313,0.00378223954688145,
0.00504290756883977,0.00630357559079808,0.0075642436127564,0.00882491163471472,
0.010085579656673),.UNSPECIFIED.);
#90=B_SPLINE_CURVE_WITH_KNOTS('',3,(#2684,#2685,#2686,#2687,#2688,#2689,
#2690,#2691,#2692,#2693,#2694),.UNSPECIFIED.,.F.,.F.,(4,1,1,1,1,1,1,1,4),
(2.35481005367014E-7,0.00126090350296368,0.002521571524922,0.00378223954688031,
0.00504290756883862,0.00630357559079694,0.00756424361275525,0.00882491163471357,
0.0100855796566719),.UNSPECIFIED.);
#91=B_SPLINE_CURVE_WITH_KNOTS('',3,(#2698,#2699,#2700,#2701,#2702,#2703,
#2704,#2705,#2706,#2707,#2708),.UNSPECIFIED.,.F.,.F.,(4,1,1,1,1,1,1,1,4),
(2.35481005574769E-7,0.00126090350296398,0.00252157152492238,0.00378223954688078,
0.00504290756883918,0.00630357559079758,0.00756424361275599,0.00882491163471439,
0.0100855796566728),.UNSPECIFIED.);
#92=B_SPLINE_CURVE_WITH_KNOTS('',3,(#2716,#2717,#2718,#2719),
 .UNSPECIFIED.,.F.,.F.,(4,4),(0.0118442861360762,0.0140183468733345),
 .UNSPECIFIED.);
#93=B_SPLINE_CURVE_WITH_KNOTS('',3,(#2721,#2722,#2723,#2724),
 .UNSPECIFIED.,.F.,.F.,(4,4),(0.,0.0128536374932037),.UNSPECIFIED.);
#94=B_SPLINE_CURVE_WITH_KNOTS('',3,(#2731,#2732,#2733,#2734,#2735,#2736,
#2737,#2738,#2739,#2740,#2741,#2742,#2743,#2744,#2745,#2746,#2747,#2748,
#2749,#2750),.UNSPECIFIED.,.F.,.F.,(4,1,1,1,1,1,1,1,1,1,1,1,1,1,1,1,1,4),
(0.,0.00615050857296833,0.00922576285945249,0.0123010171459367,0.0153762714324208,
0.018451525718905,0.0199891528621471,0.0215267800053891,0.0230644071486312,
0.0246020342918733,0.0261396614351154,0.0276772885783575,0.0307525428648416,
0.0338277971513258,0.03690305143781,0.0399783057242941,0.0430535600107783,
0.0492040685837466),.UNSPECIFIED.);
#95=B_SPLINE_CURVE_WITH_KNOTS('',3,(#2758,#2759,#2760,#2761,#2762,#2763,
#2764,#2765,#2766,#2767,#2768,#2769,#2770),.UNSPECIFIED.,.F.,.F.,(4,1,1,
1,1,1,1,1,1,1,4),(0.,0.00331273585312194,0.00662547170624388,0.00993820755936583,
0.0115945754859268,0.0132509434124878,0.0149073113390487,0.0165636792656097,
0.0198764151187317,0.0231891509718536,0.0265018868249755),.UNSPECIFIED.);
#96=B_SPLINE_CURVE_WITH_KNOTS('',3,(#2778,#2779,#2780,#2781,#2782,#2783,
#2784,#2785,#2786,#2787,#2788,#2789,#2790),.UNSPECIFIED.,.F.,.F.,(4,1,1,
1,1,1,1,1,1,1,4),(0.,0.00349078604980931,0.00698157209961862,0.0104723581494279,
0.0122177511743326,0.0139631441992372,0.0157085372241419,0.0174539302490466,
0.0209447162988559,0.0244355023486652,0.0279262883984745),.UNSPECIFIED.);
#97=B_SPLINE_CURVE_WITH_KNOTS('',3,(#2802,#2803,#2804,#2805,#2806,#2807,
#2808,#2809,#2810,#2811,#2812),.UNSPECIFIED.,.F.,.F.,(4,1,1,1,1,1,1,1,4),
(0.,0.00511902839683154,0.00767854259524731,0.0102380567936631,0.0127975709920789,
0.0140773280912867,0.0153570851904946,0.0179165993889104,0.0204761135873262),
 .UNSPECIFIED.);
#98=B_SPLINE_CURVE_WITH_KNOTS('',3,(#2816,#2817,#2818,#2819),
 .UNSPECIFIED.,.F.,.F.,(4,4),(4.04603565571184E-17,0.00549670758328983),
 .UNSPECIFIED.);
#99=B_SPLINE_CURVE_WITH_KNOTS('',3,(#2825,#2826,#2827,#2828,#2829,#2830,
#2831,#2832,#2833,#2834,#2835,#2836,#2837,#2838,#2839,#2840,#2841,#2842,
#2843,#2844,#2845,#2846,#2847,#2848,#2849,#2850,#2851,#2852,#2853,#2854,
#2855,#2856,#2857,#2858,#2859,#2860,#2861,#2862,#2863,#2864,#2865,#2866,
#2867,#2868,#2869,#2870,#2871,#2872,#2873,#2874,#2875,#2876,#2877,#2878,
#2879,#2880,#2881,#2882,#2883),.UNSPECIFIED.,.F.,.F.,(4,1,1,1,1,1,1,1,1,
1,1,1,1,1,1,1,1,1,1,1,1,1,1,1,1,1,1,1,1,1,1,1,1,1,1,1,1,1,1,1,1,1,1,1,1,
1,1,1,1,1,1,1,1,1,1,1,4),(0.,0.0625,0.09375,0.109375,0.125,0.140625,0.15625,
0.1875,0.21875,0.25,0.28125,0.3125,0.34375,0.359375,0.3671875,0.375,0.3828125,
0.390625,0.40625,0.4375,0.453125,0.46875,0.484375,0.4921875,0.49609375,
0.5,0.50390625,0.5078125,0.515625,0.53125,0.546875,0.5625,0.59375,0.625,
0.6875,0.71875,0.734375,0.7421875,0.75,0.7578125,0.765625,0.78125,0.8125,
0.828125,0.84375,0.859375,0.8671875,0.87109375,0.875,0.87890625,0.8828125,
0.890625,0.90625,0.921875,0.9375,0.96875,1.),.UNSPECIFIED.);
#100=B_SPLINE_CURVE_WITH_KNOTS('',3,(#2885,#2886,#2887,#2888,#2889,#2890,
#2891,#2892,#2893,#2894,#2895,#2896,#2897,#2898,#2899,#2900,#2901,#2902,
#2903,#2904,#2905,#2906,#2907,#2908,#2909,#2910,#2911,#2912,#2913,#2914,
#2915,#2916,#2917,#2918,#2919,#2920,#2921,#2922,#2923,#2924,#2925,#2926,
#2927,#2928,#2929,#2930,#2931),.UNSPECIFIED.,.F.,.F.,(4,1,1,1,1,1,1,1,1,
1,1,1,1,1,1,1,1,1,1,1,1,1,1,1,1,1,1,1,1,1,1,1,1,1,1,1,1,1,1,1,1,1,1,1,4),
(0.,0.0624963044695272,0.0937444567042909,0.109368532821673,0.117180570880364,
0.124992608939054,0.132804646997745,0.140616685056436,0.156240761173818,
0.1718648372912,0.187488913408582,0.203112989525964,0.218737065643345,0.234361141760727,
0.249985217878109,0.265609293995491,0.281233370112873,0.312481522347636,
0.3437296745824,0.359353750699782,0.367165788758473,0.374977826817163,0.382789864875854,
0.390601902934545,0.398413940993236,0.402319960022582,0.404272969537254,
0.406225979051927,0.4081789885666,0.410131998081273,0.414038017110618,0.421850055169309,
0.429662093228,0.437474131286691,0.445286169345382,0.453098207404073,0.460910245462763,
0.464816264492109,0.466769274006782,0.468722283521454,0.470675293036127,
0.4726283025508,0.476534321580145,0.484346359638836,0.499970435756218),
 .UNSPECIFIED.);
#101=B_SPLINE_CURVE_WITH_KNOTS('',3,(#2937,#2938,#2939,#2940),
 .UNSPECIFIED.,.F.,.F.,(4,4),(0.499982474850067,0.999751339366517),
 .UNSPECIFIED.);
#102=B_SPLINE_CURVE_WITH_KNOTS('',3,(#2941,#2942,#2943,#2944),
 .UNSPECIFIED.,.F.,.F.,(4,4),(0.000846754048835505,0.0122794230096619),
 .UNSPECIFIED.);
#103=B_SPLINE_CURVE_WITH_KNOTS('',3,(#2946,#2947,#2948,#2949,#2950),
 .UNSPECIFIED.,.F.,.F.,(4,1,4),(0.0330436981160654,0.0393676477100394,0.0456915973040134),
 .UNSPECIFIED.);
#104=B_SPLINE_CURVE_WITH_KNOTS('',3,(#2953,#2954,#2955,#2956),
 .UNSPECIFIED.,.F.,.F.,(4,4),(0.,0.0010660188608121),.UNSPECIFIED.);
#105=B_SPLINE_CURVE_WITH_KNOTS('',3,(#2958,#2959,#2960,#2961,#2962,#2963,
#2964,#2965,#2966,#2967,#2968,#2969,#2970,#2971),.UNSPECIFIED.,.F.,.F.,
(4,1,1,1,1,1,1,1,1,1,1,4),(0.,0.0027855302931436,0.0055710605862872,0.0083565908794308,
0.0097493560260026,0.0111421211725744,0.0125348863191462,0.013927651465718,
0.0153204166122898,0.0167131817588616,0.0194987120520052,0.0222842423451488),
 .UNSPECIFIED.);
#106=B_SPLINE_CURVE_WITH_KNOTS('',3,(#2972,#2973,#2974,#2975,#2976,#2977),
 .UNSPECIFIED.,.F.,.F.,(4,1,1,4),(0.,0.00261212009753957,0.00522424019507914,
0.0104484803901583),.UNSPECIFIED.);
#107=B_SPLINE_CURVE_WITH_KNOTS('',3,(#2981,#2982,#2983,#2984),
 .UNSPECIFIED.,.F.,.F.,(4,4),(0.0113035370736078,0.0136604259938902),
 .UNSPECIFIED.);
#108=B_SPLINE_CURVE_WITH_KNOTS('',3,(#2986,#2987,#2988,#2989,#2990,#2991,
#2992),.UNSPECIFIED.,.F.,.F.,(4,1,1,1,4),(0.104586077085076,0.107688920731774,
0.110791764378472,0.113894608025169,0.116997451671867),.UNSPECIFIED.);
#109=B_SPLINE_CURVE_WITH_KNOTS('',3,(#3009,#3010,#3011,#3012,#3013,#3014,
#3015,#3016,#3017,#3018,#3019,#3020,#3021,#3022,#3023,#3024,#3025,#3026,
#3027,#3028,#3029,#3030,#3031,#3032,#3033,#3034,#3035,#3036,#3037,#3038,
#3039,#3040,#3041,#3042,#3043,#3044,#3045,#3046,#3047,#3048,#3049,#3050,
#3051,#3052,#3053,#3054,#3055,#3056,#3057,#3058,#3059,#3060,#3061,#3062,
#3063,#3064,#3065,#3066,#3067,#3068,#3069,#3070,#3071,#3072,#3073,#3074,
#3075,#3076,#3077,#3078,#3079,#3080,#3081,#3082,#3083,#3084,#3085,#3086,
#3087,#3088,#3089,#3090,#3091,#3092,#3093,#3094,#3095,#3096),
 .UNSPECIFIED.,.F.,.F.,(4,1,1,1,1,1,1,1,1,1,1,1,1,1,1,1,1,1,1,1,1,1,1,1,
1,1,1,1,1,1,1,1,1,1,1,1,1,1,1,1,1,1,1,1,1,1,1,1,1,1,1,1,1,1,1,1,1,1,1,1,
1,1,1,1,1,1,1,1,1,1,1,1,1,1,1,1,1,1,1,1,1,1,1,1,1,4),(0.,0.03125,0.046875,
0.0546875,0.0625,0.06640625,0.0703125,0.078125,0.09375,0.1015625,0.109375,
0.11328125,0.1171875,0.12109375,0.123046875,0.1240234375,0.125,0.1259765625,
0.126953125,0.12890625,0.1328125,0.13671875,0.140625,0.1484375,0.15625,
0.171875,0.1875,0.203125,0.21875,0.234375,0.2421875,0.24609375,0.25,0.25390625,
0.2578125,0.265625,0.28125,0.296875,0.3125,0.34375,0.359375,0.3671875,0.37109375,
0.375,0.37890625,0.3828125,0.390625,0.40625,0.421875,0.4375,0.46875,0.484375,
0.4921875,0.5,0.5078125,0.515625,0.53125,0.546875,0.5625,0.59375,0.609375,
0.625,0.65625,0.6875,0.71875,0.734375,0.7421875,0.75,0.7578125,0.765625,
0.78125,0.8125,0.828125,0.84375,0.859375,0.8671875,0.87109375,0.875,0.87890625,
0.8828125,0.890625,0.90625,0.921875,0.9375,0.96875,1.),.UNSPECIFIED.);
#110=B_SPLINE_CURVE_WITH_KNOTS('',3,(#3098,#3099,#3100,#3101),
 .UNSPECIFIED.,.F.,.F.,(4,4),(0.,0.500016630015206),.UNSPECIFIED.);
#111=B_SPLINE_CURVE_WITH_KNOTS('',3,(#3158,#3159,#3160,#3161,#3162,#3163,
#3164,#3165,#3166,#3167,#3168,#3169,#3170,#3171,#3172,#3173,#3174,#3175,
#3176,#3177,#3178,#3179),.UNSPECIFIED.,.F.,.F.,(4,1,1,1,1,1,1,1,1,1,1,1,
1,1,1,1,1,1,1,4),(0.,0.00970465975633273,0.0194093195126655,0.0242616493908318,
0.0291139792689982,0.0315401442080814,0.0339663091471645,0.0363924740862477,
0.0388186390253309,0.0412448039644141,0.0436709689034973,0.0460971338425805,
0.0485232987816636,0.0509494637207468,0.05337562865983,0.0558017935989132,
0.0582279585379964,0.0679326182943291,0.0727849481724955,0.0776372780506618),
 .UNSPECIFIED.);
#112=B_SPLINE_CURVE_WITH_KNOTS('',3,(#3196,#3197,#3198,#3199,#3200,#3201,
#3202,#3203,#3204,#3205,#3206,#3207,#3208,#3209,#3210),.UNSPECIFIED.,.F.,
 .F.,(4,1,1,1,1,1,1,1,1,1,1,1,4),(0.0134436437853333,0.0138654271985433,
0.0142872106117533,0.0147089940249633,0.0151307774381733,0.0159743442645933,
0.0168179110910133,0.0176614779174334,0.0185050447438534,0.0201921783966934,
0.0218793120495334,0.0235664457023735,0.0269407130080535),.UNSPECIFIED.);
#113=B_SPLINE_CURVE_WITH_KNOTS('',3,(#3213,#3214,#3215,#3216,#3217),
 .UNSPECIFIED.,.F.,.F.,(4,1,4),(0.,0.5,1.),.QUASI_UNIFORM_KNOTS.);
#114=B_SPLINE_CURVE_WITH_KNOTS('',3,(#3218,#3219,#3220,#3221,#3222),
 .UNSPECIFIED.,.F.,.F.,(4,1,4),(0.,0.5,1.),.QUASI_UNIFORM_KNOTS.);
#115=B_SPLINE_CURVE_WITH_KNOTS('',3,(#3224,#3225,#3226,#3227),
 .UNSPECIFIED.,.F.,.F.,(4,4),(0.001994814429089,0.008602),.UNSPECIFIED.);
#116=B_SPLINE_CURVE_WITH_KNOTS('',3,(#3229,#3230,#3231,#3232,#3233,#3234,
#3235,#3236,#3237,#3238,#3239),.UNSPECIFIED.,.F.,.F.,(4,1,1,1,1,1,1,1,4),
(0.,0.0025749406935953,0.0051498813871906,0.0077248220807859,0.0102997627743812,
0.0128747034679765,0.0154496441615718,0.0180245848551671,0.0205995255487624),
 .UNSPECIFIED.);
#117=B_SPLINE_CURVE_WITH_KNOTS('',3,(#3243,#3244,#3245,#3246,#3247,#3248),
 .UNSPECIFIED.,.F.,.F.,(4,1,1,4),(0.,0.00214517540800317,0.00429035081600633,
0.00858070163201266),.UNSPECIFIED.);
#118=B_SPLINE_CURVE_WITH_KNOTS('',3,(#3250,#3251,#3252,#3253,#3254,#3255,
#3256,#3257,#3258,#3259,#3260,#3261,#3262,#3263,#3264,#3265,#3266,#3267,
#3268,#3269,#3270,#3271,#3272,#3273,#3274,#3275,#3276,#3277,#3278,#3279),
 .UNSPECIFIED.,.F.,.F.,(4,1,1,1,1,1,1,1,1,1,1,1,1,1,1,1,1,1,1,1,1,1,1,1,
1,1,1,4),(0.,0.0033675891260034,0.0050513836890051,0.0067351782520068,0.0084189728150085,
0.00926087009650935,0.0101027673780102,0.0109446646595111,0.0117865619410119,
0.0122075105817623,0.0126284592225128,0.0130494078632632,0.0132598821836384,
0.0134703565040136,0.0136808308243888,0.013891305144764,0.0143122537855145,
0.0147332024262649,0.0151541510670153,0.0159960483485162,0.016837945630017,
0.0176798429115179,0.0185217401930187,0.0202055347560204,0.0218893293190221,
0.0235731238820238,0.0252569184450255,0.0269407130080272),.UNSPECIFIED.);
#119=B_SPLINE_CURVE_WITH_KNOTS('',3,(#3281,#3282,#3283,#3284,#3285,#3286),
 .UNSPECIFIED.,.F.,.F.,(4,1,1,4),(0.,0.00427303964520055,0.00640955946780083,
0.0085460792904011),.UNSPECIFIED.);
#120=B_SPLINE_CURVE_WITH_KNOTS('',3,(#3290,#3291,#3292,#3293,#3294,#3295),
 .UNSPECIFIED.,.F.,.F.,(4,1,1,4),(0.,0.00214517540800316,0.00429035081600632,
0.00858070163201264),.UNSPECIFIED.);
#121=B_SPLINE_CURVE_WITH_KNOTS('',3,(#3297,#3298,#3299,#3300,#3301,#3302,
#3303,#3304,#3305,#3306,#3307,#3308,#3309,#3310,#3311,#3312,#3313,#3314,
#3315,#3316,#3317,#3318,#3319,#3320,#3321,#3322,#3323,#3324,#3325,#3326),
 .UNSPECIFIED.,.F.,.F.,(4,1,1,1,1,1,1,1,1,1,1,1,1,1,1,1,1,1,1,1,1,1,1,1,
1,1,1,4),(0.,0.00336758912600544,0.00505138368900815,0.00673517825201087,
0.00841897281501359,0.00926087009651495,0.0101027673780163,0.0109446646595177,
0.011786561941019,0.0122075105817697,0.0126284592225204,0.0130494078632711,
0.0132598821836464,0.0134703565040217,0.0136808308243971,0.0138913051447724,
0.0143122537855231,0.0147332024262738,0.0151541510670245,0.0159960483485258,
0.0168379456300272,0.0176798429115285,0.0185217401930299,0.0202055347560326,
0.0218893293190353,0.0235731238820381,0.0252569184450408,0.0269407130080435),
 .UNSPECIFIED.);
#122=B_SPLINE_CURVE_WITH_KNOTS('',3,(#3328,#3329,#3330,#3331,#3332,#3333),
 .UNSPECIFIED.,.F.,.F.,(4,1,1,4),(0.,0.0042730396452005,0.00640955946780075,
0.008546079290401),.UNSPECIFIED.);
#123=B_SPLINE_CURVE_WITH_KNOTS('',3,(#3337,#3338,#3339,#3340,#3341,#3342),
 .UNSPECIFIED.,.F.,.F.,(4,1,1,4),(0.,0.00214517540800316,0.00429035081600632,
0.00858070163201264),.UNSPECIFIED.);
#124=B_SPLINE_CURVE_WITH_KNOTS('',3,(#3344,#3345,#3346,#3347,#3348,#3349,
#3350,#3351,#3352,#3353,#3354,#3355,#3356,#3357,#3358,#3359,#3360,#3361,
#3362,#3363,#3364,#3365,#3366,#3367,#3368,#3369,#3370,#3371,#3372,#3373),
 .UNSPECIFIED.,.F.,.F.,(4,1,1,1,1,1,1,1,1,1,1,1,1,1,1,1,1,1,1,1,1,1,1,1,
1,1,1,4),(0.,0.00336758912600509,0.00505138368900763,0.00673517825201018,
0.00841897281501272,0.009260870096514,0.0101027673780153,0.0109446646595165,
0.0117865619410178,0.0122075105817684,0.0126284592225191,0.0130494078632697,
0.013259882183645,0.0134703565040204,0.0136808308243957,0.013891305144771,
0.0143122537855216,0.0147332024262723,0.0151541510670229,0.0159960483485242,
0.0168379456300254,0.0176798429115267,0.018521740193028,0.0202055347560305,
0.0218893293190331,0.0235731238820356,0.0252569184450382,0.0269407130080407),
 .UNSPECIFIED.);
#125=B_SPLINE_CURVE_WITH_KNOTS('',3,(#3375,#3376,#3377,#3378,#3379,#3380),
 .UNSPECIFIED.,.F.,.F.,(4,1,1,4),(0.,0.0042730396452005,0.00640955946780075,
0.008546079290401),.UNSPECIFIED.);
#126=B_SPLINE_CURVE_WITH_KNOTS('',3,(#3384,#3385,#3386,#3387,#3388,#3389),
 .UNSPECIFIED.,.F.,.F.,(4,1,1,4),(3.87895961444886E-18,0.00214517540800317,
0.00429035081600633,0.00858070163201265),.UNSPECIFIED.);
#127=B_SPLINE_CURVE_WITH_KNOTS('',3,(#3391,#3392,#3393,#3394,#3395,#3396,
#3397,#3398,#3399,#3400,#3401,#3402,#3403,#3404,#3405,#3406,#3407,#3408,
#3409,#3410,#3411,#3412,#3413,#3414,#3415,#3416,#3417,#3418,#3419,#3420),
 .UNSPECIFIED.,.F.,.F.,(4,1,1,1,1,1,1,1,1,1,1,1,1,1,1,1,1,1,1,1,1,1,1,1,
1,1,1,4),(1.10114283143059E-20,0.00336758912600723,0.00505138368901084,
0.00673517825201446,0.00841897281501807,0.00926087009651988,0.0101027673780217,
0.0109446646595235,0.0117865619410253,0.0122075105817762,0.0126284592225271,
0.013049407863278,0.0132598821836535,0.0134703565040289,0.0136808308244044,
0.0138913051447798,0.0143122537855307,0.0147332024262816,0.0151541510670325,
0.0159960483485343,0.0168379456300361,0.017679842911538,0.0185217401930398,
0.0202055347560434,0.021889329319047,0.0235731238820506,0.0252569184450542,
0.0269407130080578),.UNSPECIFIED.);
#128=B_SPLINE_CURVE_WITH_KNOTS('',3,(#3422,#3423,#3424,#3425,#3426,#3427),
 .UNSPECIFIED.,.F.,.F.,(4,1,1,4),(0.,0.00427303964520049,0.00640955946780074,
0.00854607929040099),.UNSPECIFIED.);
#129=B_SPLINE_CURVE_WITH_KNOTS('',3,(#3431,#3432,#3433,#3434,#3435,#3436),
 .UNSPECIFIED.,.F.,.F.,(4,1,1,4),(0.,0.00214517540800316,0.00429035081600632,
0.00858070163201264),.UNSPECIFIED.);
#130=B_SPLINE_CURVE_WITH_KNOTS('',3,(#3438,#3439,#3440,#3441,#3442,#3443,
#3444,#3445,#3446,#3447,#3448,#3449,#3450,#3451,#3452,#3453,#3454,#3455,
#3456,#3457,#3458,#3459,#3460,#3461,#3462,#3463,#3464,#3465,#3466,#3467),
 .UNSPECIFIED.,.F.,.F.,(4,1,1,1,1,1,1,1,1,1,1,1,1,1,1,1,1,1,1,1,1,1,1,1,
1,1,1,4),(3.87895961444886E-18,0.00336758912600586,0.0050513836890088,0.00673517825201173,
0.00841897281501466,0.00926087009651612,0.0101027673780176,0.0109446646595191,
0.0117865619410205,0.0122075105817713,0.012628459222522,0.0130494078632727,
0.0132598821836481,0.0134703565040234,0.0136808308243988,0.0138913051447742,
0.0143122537855249,0.0147332024262756,0.0151541510670264,0.0159960483485278,
0.0168379456300293,0.0176798429115308,0.0185217401930322,0.0202055347560352,
0.0218893293190381,0.023573123882041,0.025256918445044,0.0269407130080469),
 .UNSPECIFIED.);
#131=B_SPLINE_CURVE_WITH_KNOTS('',3,(#3469,#3470,#3471,#3472,#3473,#3474),
 .UNSPECIFIED.,.F.,.F.,(4,1,1,4),(0.,0.00427303964520051,0.00640955946780077,
0.00854607929040103),.UNSPECIFIED.);
#132=B_SPLINE_CURVE_WITH_KNOTS('',3,(#3478,#3479,#3480,#3481,#3482,#3483),
 .UNSPECIFIED.,.F.,.F.,(4,1,1,4),(0.,0.00214517540800317,0.00429035081600633,
0.00858070163201266),.UNSPECIFIED.);
#133=B_SPLINE_CURVE_WITH_KNOTS('',3,(#3485,#3486,#3487,#3488,#3489,#3490,
#3491,#3492,#3493,#3494,#3495,#3496,#3497,#3498,#3499,#3500,#3501,#3502,
#3503,#3504,#3505,#3506,#3507,#3508,#3509,#3510,#3511,#3512,#3513,#3514),
 .UNSPECIFIED.,.F.,.F.,(4,1,1,1,1,1,1,1,1,1,1,1,1,1,1,1,1,1,1,1,1,1,1,1,
1,1,1,4),(0.,0.00336758912600462,0.00505138368900693,0.00673517825200924,
0.00841897281501156,0.00926087009651271,0.0101027673780139,0.010944664659515,
0.0117865619410162,0.0122075105817668,0.0126284592225173,0.0130494078632679,
0.0132598821836432,0.0134703565040185,0.0136808308243938,0.0138913051447691,
0.0143122537855196,0.0147332024262702,0.0151541510670208,0.015996048348522,
0.0168379456300231,0.0176798429115243,0.0185217401930254,0.0202055347560277,
0.02188932931903,0.0235731238820324,0.0252569184450347,0.026940713008037),
 .UNSPECIFIED.);
#134=B_SPLINE_CURVE_WITH_KNOTS('',3,(#3516,#3517,#3518,#3519,#3520,#3521),
 .UNSPECIFIED.,.F.,.F.,(4,1,1,4),(0.,0.00427303964520051,0.00640955946780076,
0.00854607929040101),.UNSPECIFIED.);
#135=B_SPLINE_CURVE_WITH_KNOTS('',3,(#3525,#3526,#3527,#3528,#3529,#3530),
 .UNSPECIFIED.,.F.,.F.,(4,1,1,4),(0.,0.00214517540800316,0.00429035081600632,
0.00858070163201263),.UNSPECIFIED.);
#136=B_SPLINE_CURVE_WITH_KNOTS('',3,(#3532,#3533,#3534,#3535,#3536,#3537,
#3538,#3539,#3540,#3541,#3542,#3543,#3544,#3545,#3546,#3547,#3548,#3549,
#3550,#3551,#3552,#3553,#3554,#3555,#3556,#3557,#3558,#3559,#3560,#3561),
 .UNSPECIFIED.,.F.,.F.,(4,1,1,1,1,1,1,1,1,1,1,1,1,1,1,1,1,1,1,1,1,1,1,1,
1,1,1,4),(0.,0.00336758912600553,0.00505138368900829,0.00673517825201105,
0.00841897281501381,0.00926087009651519,0.0101027673780166,0.010944664659518,
0.0117865619410193,0.01220751058177,0.0126284592225207,0.0130494078632714,
0.0132598821836468,0.0134703565040221,0.0136808308243974,0.0138913051447728,
0.0143122537855235,0.0147332024262742,0.0151541510670249,0.0159960483485262,
0.0168379456300276,0.017679842911529,0.0185217401930304,0.0202055347560331,
0.0218893293190359,0.0235731238820387,0.0252569184450414,0.0269407130080442),
 .UNSPECIFIED.);
#137=B_SPLINE_CURVE_WITH_KNOTS('',3,(#3563,#3564,#3565,#3566,#3567,#3568),
 .UNSPECIFIED.,.F.,.F.,(4,1,1,4),(0.,0.0042730396452005,0.00640955946780075,
0.008546079290401),.UNSPECIFIED.);
#138=B_SPLINE_CURVE_WITH_KNOTS('',3,(#3572,#3573,#3574,#3575,#3576,#3577),
 .UNSPECIFIED.,.F.,.F.,(4,1,1,4),(4.9065389333868E-18,0.00214517540800317,
0.00429035081600633,0.00858070163201265),.UNSPECIFIED.);
#139=B_SPLINE_CURVE_WITH_KNOTS('',3,(#3579,#3580,#3581,#3582,#3583,#3584,
#3585,#3586,#3587,#3588,#3589,#3590,#3591,#3592,#3593,#3594,#3595,#3596,
#3597,#3598,#3599,#3600,#3601,#3602,#3603,#3604,#3605,#3606,#3607,#3608),
 .UNSPECIFIED.,.F.,.F.,(4,1,1,1,1,1,1,1,1,1,1,1,1,1,1,1,1,1,1,1,1,1,1,1,
1,1,1,4),(4.44644516275083E-17,0.00336758912600788,0.0050513836890118,0.00673517825201572,
0.00841897281501964,0.0092608700965216,0.0101027673780236,0.0109446646595255,
0.0117865619410275,0.0122075105817785,0.0126284592225294,0.0130494078632804,
0.0132598821836559,0.0134703565040314,0.0136808308244069,0.0138913051447824,
0.0143122537855334,0.0147332024262843,0.0151541510670353,0.0159960483485373,
0.0168379456300392,0.0176798429115412,0.0185217401930432,0.0202055347560471,
0.021889329319051,0.0235731238820549,0.0252569184450588,0.0269407130080627),
 .UNSPECIFIED.);
#140=B_SPLINE_CURVE_WITH_KNOTS('',3,(#3610,#3611,#3612,#3613,#3614,#3615),
 .UNSPECIFIED.,.F.,.F.,(4,1,1,4),(0.,0.0042730396452005,0.00640955946780075,
0.008546079290401),.UNSPECIFIED.);
#141=B_SPLINE_CURVE_WITH_KNOTS('',3,(#3619,#3620,#3621,#3622,#3623,#3624),
 .UNSPECIFIED.,.F.,.F.,(4,1,1,4),(3.32890677912012E-17,0.00214517540800319,
0.00429035081600634,0.00858070163201265),.UNSPECIFIED.);
#142=B_SPLINE_CURVE_WITH_KNOTS('',3,(#3715,#3716,#3717,#3718,#3719,#3720,
#3721),.UNSPECIFIED.,.F.,.F.,(4,1,1,1,4),(0.0624899966945747,0.0676160772314034,
0.0727421577682322,0.0778682383050609,0.0829943188418897),.UNSPECIFIED.);
#143=B_SPLINE_CURVE_WITH_KNOTS('',3,(#3722,#3723,#3724,#3725,#3726,#3727,
#3728),.UNSPECIFIED.,.F.,.F.,(4,1,1,1,4),(0.,0.25,0.5,0.75,1.),
 .UNSPECIFIED.);
#144=B_SPLINE_CURVE_WITH_KNOTS('',3,(#3753,#3754,#3755,#3756),
 .UNSPECIFIED.,.F.,.F.,(4,4),(0.0121658908057011,0.0153069547315708),
 .UNSPECIFIED.);
#145=B_SPLINE_CURVE_WITH_KNOTS('',3,(#3757,#3758,#3759,#3760,#3761),
 .UNSPECIFIED.,.F.,.F.,(4,1,4),(0.,0.5,1.),.UNSPECIFIED.);
#146=B_SPLINE_CURVE_WITH_KNOTS('',3,(#3783,#3784,#3785,#3786,#3787,#3788,
#3789,#3790,#3791,#3792,#3793,#3794,#3795,#3796,#3797,#3798,#3799,#3800,
#3801,#3802,#3803),.UNSPECIFIED.,.F.,.F.,(4,1,1,1,1,1,1,1,1,1,1,1,1,1,1,
1,1,1,4),(0.0222997544572377,0.0236943597052716,0.0250889649533055,0.0264835702013394,
0.0278781754493733,0.0306673859454411,0.032061991193475,0.0334565964415089,
0.0348512016895428,0.0355485043135598,0.0362458069375767,0.0369431095615937,
0.0376404121856106,0.0383377148096276,0.0390350174336445,0.0404296226816784,
0.0418242279297124,0.0432188331777463,0.0446134384257802),.UNSPECIFIED.);
#147=B_SPLINE_CURVE_WITH_KNOTS('',3,(#3810,#3811,#3812,#3813),
 .UNSPECIFIED.,.F.,.F.,(4,4),(1.99985689373677E-7,0.00600062934433701),
 .UNSPECIFIED.);
#148=B_SPLINE_CURVE_WITH_KNOTS('',3,(#3882,#3883,#3884,#3885,#3886,#3887,
#3888,#3889,#3890,#3891,#3892,#3893,#3894),.UNSPECIFIED.,.F.,.F.,(4,1,1,
1,1,1,1,1,1,1,4),(0.,0.00444632005724234,0.00889264011448467,0.013338960171727,
0.0177852802289693,0.0222316002862117,0.026677920343454,0.0289010803720752,
0.0311242404006963,0.0333474004293175,0.0355705604579387),.UNSPECIFIED.);
#149=B_SPLINE_CURVE_WITH_KNOTS('',3,(#3896,#3897,#3898,#3899),
 .UNSPECIFIED.,.F.,.F.,(4,4),(0.0222680344262335,0.0266754579424178),
 .UNSPECIFIED.);
#150=B_SPLINE_CURVE_WITH_KNOTS('',3,(#4120,#4121,#4122,#4123,#4124),
 .UNSPECIFIED.,.F.,.F.,(4,1,4),(0.,0.00119102545573393,0.00238205091146786),
 .UNSPECIFIED.);
#151=B_SPLINE_CURVE_WITH_KNOTS('',3,(#4132,#4133,#4134,#4135,#4136),
 .UNSPECIFIED.,.F.,.F.,(4,1,4),(0.,0.00119104229038176,0.00238208458076352),
 .UNSPECIFIED.);
#152=B_SPLINE_CURVE_WITH_KNOTS('',3,(#4146,#4147,#4148,#4149,#4150,#4151,
#4152,#4153,#4154,#4155,#4156,#4157,#4158,#4159,#4160),.UNSPECIFIED.,.F.,
 .F.,(4,1,1,1,1,1,1,1,1,1,1,1,4),(1.86835436258807E-17,0.00299163262368482,
0.00598326524736962,0.00747908155921203,0.00897489787105443,0.0104707141828968,
0.0119665304947392,0.0134623468065816,0.014958163118424,0.0164539794302664,
0.0179497957421088,0.0209414283657936,0.0239330609894784),.UNSPECIFIED.);
#153=B_SPLINE_CURVE_WITH_KNOTS('',3,(#4164,#4165,#4166,#4167,#4168),
 .UNSPECIFIED.,.F.,.F.,(4,1,4),(0.,0.00119102545573393,0.00238205091146786),
 .UNSPECIFIED.);
#154=B_SPLINE_CURVE_WITH_KNOTS('',3,(#4176,#4177,#4178,#4179,#4180),
 .UNSPECIFIED.,.F.,.F.,(4,1,4),(0.,0.00119104229038175,0.0023820845807635),
 .UNSPECIFIED.);
#155=B_SPLINE_CURVE_WITH_KNOTS('',3,(#4186,#4187,#4188,#4189,#4190,#4191,
#4192,#4193,#4194,#4195,#4196,#4197,#4198,#4199),.UNSPECIFIED.,.F.,.F.,
(4,1,1,1,1,1,1,1,1,1,1,4),(1.86835436258807E-17,0.00283133323989105,0.00566266647978208,
0.00849399971967311,0.00990966633961862,0.0113253329595641,0.0127409995795097,
0.0141566661994552,0.0155723328194007,0.0169879994393462,0.0198193326792372,
0.0226506659191283),.UNSPECIFIED.);
#156=B_SPLINE_CURVE_WITH_KNOTS('',3,(#4207,#4208,#4209,#4210,#4211),
 .UNSPECIFIED.,.F.,.F.,(4,1,4),(0.,0.00153747410110772,0.00307494820221544),
 .UNSPECIFIED.);
#157=B_SPLINE_CURVE_WITH_KNOTS('',3,(#4215,#4216,#4217,#4218,#4219),
 .UNSPECIFIED.,.F.,.F.,(4,1,4),(0.,0.00153725419079459,0.00307450838158919),
 .UNSPECIFIED.);
#158=B_SPLINE_CURVE_WITH_KNOTS('',3,(#4223,#4224,#4225,#4226,#4227,#4228,
#4229,#4230,#4231,#4232,#4233,#4234,#4235,#4236,#4237,#4238,#4239,#4240,
#4241,#4242,#4243),.UNSPECIFIED.,.F.,.F.,(4,1,1,1,1,1,1,1,1,1,1,1,1,1,1,
1,1,1,4),(0.,0.00549460067521151,0.00824190101281727,0.010989201350423,
0.0137365016880288,0.0164838020256345,0.0178574521944374,0.0192311023632403,
0.0206047525320432,0.021978402700846,0.0233520528696489,0.0247257030384518,
0.0260993532072547,0.0274730033760576,0.0302203037136633,0.0329676040512691,
0.0357149043888748,0.0384622047264806,0.0439568054016921),.UNSPECIFIED.);
#159=B_SPLINE_CURVE_WITH_KNOTS('',3,(#4245,#4246,#4247,#4248,#4249),
 .UNSPECIFIED.,.F.,.F.,(4,1,4),(0.,0.00125069832688753,0.00250139665377505),
 .UNSPECIFIED.);
#160=B_SPLINE_CURVE_WITH_KNOTS('',3,(#4257,#4258,#4259,#4260,#4261),
 .UNSPECIFIED.,.F.,.F.,(4,1,4),(0.,0.00119104229038176,0.00238208458076352),
 .UNSPECIFIED.);
#161=B_SPLINE_CURVE_WITH_KNOTS('',3,(#4273,#4274,#4275,#4276,#4277,#4278),
 .UNSPECIFIED.,.F.,.F.,(4,1,1,4),(0.,0.00474122047834822,0.00711183071752233,
0.00948244095669644),.UNSPECIFIED.);
#162=B_SPLINE_CURVE_WITH_KNOTS('',3,(#4280,#4281,#4282,#4283,#4284,#4285,
#4286,#4287,#4288,#4289,#4290,#4291),.UNSPECIFIED.,.F.,.F.,(4,1,1,1,1,1,
1,1,1,4),(0.,0.00220125901399871,0.00330188852099806,0.00440251802799742,
0.00550314753499677,0.00660377704199613,0.00880503605599484,0.0110062950699935,
0.0132075540839923,0.0176100721119897),.UNSPECIFIED.);
#163=B_SPLINE_CURVE_WITH_KNOTS('',3,(#4293,#4294,#4295,#4296),
 .UNSPECIFIED.,.F.,.F.,(4,4),(1.30231411620853E-16,0.00103331973324639),
 .UNSPECIFIED.);
#164=B_SPLINE_CURVE_WITH_KNOTS('',3,(#4307,#4308,#4309,#4310,#4311),
 .UNSPECIFIED.,.F.,.F.,(4,1,4),(4.9065389333868E-17,0.00131049064755277,
0.00262098129510548),.UNSPECIFIED.);
#165=B_SPLINE_CURVE_WITH_KNOTS('',3,(#4316,#4317,#4318,#4319,#4320),
 .UNSPECIFIED.,.F.,.F.,(4,1,4),(0.,0.00120084409275343,0.00240168818550685),
 .UNSPECIFIED.);
#166=B_SPLINE_CURVE_WITH_KNOTS('',3,(#4324,#4325,#4326,#4327),
 .UNSPECIFIED.,.F.,.F.,(4,4),(3.46944695195361E-18,0.00501542513637335),
 .UNSPECIFIED.);
#167=B_SPLINE_CURVE_WITH_KNOTS('',3,(#4329,#4330,#4331,#4332,#4333,#4334,
#4335,#4336,#4337,#4338,#4339,#4340,#4341,#4342),.UNSPECIFIED.,.F.,.F.,
(4,1,1,1,1,1,1,1,1,1,1,4),(0.00502280933331886,0.00738522602339049,0.00974764271346213,
0.0109288510584979,0.0121100594035338,0.0132912677485696,0.0144724760936054,
0.0156536844386412,0.016834892783677,0.0191973094737487,0.0215597261638203,
0.0239221428538919),.UNSPECIFIED.);
#168=B_SPLINE_CURVE_WITH_KNOTS('',3,(#4344,#4345,#4346,#4347),
 .UNSPECIFIED.,.F.,.F.,(4,4),(0.,0.0106510074981702),.UNSPECIFIED.);
#169=LINE('',#2533,#227);
#170=LINE('',#2553,#228);
#171=LINE('',#2567,#229);
#172=LINE('',#2572,#230);
#173=LINE('',#2588,#231);
#174=LINE('',#2712,#232);
#175=LINE('',#2728,#233);
#176=LINE('',#2754,#234);
#177=LINE('',#2774,#235);
#178=LINE('',#2794,#236);
#179=LINE('',#2798,#237);
#180=LINE('',#2933,#238);
#181=LINE('',#2995,#239);
#182=LINE('',#2999,#240);
#183=LINE('',#3001,#241);
#184=LINE('',#3004,#242);
#185=LINE('',#3103,#243);
#186=LINE('',#3104,#244);
#187=LINE('',#3106,#245);
#188=LINE('',#3109,#246);
#189=LINE('',#3763,#247);
#190=LINE('',#3766,#248);
#191=LINE('',#3774,#249);
#192=LINE('',#3776,#250);
#193=LINE('',#3780,#251);
#194=LINE('',#3805,#252);
#195=LINE('',#3901,#253);
#196=LINE('',#3909,#254);
#197=LINE('',#3910,#255);
#198=LINE('',#3918,#256);
#199=LINE('',#3919,#257);
#200=LINE('',#3927,#258);
#201=LINE('',#3928,#259);
#202=LINE('',#3936,#260);
#203=LINE('',#3937,#261);
#204=LINE('',#3945,#262);
#205=LINE('',#3946,#263);
#206=LINE('',#3954,#264);
#207=LINE('',#3955,#265);
#208=LINE('',#3967,#266);
#209=LINE('',#3968,#267);
#210=LINE('',#3970,#268);
#211=LINE('',#4126,#269);
#212=LINE('',#4130,#270);
#213=LINE('',#4140,#271);
#214=LINE('',#4144,#272);
#215=LINE('',#4170,#273);
#216=LINE('',#4174,#274);
#217=LINE('',#4184,#275);
#218=LINE('',#4201,#276);
#219=LINE('',#4251,#277);
#220=LINE('',#4255,#278);
#221=LINE('',#4267,#279);
#222=LINE('',#4269,#280);
#223=LINE('',#4301,#281);
#224=LINE('',#4303,#282);
#225=LINE('',#4313,#283);
#226=LINE('',#4322,#284);
#227=VECTOR('',#2042,1.);
#228=VECTOR('',#2043,1.);
#229=VECTOR('',#2046,1.);
#230=VECTOR('',#2049,1.);
#231=VECTOR('',#2054,1.);
#232=VECTOR('',#2073,1.);
#233=VECTOR('',#2080,1.);
#234=VECTOR('',#2083,1.);
#235=VECTOR('',#2088,1.);
#236=VECTOR('',#2093,1.);
#237=VECTOR('',#2096,1.);
#238=VECTOR('',#2105,1.);
#239=VECTOR('',#2118,1.);
#240=VECTOR('',#2121,1.);
#241=VECTOR('',#2124,1.);
#242=VECTOR('',#2129,1.);
#243=VECTOR('',#2134,1.);
#244=VECTOR('',#2135,1.);
#245=VECTOR('',#2138,1.);
#246=VECTOR('',#2141,1.);
#247=VECTOR('',#2166,1.);
#248=VECTOR('',#2169,1.);
#249=VECTOR('',#2180,1.);
#250=VECTOR('',#2183,1.);
#251=VECTOR('',#2188,1.);
#252=VECTOR('',#2189,1.);
#253=VECTOR('',#2202,1.);
#254=VECTOR('',#2213,1.);
#255=VECTOR('',#2214,1.);
#256=VECTOR('',#2225,1.);
#257=VECTOR('',#2226,1.);
#258=VECTOR('',#2237,1.);
#259=VECTOR('',#2238,1.);
#260=VECTOR('',#2249,1.);
#261=VECTOR('',#2250,1.);
#262=VECTOR('',#2261,1.);
#263=VECTOR('',#2262,1.);
#264=VECTOR('',#2273,1.);
#265=VECTOR('',#2274,1.);
#266=VECTOR('',#2291,1.);
#267=VECTOR('',#2292,1.);
#268=VECTOR('',#2295,1.);
#269=VECTOR('',#2378,1.);
#270=VECTOR('',#2381,1.);
#271=VECTOR('',#2386,1.);
#272=VECTOR('',#2391,1.);
#273=VECTOR('',#2398,1.);
#274=VECTOR('',#2401,1.);
#275=VECTOR('',#2406,1.);
#276=VECTOR('',#2407,1.);
#277=VECTOR('',#2426,1.);
#278=VECTOR('',#2429,1.);
#279=VECTOR('',#2436,1.);
#280=VECTOR('',#2439,1.);
#281=VECTOR('',#2448,1.);
#282=VECTOR('',#2449,1.);
#283=VECTOR('',#2454,1.);
#284=VECTOR('',#2459,1.);
#285=ORIENTED_EDGE('',*,*,#829,.F.);
#286=ORIENTED_EDGE('',*,*,#830,.T.);
#287=ORIENTED_EDGE('',*,*,#831,.T.);
#288=ORIENTED_EDGE('',*,*,#832,.T.);
#289=ORIENTED_EDGE('',*,*,#833,.T.);
#290=ORIENTED_EDGE('',*,*,#834,.F.);
#291=ORIENTED_EDGE('',*,*,#835,.T.);
#292=ORIENTED_EDGE('',*,*,#836,.F.);
#293=ORIENTED_EDGE('',*,*,#837,.F.);
#294=ORIENTED_EDGE('',*,*,#838,.F.);
#295=ORIENTED_EDGE('',*,*,#839,.F.);
#296=ORIENTED_EDGE('',*,*,#840,.T.);
#297=ORIENTED_EDGE('',*,*,#841,.T.);
#298=ORIENTED_EDGE('',*,*,#842,.T.);
#299=ORIENTED_EDGE('',*,*,#843,.T.);
#300=ORIENTED_EDGE('',*,*,#844,.T.);
#301=ORIENTED_EDGE('',*,*,#845,.T.);
#302=ORIENTED_EDGE('',*,*,#846,.T.);
#303=ORIENTED_EDGE('',*,*,#847,.T.);
#304=ORIENTED_EDGE('',*,*,#848,.T.);
#305=ORIENTED_EDGE('',*,*,#849,.T.);
#306=ORIENTED_EDGE('',*,*,#850,.T.);
#307=ORIENTED_EDGE('',*,*,#851,.T.);
#308=ORIENTED_EDGE('',*,*,#852,.T.);
#309=ORIENTED_EDGE('',*,*,#853,.T.);
#310=ORIENTED_EDGE('',*,*,#854,.T.);
#311=ORIENTED_EDGE('',*,*,#855,.T.);
#312=ORIENTED_EDGE('',*,*,#856,.T.);
#313=ORIENTED_EDGE('',*,*,#857,.T.);
#314=ORIENTED_EDGE('',*,*,#858,.F.);
#315=ORIENTED_EDGE('',*,*,#859,.T.);
#316=ORIENTED_EDGE('',*,*,#860,.T.);
#317=ORIENTED_EDGE('',*,*,#861,.T.);
#318=ORIENTED_EDGE('',*,*,#862,.T.);
#319=ORIENTED_EDGE('',*,*,#863,.F.);
#320=ORIENTED_EDGE('',*,*,#864,.T.);
#321=ORIENTED_EDGE('',*,*,#865,.T.);
#322=ORIENTED_EDGE('',*,*,#866,.F.);
#323=ORIENTED_EDGE('',*,*,#867,.T.);
#324=ORIENTED_EDGE('',*,*,#868,.T.);
#325=ORIENTED_EDGE('',*,*,#869,.T.);
#326=ORIENTED_EDGE('',*,*,#870,.F.);
#327=ORIENTED_EDGE('',*,*,#871,.T.);
#328=ORIENTED_EDGE('',*,*,#872,.T.);
#329=ORIENTED_EDGE('',*,*,#873,.F.);
#330=ORIENTED_EDGE('',*,*,#874,.T.);
#331=ORIENTED_EDGE('',*,*,#875,.T.);
#332=ORIENTED_EDGE('',*,*,#876,.F.);
#333=ORIENTED_EDGE('',*,*,#877,.T.);
#334=ORIENTED_EDGE('',*,*,#878,.T.);
#335=ORIENTED_EDGE('',*,*,#879,.T.);
#336=ORIENTED_EDGE('',*,*,#880,.T.);
#337=ORIENTED_EDGE('',*,*,#881,.T.);
#338=ORIENTED_EDGE('',*,*,#882,.T.);
#339=ORIENTED_EDGE('',*,*,#883,.T.);
#340=ORIENTED_EDGE('',*,*,#884,.T.);
#341=ORIENTED_EDGE('',*,*,#885,.T.);
#342=ORIENTED_EDGE('',*,*,#859,.F.);
#343=ORIENTED_EDGE('',*,*,#886,.T.);
#344=ORIENTED_EDGE('',*,*,#887,.T.);
#345=ORIENTED_EDGE('',*,*,#882,.F.);
#346=ORIENTED_EDGE('',*,*,#888,.T.);
#347=ORIENTED_EDGE('',*,*,#889,.F.);
#348=ORIENTED_EDGE('',*,*,#875,.F.);
#349=ORIENTED_EDGE('',*,*,#890,.T.);
#350=ORIENTED_EDGE('',*,*,#862,.F.);
#351=ORIENTED_EDGE('',*,*,#891,.T.);
#352=ORIENTED_EDGE('',*,*,#892,.T.);
#353=ORIENTED_EDGE('',*,*,#879,.F.);
#354=ORIENTED_EDGE('',*,*,#893,.T.);
#355=ORIENTED_EDGE('',*,*,#894,.T.);
#356=ORIENTED_EDGE('',*,*,#895,.F.);
#357=ORIENTED_EDGE('',*,*,#896,.T.);
#358=ORIENTED_EDGE('',*,*,#897,.T.);
#359=ORIENTED_EDGE('',*,*,#898,.F.);
#360=ORIENTED_EDGE('',*,*,#899,.T.);
#361=ORIENTED_EDGE('',*,*,#900,.F.);
#362=ORIENTED_EDGE('',*,*,#857,.F.);
#363=ORIENTED_EDGE('',*,*,#901,.T.);
#364=ORIENTED_EDGE('',*,*,#898,.T.);
#365=ORIENTED_EDGE('',*,*,#902,.F.);
#366=ORIENTED_EDGE('',*,*,#903,.T.);
#367=ORIENTED_EDGE('',*,*,#904,.T.);
#368=ORIENTED_EDGE('',*,*,#905,.T.);
#369=ORIENTED_EDGE('',*,*,#906,.F.);
#370=ORIENTED_EDGE('',*,*,#835,.F.);
#371=ORIENTED_EDGE('',*,*,#907,.F.);
#372=ORIENTED_EDGE('',*,*,#829,.T.);
#373=ORIENTED_EDGE('',*,*,#908,.F.);
#374=ORIENTED_EDGE('',*,*,#909,.F.);
#375=ORIENTED_EDGE('',*,*,#903,.F.);
#376=ORIENTED_EDGE('',*,*,#910,.F.);
#377=ORIENTED_EDGE('',*,*,#837,.T.);
#378=ORIENTED_EDGE('',*,*,#873,.T.);
#379=ORIENTED_EDGE('',*,*,#911,.T.);
#380=ORIENTED_EDGE('',*,*,#912,.F.);
#381=ORIENTED_EDGE('',*,*,#913,.T.);
#382=ORIENTED_EDGE('',*,*,#914,.F.);
#383=ORIENTED_EDGE('',*,*,#915,.T.);
#384=ORIENTED_EDGE('',*,*,#912,.T.);
#385=ORIENTED_EDGE('',*,*,#916,.T.);
#386=ORIENTED_EDGE('',*,*,#917,.F.);
#387=ORIENTED_EDGE('',*,*,#918,.F.);
#388=ORIENTED_EDGE('',*,*,#919,.F.);
#389=ORIENTED_EDGE('',*,*,#920,.F.);
#390=ORIENTED_EDGE('',*,*,#921,.F.);
#391=ORIENTED_EDGE('',*,*,#922,.F.);
#392=ORIENTED_EDGE('',*,*,#923,.F.);
#393=ORIENTED_EDGE('',*,*,#924,.F.);
#394=ORIENTED_EDGE('',*,*,#925,.F.);
#395=ORIENTED_EDGE('',*,*,#926,.F.);
#396=ORIENTED_EDGE('',*,*,#927,.F.);
#397=ORIENTED_EDGE('',*,*,#928,.F.);
#398=ORIENTED_EDGE('',*,*,#929,.F.);
#399=ORIENTED_EDGE('',*,*,#930,.F.);
#400=ORIENTED_EDGE('',*,*,#931,.F.);
#401=ORIENTED_EDGE('',*,*,#932,.F.);
#402=ORIENTED_EDGE('',*,*,#933,.F.);
#403=ORIENTED_EDGE('',*,*,#934,.F.);
#404=ORIENTED_EDGE('',*,*,#935,.F.);
#405=ORIENTED_EDGE('',*,*,#936,.F.);
#406=ORIENTED_EDGE('',*,*,#937,.F.);
#407=ORIENTED_EDGE('',*,*,#938,.F.);
#408=ORIENTED_EDGE('',*,*,#939,.F.);
#409=ORIENTED_EDGE('',*,*,#940,.F.);
#410=ORIENTED_EDGE('',*,*,#941,.F.);
#411=ORIENTED_EDGE('',*,*,#942,.F.);
#412=ORIENTED_EDGE('',*,*,#943,.F.);
#413=ORIENTED_EDGE('',*,*,#944,.F.);
#414=ORIENTED_EDGE('',*,*,#945,.F.);
#415=ORIENTED_EDGE('',*,*,#946,.F.);
#416=ORIENTED_EDGE('',*,*,#947,.F.);
#417=ORIENTED_EDGE('',*,*,#948,.F.);
#418=ORIENTED_EDGE('',*,*,#949,.F.);
#419=ORIENTED_EDGE('',*,*,#950,.F.);
#420=ORIENTED_EDGE('',*,*,#951,.F.);
#421=ORIENTED_EDGE('',*,*,#952,.F.);
#422=ORIENTED_EDGE('',*,*,#953,.F.);
#423=ORIENTED_EDGE('',*,*,#884,.F.);
#424=ORIENTED_EDGE('',*,*,#954,.F.);
#425=ORIENTED_EDGE('',*,*,#909,.T.);
#426=ORIENTED_EDGE('',*,*,#955,.F.);
#427=ORIENTED_EDGE('',*,*,#905,.F.);
#428=ORIENTED_EDGE('',*,*,#956,.T.);
#429=ORIENTED_EDGE('',*,*,#887,.F.);
#430=ORIENTED_EDGE('',*,*,#957,.F.);
#431=ORIENTED_EDGE('',*,*,#958,.T.);
#432=ORIENTED_EDGE('',*,*,#959,.F.);
#433=ORIENTED_EDGE('',*,*,#960,.F.);
#434=ORIENTED_EDGE('',*,*,#840,.F.);
#435=ORIENTED_EDGE('',*,*,#961,.F.);
#436=ORIENTED_EDGE('',*,*,#962,.T.);
#437=ORIENTED_EDGE('',*,*,#952,.T.);
#438=ORIENTED_EDGE('',*,*,#958,.F.);
#439=ORIENTED_EDGE('',*,*,#963,.F.);
#440=ORIENTED_EDGE('',*,*,#914,.T.);
#441=ORIENTED_EDGE('',*,*,#962,.F.);
#442=ORIENTED_EDGE('',*,*,#964,.F.);
#443=ORIENTED_EDGE('',*,*,#965,.F.);
#444=ORIENTED_EDGE('',*,*,#917,.T.);
#445=ORIENTED_EDGE('',*,*,#966,.F.);
#446=ORIENTED_EDGE('',*,*,#967,.T.);
#447=ORIENTED_EDGE('',*,*,#968,.T.);
#448=ORIENTED_EDGE('',*,*,#969,.T.);
#449=ORIENTED_EDGE('',*,*,#970,.F.);
#450=ORIENTED_EDGE('',*,*,#969,.F.);
#451=ORIENTED_EDGE('',*,*,#971,.T.);
#452=ORIENTED_EDGE('',*,*,#918,.T.);
#453=ORIENTED_EDGE('',*,*,#965,.T.);
#454=ORIENTED_EDGE('',*,*,#967,.F.);
#455=ORIENTED_EDGE('',*,*,#972,.T.);
#456=ORIENTED_EDGE('',*,*,#831,.F.);
#457=ORIENTED_EDGE('',*,*,#973,.T.);
#458=ORIENTED_EDGE('',*,*,#896,.F.);
#459=ORIENTED_EDGE('',*,*,#974,.F.);
#460=ORIENTED_EDGE('',*,*,#975,.F.);
#461=ORIENTED_EDGE('',*,*,#968,.F.);
#462=ORIENTED_EDGE('',*,*,#975,.T.);
#463=ORIENTED_EDGE('',*,*,#976,.T.);
#464=ORIENTED_EDGE('',*,*,#919,.T.);
#465=ORIENTED_EDGE('',*,*,#971,.F.);
#466=ORIENTED_EDGE('',*,*,#977,.T.);
#467=ORIENTED_EDGE('',*,*,#978,.T.);
#468=ORIENTED_EDGE('',*,*,#855,.F.);
#469=ORIENTED_EDGE('',*,*,#979,.T.);
#470=ORIENTED_EDGE('',*,*,#980,.F.);
#471=ORIENTED_EDGE('',*,*,#977,.F.);
#472=ORIENTED_EDGE('',*,*,#981,.T.);
#473=ORIENTED_EDGE('',*,*,#923,.T.);
#474=ORIENTED_EDGE('',*,*,#982,.T.);
#475=ORIENTED_EDGE('',*,*,#983,.T.);
#476=ORIENTED_EDGE('',*,*,#853,.F.);
#477=ORIENTED_EDGE('',*,*,#984,.T.);
#478=ORIENTED_EDGE('',*,*,#985,.F.);
#479=ORIENTED_EDGE('',*,*,#982,.F.);
#480=ORIENTED_EDGE('',*,*,#986,.T.);
#481=ORIENTED_EDGE('',*,*,#927,.T.);
#482=ORIENTED_EDGE('',*,*,#987,.T.);
#483=ORIENTED_EDGE('',*,*,#988,.T.);
#484=ORIENTED_EDGE('',*,*,#851,.F.);
#485=ORIENTED_EDGE('',*,*,#989,.T.);
#486=ORIENTED_EDGE('',*,*,#990,.F.);
#487=ORIENTED_EDGE('',*,*,#987,.F.);
#488=ORIENTED_EDGE('',*,*,#991,.T.);
#489=ORIENTED_EDGE('',*,*,#931,.T.);
#490=ORIENTED_EDGE('',*,*,#992,.T.);
#491=ORIENTED_EDGE('',*,*,#993,.T.);
#492=ORIENTED_EDGE('',*,*,#849,.F.);
#493=ORIENTED_EDGE('',*,*,#994,.T.);
#494=ORIENTED_EDGE('',*,*,#995,.F.);
#495=ORIENTED_EDGE('',*,*,#992,.F.);
#496=ORIENTED_EDGE('',*,*,#996,.T.);
#497=ORIENTED_EDGE('',*,*,#935,.T.);
#498=ORIENTED_EDGE('',*,*,#997,.T.);
#499=ORIENTED_EDGE('',*,*,#998,.T.);
#500=ORIENTED_EDGE('',*,*,#847,.F.);
#501=ORIENTED_EDGE('',*,*,#999,.T.);
#502=ORIENTED_EDGE('',*,*,#1000,.F.);
#503=ORIENTED_EDGE('',*,*,#997,.F.);
#504=ORIENTED_EDGE('',*,*,#1001,.T.);
#505=ORIENTED_EDGE('',*,*,#939,.T.);
#506=ORIENTED_EDGE('',*,*,#1002,.T.);
#507=ORIENTED_EDGE('',*,*,#1003,.T.);
#508=ORIENTED_EDGE('',*,*,#845,.F.);
#509=ORIENTED_EDGE('',*,*,#1004,.T.);
#510=ORIENTED_EDGE('',*,*,#1005,.F.);
#511=ORIENTED_EDGE('',*,*,#1002,.F.);
#512=ORIENTED_EDGE('',*,*,#1006,.T.);
#513=ORIENTED_EDGE('',*,*,#943,.T.);
#514=ORIENTED_EDGE('',*,*,#1007,.T.);
#515=ORIENTED_EDGE('',*,*,#1008,.T.);
#516=ORIENTED_EDGE('',*,*,#843,.F.);
#517=ORIENTED_EDGE('',*,*,#1009,.T.);
#518=ORIENTED_EDGE('',*,*,#1010,.T.);
#519=ORIENTED_EDGE('',*,*,#1011,.T.);
#520=ORIENTED_EDGE('',*,*,#841,.F.);
#521=ORIENTED_EDGE('',*,*,#960,.T.);
#522=ORIENTED_EDGE('',*,*,#1012,.F.);
#523=ORIENTED_EDGE('',*,*,#1007,.F.);
#524=ORIENTED_EDGE('',*,*,#1013,.T.);
#525=ORIENTED_EDGE('',*,*,#947,.T.);
#526=ORIENTED_EDGE('',*,*,#1014,.F.);
#527=ORIENTED_EDGE('',*,*,#1010,.F.);
#528=ORIENTED_EDGE('',*,*,#959,.T.);
#529=ORIENTED_EDGE('',*,*,#951,.T.);
#530=ORIENTED_EDGE('',*,*,#954,.T.);
#531=ORIENTED_EDGE('',*,*,#883,.F.);
#532=ORIENTED_EDGE('',*,*,#956,.F.);
#533=ORIENTED_EDGE('',*,*,#904,.F.);
#534=ORIENTED_EDGE('',*,*,#1011,.F.);
#535=ORIENTED_EDGE('',*,*,#1014,.T.);
#536=ORIENTED_EDGE('',*,*,#1015,.T.);
#537=ORIENTED_EDGE('',*,*,#1013,.F.);
#538=ORIENTED_EDGE('',*,*,#1009,.F.);
#539=ORIENTED_EDGE('',*,*,#842,.F.);
#540=ORIENTED_EDGE('',*,*,#1016,.F.);
#541=ORIENTED_EDGE('',*,*,#949,.T.);
#542=ORIENTED_EDGE('',*,*,#950,.T.);
#543=ORIENTED_EDGE('',*,*,#1016,.T.);
#544=ORIENTED_EDGE('',*,*,#948,.T.);
#545=ORIENTED_EDGE('',*,*,#1015,.F.);
#546=ORIENTED_EDGE('',*,*,#1008,.F.);
#547=ORIENTED_EDGE('',*,*,#1012,.T.);
#548=ORIENTED_EDGE('',*,*,#1017,.T.);
#549=ORIENTED_EDGE('',*,*,#1006,.F.);
#550=ORIENTED_EDGE('',*,*,#1004,.F.);
#551=ORIENTED_EDGE('',*,*,#844,.F.);
#552=ORIENTED_EDGE('',*,*,#1018,.F.);
#553=ORIENTED_EDGE('',*,*,#945,.T.);
#554=ORIENTED_EDGE('',*,*,#946,.T.);
#555=ORIENTED_EDGE('',*,*,#1018,.T.);
#556=ORIENTED_EDGE('',*,*,#944,.T.);
#557=ORIENTED_EDGE('',*,*,#1017,.F.);
#558=ORIENTED_EDGE('',*,*,#1003,.F.);
#559=ORIENTED_EDGE('',*,*,#1005,.T.);
#560=ORIENTED_EDGE('',*,*,#1019,.T.);
#561=ORIENTED_EDGE('',*,*,#1001,.F.);
#562=ORIENTED_EDGE('',*,*,#999,.F.);
#563=ORIENTED_EDGE('',*,*,#846,.F.);
#564=ORIENTED_EDGE('',*,*,#1020,.F.);
#565=ORIENTED_EDGE('',*,*,#941,.T.);
#566=ORIENTED_EDGE('',*,*,#942,.T.);
#567=ORIENTED_EDGE('',*,*,#1020,.T.);
#568=ORIENTED_EDGE('',*,*,#940,.T.);
#569=ORIENTED_EDGE('',*,*,#1019,.F.);
#570=ORIENTED_EDGE('',*,*,#998,.F.);
#571=ORIENTED_EDGE('',*,*,#1000,.T.);
#572=ORIENTED_EDGE('',*,*,#1021,.T.);
#573=ORIENTED_EDGE('',*,*,#996,.F.);
#574=ORIENTED_EDGE('',*,*,#994,.F.);
#575=ORIENTED_EDGE('',*,*,#848,.F.);
#576=ORIENTED_EDGE('',*,*,#1022,.F.);
#577=ORIENTED_EDGE('',*,*,#937,.T.);
#578=ORIENTED_EDGE('',*,*,#938,.T.);
#579=ORIENTED_EDGE('',*,*,#1022,.T.);
#580=ORIENTED_EDGE('',*,*,#936,.T.);
#581=ORIENTED_EDGE('',*,*,#1021,.F.);
#582=ORIENTED_EDGE('',*,*,#993,.F.);
#583=ORIENTED_EDGE('',*,*,#995,.T.);
#584=ORIENTED_EDGE('',*,*,#1023,.T.);
#585=ORIENTED_EDGE('',*,*,#991,.F.);
#586=ORIENTED_EDGE('',*,*,#989,.F.);
#587=ORIENTED_EDGE('',*,*,#850,.F.);
#588=ORIENTED_EDGE('',*,*,#1024,.F.);
#589=ORIENTED_EDGE('',*,*,#933,.T.);
#590=ORIENTED_EDGE('',*,*,#934,.T.);
#591=ORIENTED_EDGE('',*,*,#1024,.T.);
#592=ORIENTED_EDGE('',*,*,#932,.T.);
#593=ORIENTED_EDGE('',*,*,#1023,.F.);
#594=ORIENTED_EDGE('',*,*,#988,.F.);
#595=ORIENTED_EDGE('',*,*,#990,.T.);
#596=ORIENTED_EDGE('',*,*,#1025,.T.);
#597=ORIENTED_EDGE('',*,*,#986,.F.);
#598=ORIENTED_EDGE('',*,*,#984,.F.);
#599=ORIENTED_EDGE('',*,*,#852,.F.);
#600=ORIENTED_EDGE('',*,*,#1026,.F.);
#601=ORIENTED_EDGE('',*,*,#929,.T.);
#602=ORIENTED_EDGE('',*,*,#930,.T.);
#603=ORIENTED_EDGE('',*,*,#1026,.T.);
#604=ORIENTED_EDGE('',*,*,#928,.T.);
#605=ORIENTED_EDGE('',*,*,#1025,.F.);
#606=ORIENTED_EDGE('',*,*,#983,.F.);
#607=ORIENTED_EDGE('',*,*,#985,.T.);
#608=ORIENTED_EDGE('',*,*,#1027,.T.);
#609=ORIENTED_EDGE('',*,*,#981,.F.);
#610=ORIENTED_EDGE('',*,*,#979,.F.);
#611=ORIENTED_EDGE('',*,*,#854,.F.);
#612=ORIENTED_EDGE('',*,*,#1028,.F.);
#613=ORIENTED_EDGE('',*,*,#925,.T.);
#614=ORIENTED_EDGE('',*,*,#926,.T.);
#615=ORIENTED_EDGE('',*,*,#1028,.T.);
#616=ORIENTED_EDGE('',*,*,#924,.T.);
#617=ORIENTED_EDGE('',*,*,#1027,.F.);
#618=ORIENTED_EDGE('',*,*,#976,.F.);
#619=ORIENTED_EDGE('',*,*,#974,.T.);
#620=ORIENTED_EDGE('',*,*,#899,.F.);
#621=ORIENTED_EDGE('',*,*,#901,.F.);
#622=ORIENTED_EDGE('',*,*,#856,.F.);
#623=ORIENTED_EDGE('',*,*,#978,.F.);
#624=ORIENTED_EDGE('',*,*,#980,.T.);
#625=ORIENTED_EDGE('',*,*,#1029,.T.);
#626=ORIENTED_EDGE('',*,*,#1030,.F.);
#627=ORIENTED_EDGE('',*,*,#921,.T.);
#628=ORIENTED_EDGE('',*,*,#922,.T.);
#629=ORIENTED_EDGE('',*,*,#1030,.T.);
#630=ORIENTED_EDGE('',*,*,#920,.T.);
#631=ORIENTED_EDGE('',*,*,#1029,.F.);
#632=ORIENTED_EDGE('',*,*,#870,.T.);
#633=ORIENTED_EDGE('',*,*,#1031,.T.);
#634=ORIENTED_EDGE('',*,*,#1032,.F.);
#635=ORIENTED_EDGE('',*,*,#1033,.F.);
#636=ORIENTED_EDGE('',*,*,#1034,.T.);
#637=ORIENTED_EDGE('',*,*,#1035,.T.);
#638=ORIENTED_EDGE('',*,*,#1036,.F.);
#639=ORIENTED_EDGE('',*,*,#1037,.F.);
#640=ORIENTED_EDGE('',*,*,#1038,.T.);
#641=ORIENTED_EDGE('',*,*,#1034,.F.);
#642=ORIENTED_EDGE('',*,*,#1039,.F.);
#643=ORIENTED_EDGE('',*,*,#1040,.T.);
#644=ORIENTED_EDGE('',*,*,#1037,.T.);
#645=ORIENTED_EDGE('',*,*,#1033,.T.);
#646=ORIENTED_EDGE('',*,*,#1032,.T.);
#647=ORIENTED_EDGE('',*,*,#1041,.T.);
#648=ORIENTED_EDGE('',*,*,#1039,.T.);
#649=ORIENTED_EDGE('',*,*,#866,.T.);
#650=ORIENTED_EDGE('',*,*,#1042,.T.);
#651=ORIENTED_EDGE('',*,*,#1043,.F.);
#652=ORIENTED_EDGE('',*,*,#1044,.F.);
#653=ORIENTED_EDGE('',*,*,#1045,.T.);
#654=ORIENTED_EDGE('',*,*,#1046,.T.);
#655=ORIENTED_EDGE('',*,*,#1047,.F.);
#656=ORIENTED_EDGE('',*,*,#1048,.F.);
#657=ORIENTED_EDGE('',*,*,#1049,.T.);
#658=ORIENTED_EDGE('',*,*,#1050,.T.);
#659=ORIENTED_EDGE('',*,*,#1044,.T.);
#660=ORIENTED_EDGE('',*,*,#1043,.T.);
#661=ORIENTED_EDGE('',*,*,#1051,.T.);
#662=ORIENTED_EDGE('',*,*,#1048,.T.);
#663=ORIENTED_EDGE('',*,*,#1050,.F.);
#664=ORIENTED_EDGE('',*,*,#1052,.T.);
#665=ORIENTED_EDGE('',*,*,#1045,.F.);
#666=ORIENTED_EDGE('',*,*,#863,.T.);
#667=ORIENTED_EDGE('',*,*,#1053,.T.);
#668=ORIENTED_EDGE('',*,*,#1054,.F.);
#669=ORIENTED_EDGE('',*,*,#1055,.T.);
#670=ORIENTED_EDGE('',*,*,#1056,.F.);
#671=ORIENTED_EDGE('',*,*,#1054,.T.);
#672=ORIENTED_EDGE('',*,*,#1057,.T.);
#673=ORIENTED_EDGE('',*,*,#876,.T.);
#674=ORIENTED_EDGE('',*,*,#895,.T.);
#675=ORIENTED_EDGE('',*,*,#1058,.T.);
#676=ORIENTED_EDGE('',*,*,#1059,.F.);
#677=ORIENTED_EDGE('',*,*,#1060,.F.);
#678=ORIENTED_EDGE('',*,*,#1061,.T.);
#679=ORIENTED_EDGE('',*,*,#1062,.T.);
#680=ORIENTED_EDGE('',*,*,#1063,.F.);
#681=ORIENTED_EDGE('',*,*,#1059,.T.);
#682=ORIENTED_EDGE('',*,*,#1064,.T.);
#683=ORIENTED_EDGE('',*,*,#1065,.T.);
#684=ORIENTED_EDGE('',*,*,#1066,.F.);
#685=ORIENTED_EDGE('',*,*,#1067,.T.);
#686=ORIENTED_EDGE('',*,*,#1061,.F.);
#687=ORIENTED_EDGE('',*,*,#1065,.F.);
#688=ORIENTED_EDGE('',*,*,#1068,.T.);
#689=ORIENTED_EDGE('',*,*,#1069,.T.);
#690=ORIENTED_EDGE('',*,*,#1066,.T.);
#691=ORIENTED_EDGE('',*,*,#1060,.T.);
#692=ORIENTED_EDGE('',*,*,#1070,.T.);
#693=ORIENTED_EDGE('',*,*,#1071,.T.);
#694=ORIENTED_EDGE('',*,*,#1072,.F.);
#695=ORIENTED_EDGE('',*,*,#1073,.F.);
#696=ORIENTED_EDGE('',*,*,#1074,.F.);
#697=ORIENTED_EDGE('',*,*,#889,.T.);
#698=ORIENTED_EDGE('',*,*,#1075,.T.);
#699=ORIENTED_EDGE('',*,*,#1076,.F.);
#700=ORIENTED_EDGE('',*,*,#1077,.F.);
#701=ORIENTED_EDGE('',*,*,#1072,.T.);
#702=ORIENTED_EDGE('',*,*,#1078,.T.);
#703=ORIENTED_EDGE('',*,*,#860,.F.);
#704=ORIENTED_EDGE('',*,*,#1079,.F.);
#705=ORIENTED_EDGE('',*,*,#1080,.T.);
#706=ORIENTED_EDGE('',*,*,#1081,.T.);
#707=ORIENTED_EDGE('',*,*,#1073,.T.);
#708=ORIENTED_EDGE('',*,*,#1077,.T.);
#709=ORIENTED_EDGE('',*,*,#1076,.T.);
#710=ORIENTED_EDGE('',*,*,#1082,.T.);
#711=ORIENTED_EDGE('',*,*,#1083,.T.);
#712=ORIENTED_EDGE('',*,*,#1079,.T.);
#713=ORIENTED_EDGE('',*,*,#1036,.T.);
#714=ORIENTED_EDGE('',*,*,#1084,.T.);
#715=ORIENTED_EDGE('',*,*,#1047,.T.);
#716=ORIENTED_EDGE('',*,*,#1085,.T.);
#717=ORIENTED_EDGE('',*,*,#1056,.T.);
#718=ORIENTED_EDGE('',*,*,#1086,.T.);
#719=ORIENTED_EDGE('',*,*,#1063,.T.);
#720=ORIENTED_EDGE('',*,*,#1087,.T.);
#721=ORIENTED_EDGE('',*,*,#1074,.T.);
#722=ORIENTED_EDGE('',*,*,#1088,.T.);
#723=ORIENTED_EDGE('',*,*,#1035,.F.);
#724=ORIENTED_EDGE('',*,*,#1038,.F.);
#725=ORIENTED_EDGE('',*,*,#1089,.F.);
#726=ORIENTED_EDGE('',*,*,#871,.F.);
#727=ORIENTED_EDGE('',*,*,#1089,.T.);
#728=ORIENTED_EDGE('',*,*,#1040,.F.);
#729=ORIENTED_EDGE('',*,*,#1090,.F.);
#730=ORIENTED_EDGE('',*,*,#872,.F.);
#731=ORIENTED_EDGE('',*,*,#1031,.F.);
#732=ORIENTED_EDGE('',*,*,#869,.F.);
#733=ORIENTED_EDGE('',*,*,#1090,.T.);
#734=ORIENTED_EDGE('',*,*,#1041,.F.);
#735=ORIENTED_EDGE('',*,*,#1078,.F.);
#736=ORIENTED_EDGE('',*,*,#1071,.F.);
#737=ORIENTED_EDGE('',*,*,#1091,.F.);
#738=ORIENTED_EDGE('',*,*,#861,.F.);
#739=ORIENTED_EDGE('',*,*,#1091,.T.);
#740=ORIENTED_EDGE('',*,*,#1070,.F.);
#741=ORIENTED_EDGE('',*,*,#1092,.F.);
#742=ORIENTED_EDGE('',*,*,#891,.F.);
#743=ORIENTED_EDGE('',*,*,#1092,.T.);
#744=ORIENTED_EDGE('',*,*,#1081,.F.);
#745=ORIENTED_EDGE('',*,*,#1093,.F.);
#746=ORIENTED_EDGE('',*,*,#892,.F.);
#747=ORIENTED_EDGE('',*,*,#1093,.T.);
#748=ORIENTED_EDGE('',*,*,#1080,.F.);
#749=ORIENTED_EDGE('',*,*,#1094,.F.);
#750=ORIENTED_EDGE('',*,*,#880,.F.);
#751=ORIENTED_EDGE('',*,*,#1094,.T.);
#752=ORIENTED_EDGE('',*,*,#1083,.F.);
#753=ORIENTED_EDGE('',*,*,#1095,.F.);
#754=ORIENTED_EDGE('',*,*,#881,.F.);
#755=ORIENTED_EDGE('',*,*,#1075,.F.);
#756=ORIENTED_EDGE('',*,*,#888,.F.);
#757=ORIENTED_EDGE('',*,*,#1095,.T.);
#758=ORIENTED_EDGE('',*,*,#1082,.F.);
#759=ORIENTED_EDGE('',*,*,#1046,.F.);
#760=ORIENTED_EDGE('',*,*,#1052,.F.);
#761=ORIENTED_EDGE('',*,*,#1096,.F.);
#762=ORIENTED_EDGE('',*,*,#867,.F.);
#763=ORIENTED_EDGE('',*,*,#1096,.T.);
#764=ORIENTED_EDGE('',*,*,#1049,.F.);
#765=ORIENTED_EDGE('',*,*,#1097,.F.);
#766=ORIENTED_EDGE('',*,*,#868,.F.);
#767=ORIENTED_EDGE('',*,*,#1042,.F.);
#768=ORIENTED_EDGE('',*,*,#865,.F.);
#769=ORIENTED_EDGE('',*,*,#1097,.T.);
#770=ORIENTED_EDGE('',*,*,#1051,.F.);
#771=ORIENTED_EDGE('',*,*,#1053,.F.);
#772=ORIENTED_EDGE('',*,*,#864,.F.);
#773=ORIENTED_EDGE('',*,*,#1055,.F.);
#774=ORIENTED_EDGE('',*,*,#1057,.F.);
#775=ORIENTED_EDGE('',*,*,#1062,.F.);
#776=ORIENTED_EDGE('',*,*,#1067,.F.);
#777=ORIENTED_EDGE('',*,*,#1098,.F.);
#778=ORIENTED_EDGE('',*,*,#877,.F.);
#779=ORIENTED_EDGE('',*,*,#1098,.T.);
#780=ORIENTED_EDGE('',*,*,#1069,.F.);
#781=ORIENTED_EDGE('',*,*,#1099,.F.);
#782=ORIENTED_EDGE('',*,*,#878,.F.);
#783=ORIENTED_EDGE('',*,*,#1099,.T.);
#784=ORIENTED_EDGE('',*,*,#1068,.F.);
#785=ORIENTED_EDGE('',*,*,#1100,.F.);
#786=ORIENTED_EDGE('',*,*,#893,.F.);
#787=ORIENTED_EDGE('',*,*,#1058,.F.);
#788=ORIENTED_EDGE('',*,*,#894,.F.);
#789=ORIENTED_EDGE('',*,*,#1100,.T.);
#790=ORIENTED_EDGE('',*,*,#1064,.F.);
#791=ORIENTED_EDGE('',*,*,#1088,.F.);
#792=ORIENTED_EDGE('',*,*,#902,.T.);
#793=ORIENTED_EDGE('',*,*,#955,.T.);
#794=ORIENTED_EDGE('',*,*,#886,.F.);
#795=ORIENTED_EDGE('',*,*,#858,.T.);
#796=ORIENTED_EDGE('',*,*,#900,.T.);
#797=ORIENTED_EDGE('',*,*,#897,.F.);
#798=ORIENTED_EDGE('',*,*,#973,.F.);
#799=ORIENTED_EDGE('',*,*,#830,.F.);
#800=ORIENTED_EDGE('',*,*,#907,.T.);
#801=ORIENTED_EDGE('',*,*,#834,.T.);
#802=ORIENTED_EDGE('',*,*,#910,.T.);
#803=ORIENTED_EDGE('',*,*,#1087,.F.);
#804=ORIENTED_EDGE('',*,*,#890,.F.);
#805=ORIENTED_EDGE('',*,*,#874,.F.);
#806=ORIENTED_EDGE('',*,*,#913,.F.);
#807=ORIENTED_EDGE('',*,*,#915,.F.);
#808=ORIENTED_EDGE('',*,*,#963,.T.);
#809=ORIENTED_EDGE('',*,*,#961,.T.);
#810=ORIENTED_EDGE('',*,*,#957,.T.);
#811=ORIENTED_EDGE('',*,*,#839,.T.);
#812=ORIENTED_EDGE('',*,*,#1086,.F.);
#813=ORIENTED_EDGE('',*,*,#1085,.F.);
#814=ORIENTED_EDGE('',*,*,#1084,.F.);
#815=ORIENTED_EDGE('',*,*,#953,.T.);
#816=ORIENTED_EDGE('',*,*,#908,.T.);
#817=ORIENTED_EDGE('',*,*,#836,.T.);
#818=ORIENTED_EDGE('',*,*,#906,.T.);
#819=ORIENTED_EDGE('',*,*,#832,.F.);
#820=ORIENTED_EDGE('',*,*,#972,.F.);
#821=ORIENTED_EDGE('',*,*,#966,.T.);
#822=ORIENTED_EDGE('',*,*,#970,.T.);
#823=ORIENTED_EDGE('',*,*,#964,.T.);
#824=ORIENTED_EDGE('',*,*,#916,.F.);
#825=ORIENTED_EDGE('',*,*,#911,.F.);
#826=ORIENTED_EDGE('',*,*,#885,.F.);
#827=ORIENTED_EDGE('',*,*,#833,.F.);
#828=ORIENTED_EDGE('',*,*,#838,.T.);
#829=EDGE_CURVE('',#1101,#1102,#1276,.T.);
#830=EDGE_CURVE('',#1101,#1103,#169,.T.);
#831=EDGE_CURVE('',#1103,#1104,#80,.T.);
#832=EDGE_CURVE('',#1104,#1102,#170,.F.);
#833=EDGE_CURVE('',#1105,#1105,#81,.T.);
#834=EDGE_CURVE('',#1106,#1107,#171,.T.);
#835=EDGE_CURVE('',#1106,#1108,#1277,.T.);
#836=EDGE_CURVE('',#1109,#1108,#172,.F.);
#837=EDGE_CURVE('',#1107,#1109,#1278,.T.);
#838=EDGE_CURVE('',#1110,#1110,#82,.T.);
#839=EDGE_CURVE('',#1111,#1112,#173,.T.);
#840=EDGE_CURVE('',#1111,#1113,#83,.T.);
#841=EDGE_CURVE('',#1113,#1114,#1279,.T.);
#842=EDGE_CURVE('',#1114,#1115,#84,.T.);
#843=EDGE_CURVE('',#1115,#1116,#1280,.T.);
#844=EDGE_CURVE('',#1116,#1117,#85,.T.);
#845=EDGE_CURVE('',#1117,#1118,#1281,.T.);
#846=EDGE_CURVE('',#1118,#1119,#86,.T.);
#847=EDGE_CURVE('',#1119,#1120,#1282,.T.);
#848=EDGE_CURVE('',#1120,#1121,#87,.T.);
#849=EDGE_CURVE('',#1121,#1122,#1283,.T.);
#850=EDGE_CURVE('',#1122,#1123,#88,.T.);
#851=EDGE_CURVE('',#1123,#1124,#1284,.T.);
#852=EDGE_CURVE('',#1124,#1125,#89,.T.);
#853=EDGE_CURVE('',#1125,#1126,#1285,.T.);
#854=EDGE_CURVE('',#1126,#1127,#90,.T.);
#855=EDGE_CURVE('',#1127,#1128,#1286,.T.);
#856=EDGE_CURVE('',#1128,#1129,#91,.T.);
#857=EDGE_CURVE('',#1129,#1130,#1287,.T.);
#858=EDGE_CURVE('',#1131,#1130,#174,.T.);
#859=EDGE_CURVE('',#1131,#1132,#1288,.F.);
#860=EDGE_CURVE('',#1132,#1133,#92,.T.);
#861=EDGE_CURVE('',#1133,#1134,#93,.T.);
#862=EDGE_CURVE('',#1134,#1112,#1289,.F.);
#863=EDGE_CURVE('',#1135,#1136,#175,.F.);
#864=EDGE_CURVE('',#1135,#1136,#94,.T.);
#865=EDGE_CURVE('',#1137,#1138,#1290,.T.);
#866=EDGE_CURVE('',#1139,#1138,#176,.F.);
#867=EDGE_CURVE('',#1139,#1140,#1291,.F.);
#868=EDGE_CURVE('',#1140,#1137,#95,.T.);
#869=EDGE_CURVE('',#1141,#1142,#1292,.T.);
#870=EDGE_CURVE('',#1143,#1142,#177,.T.);
#871=EDGE_CURVE('',#1143,#1144,#1293,.F.);
#872=EDGE_CURVE('',#1144,#1141,#96,.T.);
#873=EDGE_CURVE('',#1145,#1146,#1294,.T.);
#874=EDGE_CURVE('',#1145,#1147,#178,.F.);
#875=EDGE_CURVE('',#1147,#1148,#1295,.F.);
#876=EDGE_CURVE('',#1149,#1148,#179,.F.);
#877=EDGE_CURVE('',#1149,#1150,#1296,.F.);
#878=EDGE_CURVE('',#1150,#1151,#97,.T.);
#879=EDGE_CURVE('',#1151,#1152,#1297,.F.);
#880=EDGE_CURVE('',#1152,#1153,#98,.T.);
#881=EDGE_CURVE('',#1153,#1154,#75,.F.);
#882=EDGE_CURVE('',#1154,#1155,#1298,.F.);
#883=EDGE_CURVE('',#1155,#1156,#99,.T.);
#884=EDGE_CURVE('',#1156,#1157,#100,.T.);
#885=EDGE_CURVE('',#1157,#1146,#180,.T.);
#886=EDGE_CURVE('',#1131,#1158,#1299,.F.);
#887=EDGE_CURVE('',#1158,#1155,#101,.T.);
#888=EDGE_CURVE('',#1154,#1159,#102,.T.);
#889=EDGE_CURVE('',#1132,#1159,#103,.T.);
#890=EDGE_CURVE('',#1147,#1112,#1300,.F.);
#891=EDGE_CURVE('',#1134,#1160,#104,.T.);
#892=EDGE_CURVE('',#1160,#1152,#105,.T.);
#893=EDGE_CURVE('',#1151,#1161,#106,.T.);
#894=EDGE_CURVE('',#1161,#1162,#1301,.F.);
#895=EDGE_CURVE('',#1148,#1162,#107,.T.);
#896=EDGE_CURVE('',#1163,#1164,#108,.T.);
#897=EDGE_CURVE('',#1164,#1165,#181,.T.);
#898=EDGE_CURVE('',#1166,#1165,#1302,.T.);
#899=EDGE_CURVE('',#1166,#1163,#182,.T.);
#900=EDGE_CURVE('',#1130,#1165,#183,.T.);
#901=EDGE_CURVE('',#1129,#1166,#1303,.F.);
#902=EDGE_CURVE('',#1167,#1168,#184,.T.);
#903=EDGE_CURVE('',#1167,#1169,#1304,.T.);
#904=EDGE_CURVE('',#1169,#1170,#109,.T.);
#905=EDGE_CURVE('',#1170,#1168,#110,.T.);
#906=EDGE_CURVE('',#1108,#1102,#185,.T.);
#907=EDGE_CURVE('',#1101,#1106,#186,.T.);
#908=EDGE_CURVE('',#1171,#1109,#187,.T.);
#909=EDGE_CURVE('',#1169,#1171,#1305,.T.);
#910=EDGE_CURVE('',#1107,#1167,#188,.T.);
#911=EDGE_CURVE('',#1146,#1172,#76,.F.);
#912=EDGE_CURVE('',#1173,#1172,#1306,.T.);
#913=EDGE_CURVE('',#1173,#1145,#111,.T.);
#914=EDGE_CURVE('',#1174,#1175,#112,.T.);
#915=EDGE_CURVE('',#1174,#1173,#113,.T.);
#916=EDGE_CURVE('',#1172,#1176,#114,.F.);
#917=EDGE_CURVE('',#1177,#1176,#115,.T.);
#918=EDGE_CURVE('',#1178,#1177,#116,.T.);
#919=EDGE_CURVE('',#1179,#1178,#1307,.T.);
#920=EDGE_CURVE('',#1180,#1179,#117,.T.);
#921=EDGE_CURVE('',#1181,#1180,#118,.T.);
#922=EDGE_CURVE('',#1182,#1181,#119,.T.);
#923=EDGE_CURVE('',#1183,#1182,#1308,.T.);
#924=EDGE_CURVE('',#1184,#1183,#120,.T.);
#925=EDGE_CURVE('',#1185,#1184,#121,.T.);
#926=EDGE_CURVE('',#1186,#1185,#122,.T.);
#927=EDGE_CURVE('',#1187,#1186,#1309,.T.);
#928=EDGE_CURVE('',#1188,#1187,#123,.T.);
#929=EDGE_CURVE('',#1189,#1188,#124,.T.);
#930=EDGE_CURVE('',#1190,#1189,#125,.T.);
#931=EDGE_CURVE('',#1191,#1190,#1310,.T.);
#932=EDGE_CURVE('',#1192,#1191,#126,.T.);
#933=EDGE_CURVE('',#1193,#1192,#127,.T.);
#934=EDGE_CURVE('',#1194,#1193,#128,.T.);
#935=EDGE_CURVE('',#1195,#1194,#1311,.T.);
#936=EDGE_CURVE('',#1196,#1195,#129,.T.);
#937=EDGE_CURVE('',#1197,#1196,#130,.T.);
#938=EDGE_CURVE('',#1198,#1197,#131,.T.);
#939=EDGE_CURVE('',#1199,#1198,#1312,.T.);
#940=EDGE_CURVE('',#1200,#1199,#132,.T.);
#941=EDGE_CURVE('',#1201,#1200,#133,.T.);
#942=EDGE_CURVE('',#1202,#1201,#134,.T.);
#943=EDGE_CURVE('',#1203,#1202,#1313,.T.);
#944=EDGE_CURVE('',#1204,#1203,#135,.T.);
#945=EDGE_CURVE('',#1205,#1204,#136,.T.);
#946=EDGE_CURVE('',#1206,#1205,#137,.T.);
#947=EDGE_CURVE('',#1207,#1206,#1314,.T.);
#948=EDGE_CURVE('',#1208,#1207,#138,.T.);
#949=EDGE_CURVE('',#1209,#1208,#139,.T.);
#950=EDGE_CURVE('',#1210,#1209,#140,.T.);
#951=EDGE_CURVE('',#1211,#1210,#1315,.T.);
#952=EDGE_CURVE('',#1175,#1211,#141,.T.);
#953=EDGE_CURVE('',#1157,#1171,#142,.T.);
#954=EDGE_CURVE('',#1169,#1156,#143,.F.);
#955=EDGE_CURVE('',#1168,#1158,#144,.T.);
#956=EDGE_CURVE('',#1170,#1155,#145,.T.);
#957=EDGE_CURVE('',#1212,#1111,#189,.F.);
#958=EDGE_CURVE('',#1212,#1211,#1316,.F.);
#959=EDGE_CURVE('',#1213,#1211,#190,.T.);
#960=EDGE_CURVE('',#1113,#1213,#1317,.F.);
#961=EDGE_CURVE('',#1214,#1212,#1318,.F.);
#962=EDGE_CURVE('',#1214,#1175,#1319,.F.);
#963=EDGE_CURVE('',#1174,#1214,#191,.F.);
#964=EDGE_CURVE('',#1215,#1176,#192,.T.);
#965=EDGE_CURVE('',#1177,#1215,#1320,.T.);
#966=EDGE_CURVE('',#1216,#1217,#193,.T.);
#967=EDGE_CURVE('',#1216,#1218,#146,.T.);
#968=EDGE_CURVE('',#1218,#1219,#194,.T.);
#969=EDGE_CURVE('',#1219,#1217,#1321,.T.);
#970=EDGE_CURVE('',#1217,#1215,#1322,.F.);
#971=EDGE_CURVE('',#1219,#1178,#147,.T.);
#972=EDGE_CURVE('',#1216,#1104,#1323,.F.);
#973=EDGE_CURVE('',#1103,#1164,#1324,.F.);
#974=EDGE_CURVE('',#1220,#1163,#148,.T.);
#975=EDGE_CURVE('',#1218,#1220,#149,.T.);
#976=EDGE_CURVE('',#1220,#1179,#195,.T.);
#977=EDGE_CURVE('',#1221,#1222,#1325,.T.);
#978=EDGE_CURVE('',#1222,#1128,#1326,.F.);
#979=EDGE_CURVE('',#1127,#1221,#1327,.F.);
#980=EDGE_CURVE('',#1222,#1182,#196,.T.);
#981=EDGE_CURVE('',#1221,#1183,#197,.T.);
#982=EDGE_CURVE('',#1223,#1224,#1328,.T.);
#983=EDGE_CURVE('',#1224,#1126,#1329,.F.);
#984=EDGE_CURVE('',#1125,#1223,#1330,.F.);
#985=EDGE_CURVE('',#1224,#1186,#198,.T.);
#986=EDGE_CURVE('',#1223,#1187,#199,.T.);
#987=EDGE_CURVE('',#1225,#1226,#1331,.T.);
#988=EDGE_CURVE('',#1226,#1124,#1332,.F.);
#989=EDGE_CURVE('',#1123,#1225,#1333,.F.);
#990=EDGE_CURVE('',#1226,#1190,#200,.T.);
#991=EDGE_CURVE('',#1225,#1191,#201,.T.);
#992=EDGE_CURVE('',#1227,#1228,#1334,.T.);
#993=EDGE_CURVE('',#1228,#1122,#1335,.F.);
#994=EDGE_CURVE('',#1121,#1227,#1336,.F.);
#995=EDGE_CURVE('',#1228,#1194,#202,.T.);
#996=EDGE_CURVE('',#1227,#1195,#203,.T.);
#997=EDGE_CURVE('',#1229,#1230,#1337,.T.);
#998=EDGE_CURVE('',#1230,#1120,#1338,.F.);
#999=EDGE_CURVE('',#1119,#1229,#1339,.F.);
#1000=EDGE_CURVE('',#1230,#1198,#204,.T.);
#1001=EDGE_CURVE('',#1229,#1199,#205,.T.);
#1002=EDGE_CURVE('',#1231,#1232,#1340,.T.);
#1003=EDGE_CURVE('',#1232,#1118,#1341,.F.);
#1004=EDGE_CURVE('',#1117,#1231,#1342,.F.);
#1005=EDGE_CURVE('',#1232,#1202,#206,.T.);
#1006=EDGE_CURVE('',#1231,#1203,#207,.T.);
#1007=EDGE_CURVE('',#1233,#1234,#1343,.T.);
#1008=EDGE_CURVE('',#1234,#1116,#1344,.F.);
#1009=EDGE_CURVE('',#1115,#1233,#1345,.F.);
#1010=EDGE_CURVE('',#1213,#1235,#1346,.T.);
#1011=EDGE_CURVE('',#1235,#1114,#1347,.F.);
#1012=EDGE_CURVE('',#1234,#1206,#208,.T.);
#1013=EDGE_CURVE('',#1233,#1207,#209,.T.);
#1014=EDGE_CURVE('',#1235,#1210,#210,.T.);
#1015=EDGE_CURVE('',#1210,#1207,#1348,.F.);
#1016=EDGE_CURVE('',#1209,#1208,#1349,.F.);
#1017=EDGE_CURVE('',#1206,#1203,#1350,.F.);
#1018=EDGE_CURVE('',#1205,#1204,#1351,.F.);
#1019=EDGE_CURVE('',#1202,#1199,#1352,.F.);
#1020=EDGE_CURVE('',#1201,#1200,#1353,.F.);
#1021=EDGE_CURVE('',#1198,#1195,#1354,.F.);
#1022=EDGE_CURVE('',#1197,#1196,#1355,.F.);
#1023=EDGE_CURVE('',#1194,#1191,#1356,.F.);
#1024=EDGE_CURVE('',#1193,#1192,#1357,.F.);
#1025=EDGE_CURVE('',#1190,#1187,#1358,.F.);
#1026=EDGE_CURVE('',#1189,#1188,#1359,.F.);
#1027=EDGE_CURVE('',#1186,#1183,#1360,.F.);
#1028=EDGE_CURVE('',#1185,#1184,#1361,.F.);
#1029=EDGE_CURVE('',#1182,#1179,#1362,.F.);
#1030=EDGE_CURVE('',#1181,#1180,#1363,.F.);
#1031=EDGE_CURVE('',#1142,#1236,#150,.T.);
#1032=EDGE_CURVE('',#1237,#1236,#211,.T.);
#1033=EDGE_CURVE('',#1238,#1237,#1364,.T.);
#1034=EDGE_CURVE('',#1238,#1239,#212,.T.);
#1035=EDGE_CURVE('',#1239,#1143,#151,.T.);
#1036=EDGE_CURVE('',#1240,#1240,#1365,.F.);
#1037=EDGE_CURVE('',#1241,#1238,#213,.T.);
#1038=EDGE_CURVE('',#1241,#1239,#1366,.T.);
#1039=EDGE_CURVE('',#1242,#1237,#214,.T.);
#1040=EDGE_CURVE('',#1242,#1241,#152,.T.);
#1041=EDGE_CURVE('',#1236,#1242,#1367,.F.);
#1042=EDGE_CURVE('',#1138,#1243,#153,.T.);
#1043=EDGE_CURVE('',#1244,#1243,#215,.T.);
#1044=EDGE_CURVE('',#1245,#1244,#1368,.T.);
#1045=EDGE_CURVE('',#1245,#1246,#216,.T.);
#1046=EDGE_CURVE('',#1246,#1139,#154,.T.);
#1047=EDGE_CURVE('',#1247,#1247,#1369,.F.);
#1048=EDGE_CURVE('',#1248,#1244,#217,.T.);
#1049=EDGE_CURVE('',#1248,#1249,#155,.T.);
#1050=EDGE_CURVE('',#1249,#1245,#218,.T.);
#1051=EDGE_CURVE('',#1243,#1248,#1370,.F.);
#1052=EDGE_CURVE('',#1249,#1246,#1371,.T.);
#1053=EDGE_CURVE('',#1136,#1250,#156,.T.);
#1054=EDGE_CURVE('',#1251,#1250,#1372,.T.);
#1055=EDGE_CURVE('',#1251,#1135,#157,.T.);
#1056=EDGE_CURVE('',#1252,#1252,#1373,.F.);
#1057=EDGE_CURVE('',#1250,#1251,#158,.T.);
#1058=EDGE_CURVE('',#1162,#1253,#159,.T.);
#1059=EDGE_CURVE('',#1254,#1253,#219,.T.);
#1060=EDGE_CURVE('',#1255,#1254,#1374,.T.);
#1061=EDGE_CURVE('',#1255,#1256,#220,.T.);
#1062=EDGE_CURVE('',#1256,#1149,#160,.T.);
#1063=EDGE_CURVE('',#1257,#1257,#1375,.F.);
#1064=EDGE_CURVE('',#1253,#1258,#1376,.F.);
#1065=EDGE_CURVE('',#1258,#1254,#221,.T.);
#1066=EDGE_CURVE('',#1259,#1255,#222,.T.);
#1067=EDGE_CURVE('',#1259,#1256,#1377,.T.);
#1068=EDGE_CURVE('',#1258,#1260,#161,.T.);
#1069=EDGE_CURVE('',#1260,#1259,#162,.T.);
#1070=EDGE_CURVE('',#1261,#1262,#163,.T.);
#1071=EDGE_CURVE('',#1262,#1263,#77,.T.);
#1072=EDGE_CURVE('',#1264,#1263,#223,.T.);
#1073=EDGE_CURVE('',#1261,#1264,#224,.T.);
#1074=EDGE_CURVE('',#1265,#1265,#1378,.F.);
#1075=EDGE_CURVE('',#1159,#1266,#164,.T.);
#1076=EDGE_CURVE('',#1267,#1266,#225,.T.);
#1077=EDGE_CURVE('',#1264,#1267,#1379,.T.);
#1078=EDGE_CURVE('',#1263,#1133,#165,.T.);
#1079=EDGE_CURVE('',#1268,#1267,#226,.T.);
#1080=EDGE_CURVE('',#1268,#1269,#166,.T.);
#1081=EDGE_CURVE('',#1269,#1261,#167,.T.);
#1082=EDGE_CURVE('',#1266,#1270,#168,.T.);
#1083=EDGE_CURVE('',#1270,#1268,#78,.F.);
#1084=EDGE_CURVE('',#1271,#1271,#1380,.T.);
#1085=EDGE_CURVE('',#1272,#1272,#1381,.T.);
#1086=EDGE_CURVE('',#1273,#1273,#1382,.T.);
#1087=EDGE_CURVE('',#1274,#1274,#1383,.T.);
#1088=EDGE_CURVE('',#1275,#1275,#1384,.T.);
#1089=EDGE_CURVE('',#1144,#1241,#1385,.T.);
#1090=EDGE_CURVE('',#1141,#1242,#1386,.T.);
#1091=EDGE_CURVE('',#1134,#1262,#1387,.T.);
#1092=EDGE_CURVE('',#1160,#1261,#1388,.T.);
#1093=EDGE_CURVE('',#1152,#1269,#1389,.T.);
#1094=EDGE_CURVE('',#1153,#1268,#1390,.T.);
#1095=EDGE_CURVE('',#1154,#1270,#1391,.T.);
#1096=EDGE_CURVE('',#1140,#1249,#1392,.T.);
#1097=EDGE_CURVE('',#1137,#1248,#1393,.T.);
#1098=EDGE_CURVE('',#1150,#1259,#1394,.T.);
#1099=EDGE_CURVE('',#1151,#1260,#1395,.T.);
#1100=EDGE_CURVE('',#1161,#1258,#1396,.T.);
#1101=VERTEX_POINT('',#2531);
#1102=VERTEX_POINT('',#2532);
#1103=VERTEX_POINT('',#2534);
#1104=VERTEX_POINT('',#2552);
#1105=VERTEX_POINT('',#2565);
#1106=VERTEX_POINT('',#2568);
#1107=VERTEX_POINT('',#2569);
#1108=VERTEX_POINT('',#2571);
#1109=VERTEX_POINT('',#2573);
#1110=VERTEX_POINT('',#2586);
#1111=VERTEX_POINT('',#2589);
#1112=VERTEX_POINT('',#2590);
#1113=VERTEX_POINT('',#2597);
#1114=VERTEX_POINT('',#2599);
#1115=VERTEX_POINT('',#2611);
#1116=VERTEX_POINT('',#2613);
#1117=VERTEX_POINT('',#2625);
#1118=VERTEX_POINT('',#2627);
#1119=VERTEX_POINT('',#2639);
#1120=VERTEX_POINT('',#2641);
#1121=VERTEX_POINT('',#2653);
#1122=VERTEX_POINT('',#2655);
#1123=VERTEX_POINT('',#2667);
#1124=VERTEX_POINT('',#2669);
#1125=VERTEX_POINT('',#2681);
#1126=VERTEX_POINT('',#2683);
#1127=VERTEX_POINT('',#2695);
#1128=VERTEX_POINT('',#2697);
#1129=VERTEX_POINT('',#2709);
#1130=VERTEX_POINT('',#2711);
#1131=VERTEX_POINT('',#2713);
#1132=VERTEX_POINT('',#2715);
#1133=VERTEX_POINT('',#2720);
#1134=VERTEX_POINT('',#2725);
#1135=VERTEX_POINT('',#2729);
#1136=VERTEX_POINT('',#2730);
#1137=VERTEX_POINT('',#2752);
#1138=VERTEX_POINT('',#2753);
#1139=VERTEX_POINT('',#2755);
#1140=VERTEX_POINT('',#2757);
#1141=VERTEX_POINT('',#2772);
#1142=VERTEX_POINT('',#2773);
#1143=VERTEX_POINT('',#2775);
#1144=VERTEX_POINT('',#2777);
#1145=VERTEX_POINT('',#2792);
#1146=VERTEX_POINT('',#2793);
#1147=VERTEX_POINT('',#2795);
#1148=VERTEX_POINT('',#2797);
#1149=VERTEX_POINT('',#2799);
#1150=VERTEX_POINT('',#2801);
#1151=VERTEX_POINT('',#2813);
#1152=VERTEX_POINT('',#2815);
#1153=VERTEX_POINT('',#2820);
#1154=VERTEX_POINT('',#2822);
#1155=VERTEX_POINT('',#2824);
#1156=VERTEX_POINT('',#2884);
#1157=VERTEX_POINT('',#2932);
#1158=VERTEX_POINT('',#2936);
#1159=VERTEX_POINT('',#2945);
#1160=VERTEX_POINT('',#2957);
#1161=VERTEX_POINT('',#2978);
#1162=VERTEX_POINT('',#2980);
#1163=VERTEX_POINT('',#2993);
#1164=VERTEX_POINT('',#2994);
#1165=VERTEX_POINT('',#2996);
#1166=VERTEX_POINT('',#2998);
#1167=VERTEX_POINT('',#3005);
#1168=VERTEX_POINT('',#3006);
#1169=VERTEX_POINT('',#3008);
#1170=VERTEX_POINT('',#3097);
#1171=VERTEX_POINT('',#3107);
#1172=VERTEX_POINT('',#3155);
#1173=VERTEX_POINT('',#3157);
#1174=VERTEX_POINT('',#3211);
#1175=VERTEX_POINT('',#3212);
#1176=VERTEX_POINT('',#3223);
#1177=VERTEX_POINT('',#3228);
#1178=VERTEX_POINT('',#3240);
#1179=VERTEX_POINT('',#3242);
#1180=VERTEX_POINT('',#3249);
#1181=VERTEX_POINT('',#3280);
#1182=VERTEX_POINT('',#3287);
#1183=VERTEX_POINT('',#3289);
#1184=VERTEX_POINT('',#3296);
#1185=VERTEX_POINT('',#3327);
#1186=VERTEX_POINT('',#3334);
#1187=VERTEX_POINT('',#3336);
#1188=VERTEX_POINT('',#3343);
#1189=VERTEX_POINT('',#3374);
#1190=VERTEX_POINT('',#3381);
#1191=VERTEX_POINT('',#3383);
#1192=VERTEX_POINT('',#3390);
#1193=VERTEX_POINT('',#3421);
#1194=VERTEX_POINT('',#3428);
#1195=VERTEX_POINT('',#3430);
#1196=VERTEX_POINT('',#3437);
#1197=VERTEX_POINT('',#3468);
#1198=VERTEX_POINT('',#3475);
#1199=VERTEX_POINT('',#3477);
#1200=VERTEX_POINT('',#3484);
#1201=VERTEX_POINT('',#3515);
#1202=VERTEX_POINT('',#3522);
#1203=VERTEX_POINT('',#3524);
#1204=VERTEX_POINT('',#3531);
#1205=VERTEX_POINT('',#3562);
#1206=VERTEX_POINT('',#3569);
#1207=VERTEX_POINT('',#3571);
#1208=VERTEX_POINT('',#3578);
#1209=VERTEX_POINT('',#3609);
#1210=VERTEX_POINT('',#3616);
#1211=VERTEX_POINT('',#3618);
#1212=VERTEX_POINT('',#3764);
#1213=VERTEX_POINT('',#3767);
#1214=VERTEX_POINT('',#3771);
#1215=VERTEX_POINT('',#3777);
#1216=VERTEX_POINT('',#3781);
#1217=VERTEX_POINT('',#3782);
#1218=VERTEX_POINT('',#3804);
#1219=VERTEX_POINT('',#3806);
#1220=VERTEX_POINT('',#3895);
#1221=VERTEX_POINT('',#3904);
#1222=VERTEX_POINT('',#3905);
#1223=VERTEX_POINT('',#3913);
#1224=VERTEX_POINT('',#3914);
#1225=VERTEX_POINT('',#3922);
#1226=VERTEX_POINT('',#3923);
#1227=VERTEX_POINT('',#3931);
#1228=VERTEX_POINT('',#3932);
#1229=VERTEX_POINT('',#3940);
#1230=VERTEX_POINT('',#3941);
#1231=VERTEX_POINT('',#3949);
#1232=VERTEX_POINT('',#3950);
#1233=VERTEX_POINT('',#3958);
#1234=VERTEX_POINT('',#3959);
#1235=VERTEX_POINT('',#3964);
#1236=VERTEX_POINT('',#4125);
#1237=VERTEX_POINT('',#4127);
#1238=VERTEX_POINT('',#4129);
#1239=VERTEX_POINT('',#4131);
#1240=VERTEX_POINT('',#4138);
#1241=VERTEX_POINT('',#4141);
#1242=VERTEX_POINT('',#4145);
#1243=VERTEX_POINT('',#4169);
#1244=VERTEX_POINT('',#4171);
#1245=VERTEX_POINT('',#4173);
#1246=VERTEX_POINT('',#4175);
#1247=VERTEX_POINT('',#4182);
#1248=VERTEX_POINT('',#4185);
#1249=VERTEX_POINT('',#4200);
#1250=VERTEX_POINT('',#4212);
#1251=VERTEX_POINT('',#4214);
#1252=VERTEX_POINT('',#4221);
#1253=VERTEX_POINT('',#4250);
#1254=VERTEX_POINT('',#4252);
#1255=VERTEX_POINT('',#4254);
#1256=VERTEX_POINT('',#4256);
#1257=VERTEX_POINT('',#4263);
#1258=VERTEX_POINT('',#4266);
#1259=VERTEX_POINT('',#4270);
#1260=VERTEX_POINT('',#4279);
#1261=VERTEX_POINT('',#4297);
#1262=VERTEX_POINT('',#4298);
#1263=VERTEX_POINT('',#4300);
#1264=VERTEX_POINT('',#4302);
#1265=VERTEX_POINT('',#4306);
#1266=VERTEX_POINT('',#4312);
#1267=VERTEX_POINT('',#4314);
#1268=VERTEX_POINT('',#4323);
#1269=VERTEX_POINT('',#4328);
#1270=VERTEX_POINT('',#4348);
#1271=VERTEX_POINT('',#4352);
#1272=VERTEX_POINT('',#4355);
#1273=VERTEX_POINT('',#4358);
#1274=VERTEX_POINT('',#4361);
#1275=VERTEX_POINT('',#4364);
#1276=CIRCLE('',#1821,0.0125);
#1277=CIRCLE('',#1823,0.028);
#1278=CIRCLE('',#1824,0.028);
#1279=CIRCLE('',#1826,0.03525);
#1280=CIRCLE('',#1827,0.03525);
#1281=CIRCLE('',#1828,0.03525);
#1282=CIRCLE('',#1829,0.03525);
#1283=CIRCLE('',#1830,0.03525);
#1284=CIRCLE('',#1831,0.03525);
#1285=CIRCLE('',#1832,0.03525);
#1286=CIRCLE('',#1833,0.03525);
#1287=CIRCLE('',#1834,0.03525);
#1288=CIRCLE('',#1835,0.0457730604410669);
#1289=CIRCLE('',#1836,0.0457730604410669);
#1290=CIRCLE('',#1838,0.04875);
#1291=CIRCLE('',#1839,0.04875);
#1292=CIRCLE('',#1840,0.04875);
#1293=CIRCLE('',#1841,0.04875);
#1294=CIRCLE('',#1842,0.04875);
#1295=CIRCLE('',#1843,0.04875);
#1296=CIRCLE('',#1844,0.04875);
#1297=CIRCLE('',#1845,0.04875);
#1298=CIRCLE('',#1847,0.04875);
#1299=CIRCLE('',#1849,0.03);
#1300=CIRCLE('',#1851,0.03);
#1301=CIRCLE('',#1852,0.0486569070210613);
#1302=CIRCLE('',#1854,0.03275);
#1303=CIRCLE('',#1856,0.004);
#1304=CIRCLE('',#1858,0.03);
#1305=CIRCLE('',#1861,0.03);
#1306=CIRCLE('',#1863,0.01);
#1307=CIRCLE('',#1864,0.03275);
#1308=CIRCLE('',#1865,0.03275);
#1309=CIRCLE('',#1866,0.03275);
#1310=CIRCLE('',#1867,0.03275);
#1311=CIRCLE('',#1868,0.03275);
#1312=CIRCLE('',#1869,0.03275);
#1313=CIRCLE('',#1870,0.03275);
#1314=CIRCLE('',#1871,0.03275);
#1315=CIRCLE('',#1872,0.03275);
#1316=CIRCLE('',#1874,0.004);
#1317=CIRCLE('',#1875,0.004);
#1318=CIRCLE('',#1877,0.01);
#1319=CIRCLE('',#1878,0.004);
#1320=CIRCLE('',#1881,0.0085);
#1321=CIRCLE('',#1883,0.0085);
#1322=CIRCLE('',#1885,0.0225);
#1323=CIRCLE('',#1886,0.005);
#1324=CIRCLE('',#1887,0.005);
#1325=CIRCLE('',#1890,0.03275);
#1326=CIRCLE('',#1891,0.004);
#1327=CIRCLE('',#1892,0.004);
#1328=CIRCLE('',#1895,0.03275);
#1329=CIRCLE('',#1896,0.004);
#1330=CIRCLE('',#1897,0.004);
#1331=CIRCLE('',#1900,0.03275);
#1332=CIRCLE('',#1901,0.004);
#1333=CIRCLE('',#1902,0.004);
#1334=CIRCLE('',#1905,0.03275);
#1335=CIRCLE('',#1906,0.004);
#1336=CIRCLE('',#1907,0.004);
#1337=CIRCLE('',#1910,0.03275);
#1338=CIRCLE('',#1911,0.004);
#1339=CIRCLE('',#1912,0.004);
#1340=CIRCLE('',#1915,0.03275);
#1341=CIRCLE('',#1916,0.004);
#1342=CIRCLE('',#1917,0.004);
#1343=CIRCLE('',#1920,0.03275);
#1344=CIRCLE('',#1921,0.004);
#1345=CIRCLE('',#1922,0.004);
#1346=CIRCLE('',#1924,0.03275);
#1347=CIRCLE('',#1925,0.004);
#1348=CIRCLE('',#1929,0.004);
#1349=CIRCLE('',#1931,0.004);
#1350=CIRCLE('',#1934,0.004);
#1351=CIRCLE('',#1936,0.004);
#1352=CIRCLE('',#1939,0.004);
#1353=CIRCLE('',#1941,0.004);
#1354=CIRCLE('',#1944,0.004);
#1355=CIRCLE('',#1946,0.004);
#1356=CIRCLE('',#1949,0.004);
#1357=CIRCLE('',#1951,0.004);
#1358=CIRCLE('',#1954,0.004);
#1359=CIRCLE('',#1956,0.004);
#1360=CIRCLE('',#1959,0.004);
#1361=CIRCLE('',#1961,0.004);
#1362=CIRCLE('',#1964,0.004);
#1363=CIRCLE('',#1966,0.004);
#1364=CIRCLE('',#1969,0.005);
#1365=CIRCLE('',#1970,0.002);
#1366=CIRCLE('',#1972,0.04725);
#1367=CIRCLE('',#1975,0.04725);
#1368=CIRCLE('',#1977,0.005);
#1369=CIRCLE('',#1978,0.002);
#1370=CIRCLE('',#1981,0.04725);
#1371=CIRCLE('',#1983,0.04725);
#1372=CIRCLE('',#1985,0.005);
#1373=CIRCLE('',#1986,0.002);
#1374=CIRCLE('',#1989,0.005);
#1375=CIRCLE('',#1990,0.002);
#1376=CIRCLE('',#1992,0.0471615616700082);
#1377=CIRCLE('',#1994,0.04725);
#1378=CIRCLE('',#1999,0.002);
#1379=CIRCLE('',#2000,0.005);
#1380=CIRCLE('',#2005,0.002);
#1381=CIRCLE('',#2007,0.002);
#1382=CIRCLE('',#2009,0.002);
#1383=CIRCLE('',#2011,0.002);
#1384=CIRCLE('',#2013,0.002);
#1385=CIRCLE('',#2015,0.0015);
#1386=CIRCLE('',#2016,0.0015);
#1387=CIRCLE('',#2018,0.0015);
#1388=CIRCLE('',#2019,0.0015);
#1389=CIRCLE('',#2020,0.0015);
#1390=CIRCLE('',#2021,0.0015);
#1391=CIRCLE('',#2022,0.0015);
#1392=CIRCLE('',#2024,0.0015);
#1393=CIRCLE('',#2025,0.0015);
#1394=CIRCLE('',#2028,0.0015);
#1395=CIRCLE('',#2029,0.0015);
#1396=CIRCLE('',#2030,0.0015);
#1397=EDGE_LOOP('',(#285,#286,#287,#288));
#1398=EDGE_LOOP('',(#289));
#1399=EDGE_LOOP('',(#290,#291,#292,#293));
#1400=EDGE_LOOP('',(#294));
#1401=EDGE_LOOP('',(#295,#296,#297,#298,#299,#300,#301,#302,#303,#304,#305,
#306,#307,#308,#309,#310,#311,#312,#313,#314,#315,#316,#317,#318));
#1402=EDGE_LOOP('',(#319,#320));
#1403=EDGE_LOOP('',(#321,#322,#323,#324));
#1404=EDGE_LOOP('',(#325,#326,#327,#328));
#1405=EDGE_LOOP('',(#329,#330,#331,#332,#333,#334,#335,#336,#337,#338,#339,
#340,#341));
#1406=EDGE_LOOP('',(#342,#343,#344,#345,#346,#347));
#1407=EDGE_LOOP('',(#348,#349,#350,#351,#352,#353,#354,#355,#356));
#1408=EDGE_LOOP('',(#357,#358,#359,#360));
#1409=EDGE_LOOP('',(#361,#362,#363,#364));
#1410=EDGE_LOOP('',(#365,#366,#367,#368));
#1411=EDGE_LOOP('',(#369,#370,#371,#372));
#1412=EDGE_LOOP('',(#373,#374,#375,#376,#377));
#1413=EDGE_LOOP('',(#378,#379,#380,#381));
#1414=EDGE_LOOP('',(#382,#383,#384,#385,#386,#387,#388,#389,#390,#391,#392,
#393,#394,#395,#396,#397,#398,#399,#400,#401,#402,#403,#404,#405,#406,#407,
#408,#409,#410,#411,#412,#413,#414,#415,#416,#417,#418,#419,#420,#421));
#1415=EDGE_LOOP('',(#422,#423,#424,#425));
#1416=EDGE_LOOP('',(#426,#427,#428,#429));
#1417=EDGE_LOOP('',(#430,#431,#432,#433,#434));
#1418=EDGE_LOOP('',(#435,#436,#437,#438));
#1419=EDGE_LOOP('',(#439,#440,#441));
#1420=EDGE_LOOP('',(#442,#443,#444));
#1421=EDGE_LOOP('',(#445,#446,#447,#448));
#1422=EDGE_LOOP('',(#449,#450,#451,#452,#453));
#1423=EDGE_LOOP('',(#454,#455,#456,#457,#458,#459,#460));
#1424=EDGE_LOOP('',(#461,#462,#463,#464,#465));
#1425=EDGE_LOOP('',(#466,#467,#468,#469));
#1426=EDGE_LOOP('',(#470,#471,#472,#473));
#1427=EDGE_LOOP('',(#474,#475,#476,#477));
#1428=EDGE_LOOP('',(#478,#479,#480,#481));
#1429=EDGE_LOOP('',(#482,#483,#484,#485));
#1430=EDGE_LOOP('',(#486,#487,#488,#489));
#1431=EDGE_LOOP('',(#490,#491,#492,#493));
#1432=EDGE_LOOP('',(#494,#495,#496,#497));
#1433=EDGE_LOOP('',(#498,#499,#500,#501));
#1434=EDGE_LOOP('',(#502,#503,#504,#505));
#1435=EDGE_LOOP('',(#506,#507,#508,#509));
#1436=EDGE_LOOP('',(#510,#511,#512,#513));
#1437=EDGE_LOOP('',(#514,#515,#516,#517));
#1438=EDGE_LOOP('',(#518,#519,#520,#521));
#1439=EDGE_LOOP('',(#522,#523,#524,#525));
#1440=EDGE_LOOP('',(#526,#527,#528,#529));
#1441=EDGE_LOOP('',(#530,#531,#532,#533));
#1442=EDGE_LOOP('',(#534,#535,#536,#537,#538,#539));
#1443=EDGE_LOOP('',(#540,#541));
#1444=EDGE_LOOP('',(#542,#543,#544,#545));
#1445=EDGE_LOOP('',(#546,#547,#548,#549,#550,#551));
#1446=EDGE_LOOP('',(#552,#553));
#1447=EDGE_LOOP('',(#554,#555,#556,#557));
#1448=EDGE_LOOP('',(#558,#559,#560,#561,#562,#563));
#1449=EDGE_LOOP('',(#564,#565));
#1450=EDGE_LOOP('',(#566,#567,#568,#569));
#1451=EDGE_LOOP('',(#570,#571,#572,#573,#574,#575));
#1452=EDGE_LOOP('',(#576,#577));
#1453=EDGE_LOOP('',(#578,#579,#580,#581));
#1454=EDGE_LOOP('',(#582,#583,#584,#585,#586,#587));
#1455=EDGE_LOOP('',(#588,#589));
#1456=EDGE_LOOP('',(#590,#591,#592,#593));
#1457=EDGE_LOOP('',(#594,#595,#596,#597,#598,#599));
#1458=EDGE_LOOP('',(#600,#601));
#1459=EDGE_LOOP('',(#602,#603,#604,#605));
#1460=EDGE_LOOP('',(#606,#607,#608,#609,#610,#611));
#1461=EDGE_LOOP('',(#612,#613));
#1462=EDGE_LOOP('',(#614,#615,#616,#617));
#1463=EDGE_LOOP('',(#618,#619,#620,#621,#622,#623,#624,#625));
#1464=EDGE_LOOP('',(#626,#627));
#1465=EDGE_LOOP('',(#628,#629,#630,#631));
#1466=EDGE_LOOP('',(#632,#633,#634,#635,#636,#637));
#1467=EDGE_LOOP('',(#638));
#1468=EDGE_LOOP('',(#639,#640,#641));
#1469=EDGE_LOOP('',(#642,#643,#644,#645));
#1470=EDGE_LOOP('',(#646,#647,#648));
#1471=EDGE_LOOP('',(#649,#650,#651,#652,#653,#654));
#1472=EDGE_LOOP('',(#655));
#1473=EDGE_LOOP('',(#656,#657,#658,#659));
#1474=EDGE_LOOP('',(#660,#661,#662));
#1475=EDGE_LOOP('',(#663,#664,#665));
#1476=EDGE_LOOP('',(#666,#667,#668,#669));
#1477=EDGE_LOOP('',(#670));
#1478=EDGE_LOOP('',(#671,#672));
#1479=EDGE_LOOP('',(#673,#674,#675,#676,#677,#678,#679));
#1480=EDGE_LOOP('',(#680));
#1481=EDGE_LOOP('',(#681,#682,#683));
#1482=EDGE_LOOP('',(#684,#685,#686));
#1483=EDGE_LOOP('',(#687,#688,#689,#690,#691));
#1484=EDGE_LOOP('',(#692,#693,#694,#695));
#1485=EDGE_LOOP('',(#696));
#1486=EDGE_LOOP('',(#697,#698,#699,#700,#701,#702,#703));
#1487=EDGE_LOOP('',(#704,#705,#706,#707,#708));
#1488=EDGE_LOOP('',(#709,#710,#711,#712));
#1489=EDGE_LOOP('',(#713));
#1490=EDGE_LOOP('',(#714));
#1491=EDGE_LOOP('',(#715));
#1492=EDGE_LOOP('',(#716));
#1493=EDGE_LOOP('',(#717));
#1494=EDGE_LOOP('',(#718));
#1495=EDGE_LOOP('',(#719));
#1496=EDGE_LOOP('',(#720));
#1497=EDGE_LOOP('',(#721));
#1498=EDGE_LOOP('',(#722));
#1499=EDGE_LOOP('',(#723,#724,#725,#726));
#1500=EDGE_LOOP('',(#727,#728,#729,#730));
#1501=EDGE_LOOP('',(#731,#732,#733,#734));
#1502=EDGE_LOOP('',(#735,#736,#737,#738));
#1503=EDGE_LOOP('',(#739,#740,#741,#742));
#1504=EDGE_LOOP('',(#743,#744,#745,#746));
#1505=EDGE_LOOP('',(#747,#748,#749,#750));
#1506=EDGE_LOOP('',(#751,#752,#753,#754));
#1507=EDGE_LOOP('',(#755,#756,#757,#758));
#1508=EDGE_LOOP('',(#759,#760,#761,#762));
#1509=EDGE_LOOP('',(#763,#764,#765,#766));
#1510=EDGE_LOOP('',(#767,#768,#769,#770));
#1511=EDGE_LOOP('',(#771,#772,#773,#774));
#1512=EDGE_LOOP('',(#775,#776,#777,#778));
#1513=EDGE_LOOP('',(#779,#780,#781,#782));
#1514=EDGE_LOOP('',(#783,#784,#785,#786));
#1515=EDGE_LOOP('',(#787,#788,#789,#790));
#1516=EDGE_LOOP('',(#791));
#1517=EDGE_LOOP('',(#792,#793,#794,#795,#796,#797,#798,#799,#800,#801,#802));
#1518=EDGE_LOOP('',(#803));
#1519=EDGE_LOOP('',(#804,#805,#806,#807,#808,#809,#810,#811));
#1520=EDGE_LOOP('',(#812));
#1521=EDGE_LOOP('',(#813));
#1522=EDGE_LOOP('',(#814));
#1523=EDGE_LOOP('',(#815,#816,#817,#818,#819,#820,#821,#822,#823,#824,#825,
#826));
#1524=EDGE_LOOP('',(#827));
#1525=EDGE_LOOP('',(#828));
#1526=FACE_BOUND('',#1397,.T.);
#1527=FACE_BOUND('',#1398,.T.);
#1528=FACE_BOUND('',#1399,.T.);
#1529=FACE_BOUND('',#1400,.T.);
#1530=FACE_BOUND('',#1401,.T.);
#1531=FACE_BOUND('',#1402,.T.);
#1532=FACE_BOUND('',#1403,.T.);
#1533=FACE_BOUND('',#1404,.T.);
#1534=FACE_BOUND('',#1405,.T.);
#1535=FACE_BOUND('',#1406,.T.);
#1536=FACE_BOUND('',#1407,.T.);
#1537=FACE_BOUND('',#1408,.T.);
#1538=FACE_BOUND('',#1409,.T.);
#1539=FACE_BOUND('',#1410,.T.);
#1540=FACE_BOUND('',#1411,.T.);
#1541=FACE_BOUND('',#1412,.T.);
#1542=FACE_BOUND('',#1413,.T.);
#1543=FACE_BOUND('',#1414,.T.);
#1544=FACE_BOUND('',#1415,.T.);
#1545=FACE_BOUND('',#1416,.T.);
#1546=FACE_BOUND('',#1417,.T.);
#1547=FACE_BOUND('',#1418,.T.);
#1548=FACE_BOUND('',#1419,.T.);
#1549=FACE_BOUND('',#1420,.T.);
#1550=FACE_BOUND('',#1421,.T.);
#1551=FACE_BOUND('',#1422,.T.);
#1552=FACE_BOUND('',#1423,.T.);
#1553=FACE_BOUND('',#1424,.T.);
#1554=FACE_BOUND('',#1425,.T.);
#1555=FACE_BOUND('',#1426,.T.);
#1556=FACE_BOUND('',#1427,.T.);
#1557=FACE_BOUND('',#1428,.T.);
#1558=FACE_BOUND('',#1429,.T.);
#1559=FACE_BOUND('',#1430,.T.);
#1560=FACE_BOUND('',#1431,.T.);
#1561=FACE_BOUND('',#1432,.T.);
#1562=FACE_BOUND('',#1433,.T.);
#1563=FACE_BOUND('',#1434,.T.);
#1564=FACE_BOUND('',#1435,.T.);
#1565=FACE_BOUND('',#1436,.T.);
#1566=FACE_BOUND('',#1437,.T.);
#1567=FACE_BOUND('',#1438,.T.);
#1568=FACE_BOUND('',#1439,.T.);
#1569=FACE_BOUND('',#1440,.T.);
#1570=FACE_BOUND('',#1441,.T.);
#1571=FACE_BOUND('',#1442,.T.);
#1572=FACE_BOUND('',#1443,.T.);
#1573=FACE_BOUND('',#1444,.T.);
#1574=FACE_BOUND('',#1445,.T.);
#1575=FACE_BOUND('',#1446,.T.);
#1576=FACE_BOUND('',#1447,.T.);
#1577=FACE_BOUND('',#1448,.T.);
#1578=FACE_BOUND('',#1449,.T.);
#1579=FACE_BOUND('',#1450,.T.);
#1580=FACE_BOUND('',#1451,.T.);
#1581=FACE_BOUND('',#1452,.T.);
#1582=FACE_BOUND('',#1453,.T.);
#1583=FACE_BOUND('',#1454,.T.);
#1584=FACE_BOUND('',#1455,.T.);
#1585=FACE_BOUND('',#1456,.T.);
#1586=FACE_BOUND('',#1457,.T.);
#1587=FACE_BOUND('',#1458,.T.);
#1588=FACE_BOUND('',#1459,.T.);
#1589=FACE_BOUND('',#1460,.T.);
#1590=FACE_BOUND('',#1461,.T.);
#1591=FACE_BOUND('',#1462,.T.);
#1592=FACE_BOUND('',#1463,.T.);
#1593=FACE_BOUND('',#1464,.T.);
#1594=FACE_BOUND('',#1465,.T.);
#1595=FACE_BOUND('',#1466,.T.);
#1596=FACE_BOUND('',#1467,.T.);
#1597=FACE_BOUND('',#1468,.T.);
#1598=FACE_BOUND('',#1469,.T.);
#1599=FACE_BOUND('',#1470,.T.);
#1600=FACE_BOUND('',#1471,.T.);
#1601=FACE_BOUND('',#1472,.T.);
#1602=FACE_BOUND('',#1473,.T.);
#1603=FACE_BOUND('',#1474,.T.);
#1604=FACE_BOUND('',#1475,.T.);
#1605=FACE_BOUND('',#1476,.T.);
#1606=FACE_BOUND('',#1477,.T.);
#1607=FACE_BOUND('',#1478,.T.);
#1608=FACE_BOUND('',#1479,.T.);
#1609=FACE_BOUND('',#1480,.T.);
#1610=FACE_BOUND('',#1481,.T.);
#1611=FACE_BOUND('',#1482,.T.);
#1612=FACE_BOUND('',#1483,.T.);
#1613=FACE_BOUND('',#1484,.T.);
#1614=FACE_BOUND('',#1485,.T.);
#1615=FACE_BOUND('',#1486,.T.);
#1616=FACE_BOUND('',#1487,.T.);
#1617=FACE_BOUND('',#1488,.T.);
#1618=FACE_BOUND('',#1489,.T.);
#1619=FACE_BOUND('',#1490,.T.);
#1620=FACE_BOUND('',#1491,.T.);
#1621=FACE_BOUND('',#1492,.T.);
#1622=FACE_BOUND('',#1493,.T.);
#1623=FACE_BOUND('',#1494,.T.);
#1624=FACE_BOUND('',#1495,.T.);
#1625=FACE_BOUND('',#1496,.T.);
#1626=FACE_BOUND('',#1497,.T.);
#1627=FACE_BOUND('',#1498,.T.);
#1628=FACE_BOUND('',#1499,.T.);
#1629=FACE_BOUND('',#1500,.T.);
#1630=FACE_BOUND('',#1501,.T.);
#1631=FACE_BOUND('',#1502,.T.);
#1632=FACE_BOUND('',#1503,.T.);
#1633=FACE_BOUND('',#1504,.T.);
#1634=FACE_BOUND('',#1505,.T.);
#1635=FACE_BOUND('',#1506,.T.);
#1636=FACE_BOUND('',#1507,.T.);
#1637=FACE_BOUND('',#1508,.T.);
#1638=FACE_BOUND('',#1509,.T.);
#1639=FACE_BOUND('',#1510,.T.);
#1640=FACE_BOUND('',#1511,.T.);
#1641=FACE_BOUND('',#1512,.T.);
#1642=FACE_BOUND('',#1513,.T.);
#1643=FACE_BOUND('',#1514,.T.);
#1644=FACE_BOUND('',#1515,.T.);
#1645=FACE_BOUND('',#1516,.T.);
#1646=FACE_BOUND('',#1517,.T.);
#1647=FACE_BOUND('',#1518,.T.);
#1648=FACE_BOUND('',#1519,.T.);
#1649=FACE_BOUND('',#1520,.T.);
#1650=FACE_BOUND('',#1521,.T.);
#1651=FACE_BOUND('',#1522,.T.);
#1652=FACE_BOUND('',#1523,.T.);
#1653=FACE_BOUND('',#1524,.T.);
#1654=FACE_BOUND('',#1525,.T.);
#1655=CYLINDRICAL_SURFACE('',#1820,0.0125);
#1656=CYLINDRICAL_SURFACE('',#1822,0.028);
#1657=CYLINDRICAL_SURFACE('',#1837,0.04875);
#1658=CYLINDRICAL_SURFACE('',#1853,0.03275);
#1659=CYLINDRICAL_SURFACE('',#1857,0.03);
#1660=CYLINDRICAL_SURFACE('',#1873,0.004);
#1661=CYLINDRICAL_SURFACE('',#1879,0.004);
#1662=CYLINDRICAL_SURFACE('',#1882,0.0085);
#1663=CYLINDRICAL_SURFACE('',#1888,0.03275);
#1664=CYLINDRICAL_SURFACE('',#1893,0.03275);
#1665=CYLINDRICAL_SURFACE('',#1898,0.03275);
#1666=CYLINDRICAL_SURFACE('',#1903,0.03275);
#1667=CYLINDRICAL_SURFACE('',#1908,0.03275);
#1668=CYLINDRICAL_SURFACE('',#1913,0.03275);
#1669=CYLINDRICAL_SURFACE('',#1918,0.03275);
#1670=CYLINDRICAL_SURFACE('',#1926,0.03275);
#1671=CYLINDRICAL_SURFACE('',#1927,0.03275);
#1672=CYLINDRICAL_SURFACE('',#1928,0.004);
#1673=CYLINDRICAL_SURFACE('',#1930,0.004);
#1674=CYLINDRICAL_SURFACE('',#1933,0.004);
#1675=CYLINDRICAL_SURFACE('',#1935,0.004);
#1676=CYLINDRICAL_SURFACE('',#1938,0.004);
#1677=CYLINDRICAL_SURFACE('',#1940,0.004);
#1678=CYLINDRICAL_SURFACE('',#1943,0.004);
#1679=CYLINDRICAL_SURFACE('',#1945,0.004);
#1680=CYLINDRICAL_SURFACE('',#1948,0.004);
#1681=CYLINDRICAL_SURFACE('',#1950,0.004);
#1682=CYLINDRICAL_SURFACE('',#1953,0.004);
#1683=CYLINDRICAL_SURFACE('',#1955,0.004);
#1684=CYLINDRICAL_SURFACE('',#1958,0.004);
#1685=CYLINDRICAL_SURFACE('',#1960,0.004);
#1686=CYLINDRICAL_SURFACE('',#1963,0.004);
#1687=CYLINDRICAL_SURFACE('',#1965,0.004);
#1688=CYLINDRICAL_SURFACE('',#1973,0.005);
#1689=CYLINDRICAL_SURFACE('',#1979,0.005);
#1690=CYLINDRICAL_SURFACE('',#1987,0.005);
#1691=CYLINDRICAL_SURFACE('',#1995,0.005);
#1692=CYLINDRICAL_SURFACE('',#2001,0.005);
#1693=CYLINDRICAL_SURFACE('',#2004,0.002);
#1694=CYLINDRICAL_SURFACE('',#2006,0.002);
#1695=CYLINDRICAL_SURFACE('',#2008,0.002);
#1696=CYLINDRICAL_SURFACE('',#2010,0.002);
#1697=CYLINDRICAL_SURFACE('',#2012,0.002);
#1698=CYLINDRICAL_SURFACE('',#2035,0.003);
#1699=ADVANCED_FACE('',(#1526,#1527),#1655,.F.);
#1700=ADVANCED_FACE('',(#1528,#1529),#1656,.T.);
#1701=ADVANCED_FACE('',(#1530),#79,.T.);
#1702=ADVANCED_FACE('',(#1531,#1532,#1533,#1534),#1657,.T.);
#1703=ADVANCED_FACE('',(#1535),#73,.T.);
#1704=ADVANCED_FACE('',(#1536),#74,.T.);
#1705=ADVANCED_FACE('',(#1537),#1658,.F.);
#1706=ADVANCED_FACE('',(#1538),#45,.F.);
#1707=ADVANCED_FACE('',(#1539),#1659,.T.);
#1708=ADVANCED_FACE('',(#1540),#46,.F.);
#1709=ADVANCED_FACE('',(#1541),#47,.F.);
#1710=ADVANCED_FACE('',(#1542),#29,.T.);
#1711=ADVANCED_FACE('',(#1543),#30,.T.);
#1712=ADVANCED_FACE('',(#1544),#31,.T.);
#1713=ADVANCED_FACE('',(#1545),#28,.T.);
#1714=ADVANCED_FACE('',(#1546),#1660,.F.);
#1715=ADVANCED_FACE('',(#1547),#12,.F.);
#1716=ADVANCED_FACE('',(#1548),#1661,.F.);
#1717=ADVANCED_FACE('',(#1549),#48,.F.);
#1718=ADVANCED_FACE('',(#1550),#1662,.F.);
#1719=ADVANCED_FACE('',(#1551),#13,.F.);
#1720=ADVANCED_FACE('',(#1552),#32,.T.);
#1721=ADVANCED_FACE('',(#1553),#1663,.F.);
#1722=ADVANCED_FACE('',(#1554),#49,.F.);
#1723=ADVANCED_FACE('',(#1555),#1664,.F.);
#1724=ADVANCED_FACE('',(#1556),#50,.F.);
#1725=ADVANCED_FACE('',(#1557),#1665,.F.);
#1726=ADVANCED_FACE('',(#1558),#51,.F.);
#1727=ADVANCED_FACE('',(#1559),#1666,.F.);
#1728=ADVANCED_FACE('',(#1560),#52,.F.);
#1729=ADVANCED_FACE('',(#1561),#1667,.F.);
#1730=ADVANCED_FACE('',(#1562),#53,.F.);
#1731=ADVANCED_FACE('',(#1563),#1668,.F.);
#1732=ADVANCED_FACE('',(#1564),#54,.F.);
#1733=ADVANCED_FACE('',(#1565),#1669,.F.);
#1734=ADVANCED_FACE('',(#1566),#55,.F.);
#1735=ADVANCED_FACE('',(#1567),#56,.F.);
#1736=ADVANCED_FACE('',(#1568),#1670,.F.);
#1737=ADVANCED_FACE('',(#1569),#1671,.F.);
#1738=ADVANCED_FACE('',(#1570),#33,.T.);
#1739=ADVANCED_FACE('',(#1571),#1672,.F.);
#1740=ADVANCED_FACE('',(#1572),#1673,.F.);
#1741=ADVANCED_FACE('',(#1573),#14,.F.);
#1742=ADVANCED_FACE('',(#1574),#1674,.F.);
#1743=ADVANCED_FACE('',(#1575),#1675,.F.);
#1744=ADVANCED_FACE('',(#1576),#15,.F.);
#1745=ADVANCED_FACE('',(#1577),#1676,.F.);
#1746=ADVANCED_FACE('',(#1578),#1677,.F.);
#1747=ADVANCED_FACE('',(#1579),#16,.F.);
#1748=ADVANCED_FACE('',(#1580),#1678,.F.);
#1749=ADVANCED_FACE('',(#1581),#1679,.F.);
#1750=ADVANCED_FACE('',(#1582),#17,.F.);
#1751=ADVANCED_FACE('',(#1583),#1680,.F.);
#1752=ADVANCED_FACE('',(#1584),#1681,.F.);
#1753=ADVANCED_FACE('',(#1585),#18,.F.);
#1754=ADVANCED_FACE('',(#1586),#1682,.F.);
#1755=ADVANCED_FACE('',(#1587),#1683,.F.);
#1756=ADVANCED_FACE('',(#1588),#19,.F.);
#1757=ADVANCED_FACE('',(#1589),#1684,.F.);
#1758=ADVANCED_FACE('',(#1590),#1685,.F.);
#1759=ADVANCED_FACE('',(#1591),#20,.F.);
#1760=ADVANCED_FACE('',(#1592),#1686,.F.);
#1761=ADVANCED_FACE('',(#1593),#1687,.F.);
#1762=ADVANCED_FACE('',(#1594),#21,.F.);
#1763=ADVANCED_FACE('',(#1595,#1596),#57,.F.);
#1764=ADVANCED_FACE('',(#1597),#58,.T.);
#1765=ADVANCED_FACE('',(#1598),#1688,.F.);
#1766=ADVANCED_FACE('',(#1599),#59,.F.);
#1767=ADVANCED_FACE('',(#1600,#1601),#60,.F.);
#1768=ADVANCED_FACE('',(#1602),#1689,.F.);
#1769=ADVANCED_FACE('',(#1603),#61,.F.);
#1770=ADVANCED_FACE('',(#1604),#62,.T.);
#1771=ADVANCED_FACE('',(#1605,#1606),#63,.F.);
#1772=ADVANCED_FACE('',(#1607),#1690,.F.);
#1773=ADVANCED_FACE('',(#1608,#1609),#64,.F.);
#1774=ADVANCED_FACE('',(#1610),#65,.F.);
#1775=ADVANCED_FACE('',(#1611),#66,.T.);
#1776=ADVANCED_FACE('',(#1612),#1691,.F.);
#1777=ADVANCED_FACE('',(#1613),#67,.T.);
#1778=ADVANCED_FACE('',(#1614,#1615),#68,.F.);
#1779=ADVANCED_FACE('',(#1616),#1692,.F.);
#1780=ADVANCED_FACE('',(#1617),#69,.F.);
#1781=ADVANCED_FACE('',(#1618,#1619),#1693,.F.);
#1782=ADVANCED_FACE('',(#1620,#1621),#1694,.F.);
#1783=ADVANCED_FACE('',(#1622,#1623),#1695,.F.);
#1784=ADVANCED_FACE('',(#1624,#1625),#1696,.F.);
#1785=ADVANCED_FACE('',(#1626,#1627),#1697,.F.);
#1786=ADVANCED_FACE('',(#1628),#22,.T.);
#1787=ADVANCED_FACE('',(#1629),#34,.T.);
#1788=ADVANCED_FACE('',(#1630),#23,.T.);
#1789=ADVANCED_FACE('',(#1631),#35,.T.);
#1790=ADVANCED_FACE('',(#1632),#36,.T.);
#1791=ADVANCED_FACE('',(#1633),#37,.T.);
#1792=ADVANCED_FACE('',(#1634),#38,.T.);
#1793=ADVANCED_FACE('',(#1635),#39,.T.);
#1794=ADVANCED_FACE('',(#1636),#40,.T.);
#1795=ADVANCED_FACE('',(#1637),#24,.T.);
#1796=ADVANCED_FACE('',(#1638),#41,.T.);
#1797=ADVANCED_FACE('',(#1639),#25,.T.);
#1798=ADVANCED_FACE('',(#1640),#42,.T.);
#1799=ADVANCED_FACE('',(#1641),#26,.T.);
#1800=ADVANCED_FACE('',(#1642),#43,.T.);
#1801=ADVANCED_FACE('',(#1643),#44,.T.);
#1802=ADVANCED_FACE('',(#1644),#27,.T.);
#1803=ADVANCED_FACE('',(#1645,#1646),#70,.T.);
#1804=ADVANCED_FACE('',(#1647,#1648,#1649,#1650),#71,.T.);
#1805=ADVANCED_FACE('',(#1651,#1652),#72,.T.);
#1806=ADVANCED_FACE('',(#1653,#1654),#1698,.F.);
#1807=CLOSED_SHELL('',(#1699,#1700,#1701,#1702,#1703,#1704,#1705,#1706,
#1707,#1708,#1709,#1710,#1711,#1712,#1713,#1714,#1715,#1716,#1717,#1718,
#1719,#1720,#1721,#1722,#1723,#1724,#1725,#1726,#1727,#1728,#1729,#1730,
#1731,#1732,#1733,#1734,#1735,#1736,#1737,#1738,#1739,#1740,#1741,#1742,
#1743,#1744,#1745,#1746,#1747,#1748,#1749,#1750,#1751,#1752,#1753,#1754,
#1755,#1756,#1757,#1758,#1759,#1760,#1761,#1762,#1763,#1764,#1765,#1766,
#1767,#1768,#1769,#1770,#1771,#1772,#1773,#1774,#1775,#1776,#1777,#1778,
#1779,#1780,#1781,#1782,#1783,#1784,#1785,#1786,#1787,#1788,#1789,#1790,
#1791,#1792,#1793,#1794,#1795,#1796,#1797,#1798,#1799,#1800,#1801,#1802,
#1803,#1804,#1805,#1806));
#1808=STYLED_ITEM('',(#1809),#1816);
#1809=PRESENTATION_STYLE_ASSIGNMENT((#1810));
#1810=SURFACE_STYLE_USAGE(.BOTH.,#1811);
#1811=SURFACE_SIDE_STYLE('',(#1812));
#1812=SURFACE_STYLE_FILL_AREA(#1813);
#1813=FILL_AREA_STYLE('',(#1814));
#1814=FILL_AREA_STYLE_COLOUR('',#1815);
#1815=COLOUR_RGB('',0.972549019607843,0.529411764705882,0.00392156862745098);
#1816=MANIFOLD_SOLID_BREP('motor_mount_top',#1807);
#1817=SHAPE_DEFINITION_REPRESENTATION(#4681,#1818);
#1818=SHAPE_REPRESENTATION('motor_mount_top',(#1819),#4676);
#1819=AXIS2_PLACEMENT_3D('',#2528,#2036,#2037);
#1820=AXIS2_PLACEMENT_3D('',#2529,#2038,#2039);
#1821=AXIS2_PLACEMENT_3D('',#2530,#2040,#2041);
#1822=AXIS2_PLACEMENT_3D('',#2566,#2044,#2045);
#1823=AXIS2_PLACEMENT_3D('',#2570,#2047,#2048);
#1824=AXIS2_PLACEMENT_3D('',#2574,#2050,#2051);
#1825=AXIS2_PLACEMENT_3D('',#2587,#2052,#2053);
#1826=AXIS2_PLACEMENT_3D('',#2598,#2055,#2056);
#1827=AXIS2_PLACEMENT_3D('',#2612,#2057,#2058);
#1828=AXIS2_PLACEMENT_3D('',#2626,#2059,#2060);
#1829=AXIS2_PLACEMENT_3D('',#2640,#2061,#2062);
#1830=AXIS2_PLACEMENT_3D('',#2654,#2063,#2064);
#1831=AXIS2_PLACEMENT_3D('',#2668,#2065,#2066);
#1832=AXIS2_PLACEMENT_3D('',#2682,#2067,#2068);
#1833=AXIS2_PLACEMENT_3D('',#2696,#2069,#2070);
#1834=AXIS2_PLACEMENT_3D('',#2710,#2071,#2072);
#1835=AXIS2_PLACEMENT_3D('',#2714,#2074,#2075);
#1836=AXIS2_PLACEMENT_3D('',#2726,#2076,#2077);
#1837=AXIS2_PLACEMENT_3D('',#2727,#2078,#2079);
#1838=AXIS2_PLACEMENT_3D('',#2751,#2081,#2082);
#1839=AXIS2_PLACEMENT_3D('',#2756,#2084,#2085);
#1840=AXIS2_PLACEMENT_3D('',#2771,#2086,#2087);
#1841=AXIS2_PLACEMENT_3D('',#2776,#2089,#2090);
#1842=AXIS2_PLACEMENT_3D('',#2791,#2091,#2092);
#1843=AXIS2_PLACEMENT_3D('',#2796,#2094,#2095);
#1844=AXIS2_PLACEMENT_3D('',#2800,#2097,#2098);
#1845=AXIS2_PLACEMENT_3D('',#2814,#2099,#2100);
#1846=AXIS2_PLACEMENT_3D('',#2821,#2101,#2102);
#1847=AXIS2_PLACEMENT_3D('',#2823,#2103,#2104);
#1848=AXIS2_PLACEMENT_3D('',#2934,#2106,#2107);
#1849=AXIS2_PLACEMENT_3D('',#2935,#2108,#2109);
#1850=AXIS2_PLACEMENT_3D('',#2951,#2110,#2111);
#1851=AXIS2_PLACEMENT_3D('',#2952,#2112,#2113);
#1852=AXIS2_PLACEMENT_3D('',#2979,#2114,#2115);
#1853=AXIS2_PLACEMENT_3D('',#2985,#2116,#2117);
#1854=AXIS2_PLACEMENT_3D('',#2997,#2119,#2120);
#1855=AXIS2_PLACEMENT_3D('',#3000,#2122,#2123);
#1856=AXIS2_PLACEMENT_3D('',#3002,#2125,#2126);
#1857=AXIS2_PLACEMENT_3D('',#3003,#2127,#2128);
#1858=AXIS2_PLACEMENT_3D('',#3007,#2130,#2131);
#1859=AXIS2_PLACEMENT_3D('',#3102,#2132,#2133);
#1860=AXIS2_PLACEMENT_3D('',#3105,#2136,#2137);
#1861=AXIS2_PLACEMENT_3D('',#3108,#2139,#2140);
#1862=AXIS2_PLACEMENT_3D('',#3154,#2142,#2143);
#1863=AXIS2_PLACEMENT_3D('',#3156,#2144,#2145);
#1864=AXIS2_PLACEMENT_3D('',#3241,#2146,#2147);
#1865=AXIS2_PLACEMENT_3D('',#3288,#2148,#2149);
#1866=AXIS2_PLACEMENT_3D('',#3335,#2150,#2151);
#1867=AXIS2_PLACEMENT_3D('',#3382,#2152,#2153);
#1868=AXIS2_PLACEMENT_3D('',#3429,#2154,#2155);
#1869=AXIS2_PLACEMENT_3D('',#3476,#2156,#2157);
#1870=AXIS2_PLACEMENT_3D('',#3523,#2158,#2159);
#1871=AXIS2_PLACEMENT_3D('',#3570,#2160,#2161);
#1872=AXIS2_PLACEMENT_3D('',#3617,#2162,#2163);
#1873=AXIS2_PLACEMENT_3D('',#3762,#2164,#2165);
#1874=AXIS2_PLACEMENT_3D('',#3765,#2167,#2168);
#1875=AXIS2_PLACEMENT_3D('',#3768,#2170,#2171);
#1876=AXIS2_PLACEMENT_3D('',#3769,#2172,#2173);
#1877=AXIS2_PLACEMENT_3D('',#3770,#2174,#2175);
#1878=AXIS2_PLACEMENT_3D('',#3772,#2176,#2177);
#1879=AXIS2_PLACEMENT_3D('',#3773,#2178,#2179);
#1880=AXIS2_PLACEMENT_3D('',#3775,#2181,#2182);
#1881=AXIS2_PLACEMENT_3D('',#3778,#2184,#2185);
#1882=AXIS2_PLACEMENT_3D('',#3779,#2186,#2187);
#1883=AXIS2_PLACEMENT_3D('',#3807,#2190,#2191);
#1884=AXIS2_PLACEMENT_3D('',#3808,#2192,#2193);
#1885=AXIS2_PLACEMENT_3D('',#3809,#2194,#2195);
#1886=AXIS2_PLACEMENT_3D('',#3880,#2196,#2197);
#1887=AXIS2_PLACEMENT_3D('',#3881,#2198,#2199);
#1888=AXIS2_PLACEMENT_3D('',#3900,#2200,#2201);
#1889=AXIS2_PLACEMENT_3D('',#3902,#2203,#2204);
#1890=AXIS2_PLACEMENT_3D('',#3903,#2205,#2206);
#1891=AXIS2_PLACEMENT_3D('',#3906,#2207,#2208);
#1892=AXIS2_PLACEMENT_3D('',#3907,#2209,#2210);
#1893=AXIS2_PLACEMENT_3D('',#3908,#2211,#2212);
#1894=AXIS2_PLACEMENT_3D('',#3911,#2215,#2216);
#1895=AXIS2_PLACEMENT_3D('',#3912,#2217,#2218);
#1896=AXIS2_PLACEMENT_3D('',#3915,#2219,#2220);
#1897=AXIS2_PLACEMENT_3D('',#3916,#2221,#2222);
#1898=AXIS2_PLACEMENT_3D('',#3917,#2223,#2224);
#1899=AXIS2_PLACEMENT_3D('',#3920,#2227,#2228);
#1900=AXIS2_PLACEMENT_3D('',#3921,#2229,#2230);
#1901=AXIS2_PLACEMENT_3D('',#3924,#2231,#2232);
#1902=AXIS2_PLACEMENT_3D('',#3925,#2233,#2234);
#1903=AXIS2_PLACEMENT_3D('',#3926,#2235,#2236);
#1904=AXIS2_PLACEMENT_3D('',#3929,#2239,#2240);
#1905=AXIS2_PLACEMENT_3D('',#3930,#2241,#2242);
#1906=AXIS2_PLACEMENT_3D('',#3933,#2243,#2244);
#1907=AXIS2_PLACEMENT_3D('',#3934,#2245,#2246);
#1908=AXIS2_PLACEMENT_3D('',#3935,#2247,#2248);
#1909=AXIS2_PLACEMENT_3D('',#3938,#2251,#2252);
#1910=AXIS2_PLACEMENT_3D('',#3939,#2253,#2254);
#1911=AXIS2_PLACEMENT_3D('',#3942,#2255,#2256);
#1912=AXIS2_PLACEMENT_3D('',#3943,#2257,#2258);
#1913=AXIS2_PLACEMENT_3D('',#3944,#2259,#2260);
#1914=AXIS2_PLACEMENT_3D('',#3947,#2263,#2264);
#1915=AXIS2_PLACEMENT_3D('',#3948,#2265,#2266);
#1916=AXIS2_PLACEMENT_3D('',#3951,#2267,#2268);
#1917=AXIS2_PLACEMENT_3D('',#3952,#2269,#2270);
#1918=AXIS2_PLACEMENT_3D('',#3953,#2271,#2272);
#1919=AXIS2_PLACEMENT_3D('',#3956,#2275,#2276);
#1920=AXIS2_PLACEMENT_3D('',#3957,#2277,#2278);
#1921=AXIS2_PLACEMENT_3D('',#3960,#2279,#2280);
#1922=AXIS2_PLACEMENT_3D('',#3961,#2281,#2282);
#1923=AXIS2_PLACEMENT_3D('',#3962,#2283,#2284);
#1924=AXIS2_PLACEMENT_3D('',#3963,#2285,#2286);
#1925=AXIS2_PLACEMENT_3D('',#3965,#2287,#2288);
#1926=AXIS2_PLACEMENT_3D('',#3966,#2289,#2290);
#1927=AXIS2_PLACEMENT_3D('',#3969,#2293,#2294);
#1928=AXIS2_PLACEMENT_3D('',#4079,#2296,#2297);
#1929=AXIS2_PLACEMENT_3D('',#4080,#2298,#2299);
#1930=AXIS2_PLACEMENT_3D('',#4081,#2300,#2301);
#1931=AXIS2_PLACEMENT_3D('',#4082,#2302,#2303);
#1932=AXIS2_PLACEMENT_3D('',#4083,#2304,#2305);
#1933=AXIS2_PLACEMENT_3D('',#4084,#2306,#2307);
#1934=AXIS2_PLACEMENT_3D('',#4085,#2308,#2309);
#1935=AXIS2_PLACEMENT_3D('',#4086,#2310,#2311);
#1936=AXIS2_PLACEMENT_3D('',#4087,#2312,#2313);
#1937=AXIS2_PLACEMENT_3D('',#4088,#2314,#2315);
#1938=AXIS2_PLACEMENT_3D('',#4089,#2316,#2317);
#1939=AXIS2_PLACEMENT_3D('',#4090,#2318,#2319);
#1940=AXIS2_PLACEMENT_3D('',#4091,#2320,#2321);
#1941=AXIS2_PLACEMENT_3D('',#4092,#2322,#2323);
#1942=AXIS2_PLACEMENT_3D('',#4093,#2324,#2325);
#1943=AXIS2_PLACEMENT_3D('',#4094,#2326,#2327);
#1944=AXIS2_PLACEMENT_3D('',#4095,#2328,#2329);
#1945=AXIS2_PLACEMENT_3D('',#4096,#2330,#2331);
#1946=AXIS2_PLACEMENT_3D('',#4097,#2332,#2333);
#1947=AXIS2_PLACEMENT_3D('',#4098,#2334,#2335);
#1948=AXIS2_PLACEMENT_3D('',#4099,#2336,#2337);
#1949=AXIS2_PLACEMENT_3D('',#4100,#2338,#2339);
#1950=AXIS2_PLACEMENT_3D('',#4101,#2340,#2341);
#1951=AXIS2_PLACEMENT_3D('',#4102,#2342,#2343);
#1952=AXIS2_PLACEMENT_3D('',#4103,#2344,#2345);
#1953=AXIS2_PLACEMENT_3D('',#4104,#2346,#2347);
#1954=AXIS2_PLACEMENT_3D('',#4105,#2348,#2349);
#1955=AXIS2_PLACEMENT_3D('',#4106,#2350,#2351);
#1956=AXIS2_PLACEMENT_3D('',#4107,#2352,#2353);
#1957=AXIS2_PLACEMENT_3D('',#4108,#2354,#2355);
#1958=AXIS2_PLACEMENT_3D('',#4109,#2356,#2357);
#1959=AXIS2_PLACEMENT_3D('',#4110,#2358,#2359);
#1960=AXIS2_PLACEMENT_3D('',#4111,#2360,#2361);
#1961=AXIS2_PLACEMENT_3D('',#4112,#2362,#2363);
#1962=AXIS2_PLACEMENT_3D('',#4113,#2364,#2365);
#1963=AXIS2_PLACEMENT_3D('',#4114,#2366,#2367);
#1964=AXIS2_PLACEMENT_3D('',#4115,#2368,#2369);
#1965=AXIS2_PLACEMENT_3D('',#4116,#2370,#2371);
#1966=AXIS2_PLACEMENT_3D('',#4117,#2372,#2373);
#1967=AXIS2_PLACEMENT_3D('',#4118,#2374,#2375);
#1968=AXIS2_PLACEMENT_3D('',#4119,#2376,#2377);
#1969=AXIS2_PLACEMENT_3D('',#4128,#2379,#2380);
#1970=AXIS2_PLACEMENT_3D('',#4137,#2382,#2383);
#1971=AXIS2_PLACEMENT_3D('',#4139,#2384,#2385);
#1972=AXIS2_PLACEMENT_3D('',#4142,#2387,#2388);
#1973=AXIS2_PLACEMENT_3D('',#4143,#2389,#2390);
#1974=AXIS2_PLACEMENT_3D('',#4161,#2392,#2393);
#1975=AXIS2_PLACEMENT_3D('',#4162,#2394,#2395);
#1976=AXIS2_PLACEMENT_3D('',#4163,#2396,#2397);
#1977=AXIS2_PLACEMENT_3D('',#4172,#2399,#2400);
#1978=AXIS2_PLACEMENT_3D('',#4181,#2402,#2403);
#1979=AXIS2_PLACEMENT_3D('',#4183,#2404,#2405);
#1980=AXIS2_PLACEMENT_3D('',#4202,#2408,#2409);
#1981=AXIS2_PLACEMENT_3D('',#4203,#2410,#2411);
#1982=AXIS2_PLACEMENT_3D('',#4204,#2412,#2413);
#1983=AXIS2_PLACEMENT_3D('',#4205,#2414,#2415);
#1984=AXIS2_PLACEMENT_3D('',#4206,#2416,#2417);
#1985=AXIS2_PLACEMENT_3D('',#4213,#2418,#2419);
#1986=AXIS2_PLACEMENT_3D('',#4220,#2420,#2421);
#1987=AXIS2_PLACEMENT_3D('',#4222,#2422,#2423);
#1988=AXIS2_PLACEMENT_3D('',#4244,#2424,#2425);
#1989=AXIS2_PLACEMENT_3D('',#4253,#2427,#2428);
#1990=AXIS2_PLACEMENT_3D('',#4262,#2430,#2431);
#1991=AXIS2_PLACEMENT_3D('',#4264,#2432,#2433);
#1992=AXIS2_PLACEMENT_3D('',#4265,#2434,#2435);
#1993=AXIS2_PLACEMENT_3D('',#4268,#2437,#2438);
#1994=AXIS2_PLACEMENT_3D('',#4271,#2440,#2441);
#1995=AXIS2_PLACEMENT_3D('',#4272,#2442,#2443);
#1996=AXIS2_PLACEMENT_3D('',#4292,#2444,#2445);
#1997=AXIS2_PLACEMENT_3D('',#4299,#2446,#2447);
#1998=AXIS2_PLACEMENT_3D('',#4304,#2450,#2451);
#1999=AXIS2_PLACEMENT_3D('',#4305,#2452,#2453);
#2000=AXIS2_PLACEMENT_3D('',#4315,#2455,#2456);
#2001=AXIS2_PLACEMENT_3D('',#4321,#2457,#2458);
#2002=AXIS2_PLACEMENT_3D('',#4343,#2460,#2461);
#2003=AXIS2_PLACEMENT_3D('',#4349,#2462,#2463);
#2004=AXIS2_PLACEMENT_3D('',#4350,#2464,#2465);
#2005=AXIS2_PLACEMENT_3D('',#4351,#2466,#2467);
#2006=AXIS2_PLACEMENT_3D('',#4353,#2468,#2469);
#2007=AXIS2_PLACEMENT_3D('',#4354,#2470,#2471);
#2008=AXIS2_PLACEMENT_3D('',#4356,#2472,#2473);
#2009=AXIS2_PLACEMENT_3D('',#4357,#2474,#2475);
#2010=AXIS2_PLACEMENT_3D('',#4359,#2476,#2477);
#2011=AXIS2_PLACEMENT_3D('',#4360,#2478,#2479);
#2012=AXIS2_PLACEMENT_3D('',#4362,#2480,#2481);
#2013=AXIS2_PLACEMENT_3D('',#4363,#2482,#2483);
#2014=AXIS2_PLACEMENT_3D('',#4365,#2484,#2485);
#2015=AXIS2_PLACEMENT_3D('',#4366,#2486,#2487);
#2016=AXIS2_PLACEMENT_3D('',#4406,#2488,#2489);
#2017=AXIS2_PLACEMENT_3D('',#4407,#2490,#2491);
#2018=AXIS2_PLACEMENT_3D('',#4420,#2492,#2493);
#2019=AXIS2_PLACEMENT_3D('',#4433,#2494,#2495);
#2020=AXIS2_PLACEMENT_3D('',#4476,#2496,#2497);
#2021=AXIS2_PLACEMENT_3D('',#4489,#2498,#2499);
#2022=AXIS2_PLACEMENT_3D('',#4502,#2500,#2501);
#2023=AXIS2_PLACEMENT_3D('',#4515,#2502,#2503);
#2024=AXIS2_PLACEMENT_3D('',#4516,#2504,#2505);
#2025=AXIS2_PLACEMENT_3D('',#4556,#2506,#2507);
#2026=AXIS2_PLACEMENT_3D('',#4557,#2508,#2509);
#2027=AXIS2_PLACEMENT_3D('',#4618,#2510,#2511);
#2028=AXIS2_PLACEMENT_3D('',#4619,#2512,#2513);
#2029=AXIS2_PLACEMENT_3D('',#4650,#2514,#2515);
#2030=AXIS2_PLACEMENT_3D('',#4669,#2516,#2517);
#2031=AXIS2_PLACEMENT_3D('',#4670,#2518,#2519);
#2032=AXIS2_PLACEMENT_3D('',#4671,#2520,#2521);
#2033=AXIS2_PLACEMENT_3D('',#4672,#2522,#2523);
#2034=AXIS2_PLACEMENT_3D('',#4673,#2524,#2525);
#2035=AXIS2_PLACEMENT_3D('',#4674,#2526,#2527);
#2036=DIRECTION('',(0.,0.,1.));
#2037=DIRECTION('',(1.,0.,0.));
#2038=DIRECTION('',(-0.707106781186548,-0.707106781186548,0.));
#2039=DIRECTION('',(0.707106781186548,-0.707106781186548,0.));
#2040=DIRECTION('',(-0.707106781186548,-0.707106781186548,0.));
#2041=DIRECTION('',(0.707106781186548,-0.707106781186548,0.));
#2042=DIRECTION('',(-0.707106781186548,-0.707106781186548,0.));
#2043=DIRECTION('',(-0.707106781186548,-0.707106781186548,0.));
#2044=DIRECTION('',(-0.707106781186548,-0.707106781186548,0.));
#2045=DIRECTION('',(0.707106781186548,-0.707106781186548,0.));
#2046=DIRECTION('',(-0.707106781186548,-0.707106781186548,0.));
#2047=DIRECTION('',(-0.707106781186548,-0.707106781186548,0.));
#2048=DIRECTION('',(0.707106781186548,-0.707106781186548,0.));
#2049=DIRECTION('',(-0.707106781186548,-0.707106781186548,0.));
#2050=DIRECTION('',(-0.707106781186548,-0.707106781186548,0.));
#2051=DIRECTION('',(0.707106781186548,-0.707106781186548,0.));
#2052=DIRECTION('',(1.,0.,0.));
#2053=DIRECTION('',(0.,0.,-1.));
#2054=DIRECTION('',(0.900768681368895,-0.434299185660003,0.));
#2055=DIRECTION('',(1.,0.,0.));
#2056=DIRECTION('',(0.,0.,-1.));
#2057=DIRECTION('',(1.,0.,0.));
#2058=DIRECTION('',(0.,0.,-1.));
#2059=DIRECTION('',(1.,0.,0.));
#2060=DIRECTION('',(0.,0.,-1.));
#2061=DIRECTION('',(1.,0.,0.));
#2062=DIRECTION('',(0.,0.,-1.));
#2063=DIRECTION('',(1.,0.,0.));
#2064=DIRECTION('',(0.,0.,-1.));
#2065=DIRECTION('',(1.,0.,0.));
#2066=DIRECTION('',(0.,0.,-1.));
#2067=DIRECTION('',(1.,0.,0.));
#2068=DIRECTION('',(0.,0.,-1.));
#2069=DIRECTION('',(1.,0.,0.));
#2070=DIRECTION('',(0.,0.,-1.));
#2071=DIRECTION('',(1.,0.,0.));
#2072=DIRECTION('',(0.,0.,-1.));
#2073=DIRECTION('',(-0.900768681368895,-0.434299185660003,0.));
#2074=DIRECTION('',(1.,0.,0.));
#2075=DIRECTION('',(0.,0.,-1.));
#2076=DIRECTION('',(1.,0.,0.));
#2077=DIRECTION('',(0.,0.,-1.));
#2078=DIRECTION('',(1.,0.,0.));
#2079=DIRECTION('',(0.,0.,-1.));
#2080=DIRECTION('',(1.,0.,0.));
#2081=DIRECTION('',(-1.,0.,0.));
#2082=DIRECTION('',(0.,0.,1.));
#2083=DIRECTION('',(1.,0.,0.));
#2084=DIRECTION('',(-1.,0.,0.));
#2085=DIRECTION('',(0.,0.,1.));
#2086=DIRECTION('',(1.,0.,0.));
#2087=DIRECTION('',(0.,0.,-1.));
#2088=DIRECTION('',(1.,0.,0.));
#2089=DIRECTION('',(1.,0.,0.));
#2090=DIRECTION('',(0.,0.,-1.));
#2091=DIRECTION('',(1.,0.,0.));
#2092=DIRECTION('',(0.,0.,-1.));
#2093=DIRECTION('',(1.,0.,0.));
#2094=DIRECTION('',(-1.,0.,0.));
#2095=DIRECTION('',(0.,0.,1.));
#2096=DIRECTION('',(1.,0.,0.));
#2097=DIRECTION('',(-1.,0.,0.));
#2098=DIRECTION('',(0.,0.,1.));
#2099=DIRECTION('',(-1.,0.,0.));
#2100=DIRECTION('',(0.,0.,1.));
#2101=DIRECTION('',(-0.98280274047995,-0.184658531633662,0.));
#2102=DIRECTION('',(0.184658531633662,-0.98280274047995,0.));
#2103=DIRECTION('',(-1.,0.,0.));
#2104=DIRECTION('',(0.,0.,1.));
#2105=DIRECTION('',(1.,0.,0.));
#2106=DIRECTION('',(-1.,0.,0.));
#2107=DIRECTION('',(0.,0.,1.));
#2108=DIRECTION('',(0.,0.,1.));
#2109=DIRECTION('',(1.,0.,0.));
#2110=DIRECTION('',(-1.,0.,0.));
#2111=DIRECTION('',(0.,0.,1.));
#2112=DIRECTION('',(0.,0.,1.));
#2113=DIRECTION('',(1.,0.,0.));
#2114=DIRECTION('',(1.,0.,0.));
#2115=DIRECTION('',(0.,0.,-1.));
#2116=DIRECTION('',(-1.,0.,0.));
#2117=DIRECTION('',(0.,0.,1.));
#2118=DIRECTION('',(-1.,0.,0.));
#2119=DIRECTION('',(1.,0.,0.));
#2120=DIRECTION('',(0.,0.,-1.));
#2121=DIRECTION('',(1.,0.,0.));
#2122=DIRECTION('',(1.,0.,0.));
#2123=DIRECTION('',(0.,0.,-1.));
#2124=DIRECTION('',(0.,-1.,0.));
#2125=DIRECTION('',(-1.,0.,0.));
#2126=DIRECTION('',(0.,-0.438371146789078,-0.898794046299167));
#2127=DIRECTION('',(-0.707106781186548,-0.707106781186548,0.));
#2128=DIRECTION('',(0.707106781186548,-0.707106781186548,0.));
#2129=DIRECTION('',(-0.707106781186548,-0.707106781186548,0.));
#2130=DIRECTION('',(-0.707106781186548,-0.707106781186548,0.));
#2131=DIRECTION('',(0.707106781186548,-0.707106781186548,0.));
#2132=DIRECTION('',(-0.707106781186548,-0.707106781186548,0.));
#2133=DIRECTION('',(0.707106781186548,-0.707106781186548,0.));
#2134=DIRECTION('',(-0.707106781186548,0.707106781186548,0.));
#2135=DIRECTION('',(-0.707106781186548,0.707106781186548,0.));
#2136=DIRECTION('',(-0.707106781186548,-0.707106781186548,0.));
#2137=DIRECTION('',(0.707106781186548,-0.707106781186548,0.));
#2138=DIRECTION('',(-0.707106781186548,0.707106781186548,0.));
#2139=DIRECTION('',(-0.707106781186548,-0.707106781186548,0.));
#2140=DIRECTION('',(0.707106781186548,-0.707106781186548,0.));
#2141=DIRECTION('',(-0.707106781186548,0.707106781186548,0.));
#2142=DIRECTION('',(0.,0.,1.));
#2143=DIRECTION('',(1.,0.,0.));
#2144=DIRECTION('',(1.,0.,0.));
#2145=DIRECTION('',(0.,0.,-1.));
#2146=DIRECTION('',(1.,0.,0.));
#2147=DIRECTION('',(0.,0.,-1.));
#2148=DIRECTION('',(1.,0.,0.));
#2149=DIRECTION('',(0.,0.,-1.));
#2150=DIRECTION('',(1.,0.,0.));
#2151=DIRECTION('',(0.,0.,-1.));
#2152=DIRECTION('',(1.,0.,0.));
#2153=DIRECTION('',(0.,0.,-1.));
#2154=DIRECTION('',(1.,0.,0.));
#2155=DIRECTION('',(0.,0.,-1.));
#2156=DIRECTION('',(1.,0.,0.));
#2157=DIRECTION('',(0.,0.,-1.));
#2158=DIRECTION('',(1.,0.,0.));
#2159=DIRECTION('',(0.,0.,-1.));
#2160=DIRECTION('',(1.,0.,0.));
#2161=DIRECTION('',(0.,0.,-1.));
#2162=DIRECTION('',(1.,0.,0.));
#2163=DIRECTION('',(0.,0.,-1.));
#2164=DIRECTION('',(1.,0.,0.));
#2165=DIRECTION('',(0.,0.,-1.));
#2166=DIRECTION('',(1.,0.,0.));
#2167=DIRECTION('',(-1.,0.,0.));
#2168=DIRECTION('',(0.,0.,1.));
#2169=DIRECTION('',(1.,0.,0.));
#2170=DIRECTION('',(-1.,0.,0.));
#2171=DIRECTION('',(0.,0.,1.));
#2172=DIRECTION('',(0.,0.,1.));
#2173=DIRECTION('',(1.,0.,0.));
#2174=DIRECTION('',(0.,0.,1.));
#2175=DIRECTION('',(1.,0.,0.));
#2176=DIRECTION('',(-0.345556793319366,-0.938397838121357,0.));
#2177=DIRECTION('',(0.,0.,1.));
#2178=DIRECTION('',(0.345556793319366,0.938397838121357,0.));
#2179=DIRECTION('',(-0.938397838121357,0.345556793319366,0.));
#2180=DIRECTION('',(0.345556793319366,0.938397838121357,0.));
#2181=DIRECTION('',(-0.0321094877208484,-0.999484357455536,0.));
#2182=DIRECTION('',(0.999484357455536,-0.0321094877208484,0.));
#2183=DIRECTION('',(-0.999484357455536,0.0321094877208484,0.));
#2184=DIRECTION('',(-0.0321094877208484,-0.999484357455536,0.));
#2185=DIRECTION('',(0.,0.,-1.));
#2186=DIRECTION('',(1.,0.,0.));
#2187=DIRECTION('',(0.,0.,-1.));
#2188=DIRECTION('',(1.,0.,0.));
#2189=DIRECTION('',(1.,0.,0.));
#2190=DIRECTION('',(1.,0.,0.));
#2191=DIRECTION('',(0.,0.,-1.));
#2192=DIRECTION('',(0.,0.,-1.));
#2193=DIRECTION('',(-1.,0.,0.));
#2194=DIRECTION('',(0.,0.,1.));
#2195=DIRECTION('',(1.,0.,0.));
#2196=DIRECTION('',(0.,0.,1.));
#2197=DIRECTION('',(1.,0.,0.));
#2198=DIRECTION('',(0.,0.,1.));
#2199=DIRECTION('',(1.,0.,0.));
#2200=DIRECTION('',(-1.,0.,0.));
#2201=DIRECTION('',(0.,0.,1.));
#2202=DIRECTION('',(1.,0.,0.));
#2203=DIRECTION('',(1.,0.,0.));
#2204=DIRECTION('',(0.,0.,-1.));
#2205=DIRECTION('',(1.,0.,0.));
#2206=DIRECTION('',(0.,0.,-1.));
#2207=DIRECTION('',(-1.,0.,0.));
#2208=DIRECTION('',(0.,-0.438371146789078,-0.898794046299167));
#2209=DIRECTION('',(-1.,0.,0.));
#2210=DIRECTION('',(0.,-0.710185375623285,-0.704014724455969));
#2211=DIRECTION('',(-1.,0.,0.));
#2212=DIRECTION('',(0.,0.,1.));
#2213=DIRECTION('',(1.,0.,0.));
#2214=DIRECTION('',(1.,0.,0.));
#2215=DIRECTION('',(1.,0.,0.));
#2216=DIRECTION('',(0.,0.,-1.));
#2217=DIRECTION('',(1.,0.,0.));
#2218=DIRECTION('',(0.,0.,-1.));
#2219=DIRECTION('',(-1.,0.,0.));
#2220=DIRECTION('',(0.,-0.710185375623285,-0.704014724455969));
#2221=DIRECTION('',(-1.,0.,0.));
#2222=DIRECTION('',(0.,-0.902585284349861,-0.430511096808295));
#2223=DIRECTION('',(-1.,0.,0.));
#2224=DIRECTION('',(0.,0.,1.));
#2225=DIRECTION('',(1.,0.,0.));
#2226=DIRECTION('',(1.,0.,0.));
#2227=DIRECTION('',(1.,0.,0.));
#2228=DIRECTION('',(0.,0.,-1.));
#2229=DIRECTION('',(1.,0.,0.));
#2230=DIRECTION('',(0.,0.,-1.));
#2231=DIRECTION('',(-1.,0.,0.));
#2232=DIRECTION('',(0.,-0.902585284349861,-0.430511096808295));
#2233=DIRECTION('',(-1.,0.,0.));
#2234=DIRECTION('',(0.,-0.99405633822232,-0.108866874851965));
#2235=DIRECTION('',(-1.,0.,0.));
#2236=DIRECTION('',(0.,0.,1.));
#2237=DIRECTION('',(1.,0.,0.));
#2238=DIRECTION('',(1.,0.,0.));
#2239=DIRECTION('',(1.,0.,0.));
#2240=DIRECTION('',(0.,0.,-1.));
#2241=DIRECTION('',(1.,0.,0.));
#2242=DIRECTION('',(0.,0.,-1.));
#2243=DIRECTION('',(-1.,0.,0.));
#2244=DIRECTION('',(0.,-0.99405633822232,-0.108866874851965));
#2245=DIRECTION('',(-1.,0.,0.));
#2246=DIRECTION('',(0.,-0.974370064785235,0.224951054343865));
#2247=DIRECTION('',(-1.,0.,0.));
#2248=DIRECTION('',(0.,0.,1.));
#2249=DIRECTION('',(1.,0.,0.));
#2250=DIRECTION('',(1.,0.,0.));
#2251=DIRECTION('',(1.,0.,0.));
#2252=DIRECTION('',(0.,0.,-1.));
#2253=DIRECTION('',(1.,0.,0.));
#2254=DIRECTION('',(0.,0.,-1.));
#2255=DIRECTION('',(-1.,0.,0.));
#2256=DIRECTION('',(0.,-0.974370064785235,0.224951054343865));
#2257=DIRECTION('',(-1.,0.,0.));
#2258=DIRECTION('',(0.,-0.845727821703973,0.533614515915612));
#2259=DIRECTION('',(-1.,0.,0.));
#2260=DIRECTION('',(0.,0.,1.));
#2261=DIRECTION('',(1.,0.,0.));
#2262=DIRECTION('',(1.,0.,0.));
#2263=DIRECTION('',(1.,0.,0.));
#2264=DIRECTION('',(0.,0.,-1.));
#2265=DIRECTION('',(1.,0.,0.));
#2266=DIRECTION('',(0.,0.,-1.));
#2267=DIRECTION('',(-1.,0.,0.));
#2268=DIRECTION('',(0.,-0.845727821703973,0.533614515915612));
#2269=DIRECTION('',(-1.,0.,0.));
#2270=DIRECTION('',(0.,-0.62251463663762,0.782608156852414));
#2271=DIRECTION('',(-1.,0.,0.));
#2272=DIRECTION('',(0.,0.,1.));
#2273=DIRECTION('',(1.,0.,0.));
#2274=DIRECTION('',(1.,0.,0.));
#2275=DIRECTION('',(1.,0.,0.));
#2276=DIRECTION('',(0.,0.,-1.));
#2277=DIRECTION('',(1.,0.,0.));
#2278=DIRECTION('',(0.,0.,-1.));
#2279=DIRECTION('',(-1.,0.,0.));
#2280=DIRECTION('',(0.,-0.62251463663762,0.782608156852414));
#2281=DIRECTION('',(-1.,0.,0.));
#2282=DIRECTION('',(0.,-0.329690645262788,0.944089020392784));
#2283=DIRECTION('',(1.,0.,0.));
#2284=DIRECTION('',(0.,0.,-1.));
#2285=DIRECTION('',(1.,0.,0.));
#2286=DIRECTION('',(0.,0.,-1.));
#2287=DIRECTION('',(-1.,0.,0.));
#2288=DIRECTION('',(0.,-0.329690645262788,0.944089020392784));
#2289=DIRECTION('',(-1.,0.,0.));
#2290=DIRECTION('',(0.,0.,1.));
#2291=DIRECTION('',(1.,0.,0.));
#2292=DIRECTION('',(1.,0.,0.));
#2293=DIRECTION('',(-1.,0.,0.));
#2294=DIRECTION('',(0.,0.,1.));
#2295=DIRECTION('',(1.,0.,0.));
#2296=DIRECTION('',(1.,0.,0.));
#2297=DIRECTION('',(0.,0.329690645262788,-0.944089020392784));
#2298=DIRECTION('',(-1.,0.,0.));
#2299=DIRECTION('',(0.,-0.329690645262788,0.944089020392784));
#2300=DIRECTION('',(0.345556793319366,0.885931095730699,0.309380988763435));
#2301=DIRECTION('',(-0.938397838121357,0.326236374494953,0.113926842164402));
#2302=DIRECTION('',(-0.345556793319366,-0.885931095730699,-0.309380988763435));
#2303=DIRECTION('',(0.,-0.329690645262788,0.944089020392784));
#2304=DIRECTION('',(0.,-0.329690645262788,0.944089020392784));
#2305=DIRECTION('',(1.,0.,0.));
#2306=DIRECTION('',(1.,0.,0.));
#2307=DIRECTION('',(0.,0.62251463663762,-0.782608156852414));
#2308=DIRECTION('',(-1.,0.,0.));
#2309=DIRECTION('',(0.,-0.62251463663762,0.782608156852414));
#2310=DIRECTION('',(0.345556793319366,0.734397802486445,0.584166389219644));
#2311=DIRECTION('',(-0.938397838121357,0.2704355651075,0.215114161630866));
#2312=DIRECTION('',(-0.345556793319366,-0.734397802486445,-0.584166389219644));
#2313=DIRECTION('',(0.,-0.62251463663762,0.782608156852414));
#2314=DIRECTION('',(0.,-0.62251463663762,0.782608156852414));
#2315=DIRECTION('',(1.,0.,0.));
#2316=DIRECTION('',(1.,0.,0.));
#2317=DIRECTION('',(0.,0.845727821703973,-0.533614515915612));
#2318=DIRECTION('',(-1.,0.,0.));
#2319=DIRECTION('',(0.,-0.845727821703973,0.533614515915612));
#2320=DIRECTION('',(0.345556793319366,0.500742708125384,0.793629159526093));
#2321=DIRECTION('',(-0.938397838121357,0.184394120988465,0.292246994088998));
#2322=DIRECTION('',(-0.345556793319366,-0.500742708125384,-0.793629159526093));
#2323=DIRECTION('',(0.,-0.845727821703973,0.533614515915612));
#2324=DIRECTION('',(0.,-0.845727821703973,0.533614515915612));
#2325=DIRECTION('',(1.,0.,0.));
#2326=DIRECTION('',(1.,0.,0.));
#2327=DIRECTION('',(0.,0.974370064785235,-0.224951054343865));
#2328=DIRECTION('',(-1.,0.,0.));
#2329=DIRECTION('',(0.,-0.974370064785235,0.224951054343865));
#2330=DIRECTION('',(0.345556793319366,0.211093583079403,0.914346762324632));
#2331=DIRECTION('',(-0.938397838121357,0.0777333649928765,0.336700195093569));
#2332=DIRECTION('',(-0.345556793319366,-0.211093583079403,-0.914346762324632));
#2333=DIRECTION('',(0.,-0.974370064785235,0.224951054343865));
#2334=DIRECTION('',(0.,-0.974370064785235,0.224951054343865));
#2335=DIRECTION('',(1.,0.,0.));
#2336=DIRECTION('',(1.,0.,0.));
#2337=DIRECTION('',(0.,0.99405633822232,0.108866874851965));
#2338=DIRECTION('',(-1.,0.,0.));
#2339=DIRECTION('',(0.,-0.99405633822232,-0.108866874851965));
#2340=DIRECTION('',(0.345556793319366,-0.102160440004112,0.932820318758657));
#2341=DIRECTION('',(-0.938397838121357,-0.0376196881725456,0.343502920614897));
#2342=DIRECTION('',(-0.345556793319366,0.102160440004112,-0.932820318758657));
#2343=DIRECTION('',(0.,-0.99405633822232,-0.108866874851965));
#2344=DIRECTION('',(0.,-0.99405633822232,-0.108866874851965));
#2345=DIRECTION('',(1.,0.,0.));
#2346=DIRECTION('',(1.,0.,0.));
#2347=DIRECTION('',(0.,0.902585284349861,0.430511096808295));
#2348=DIRECTION('',(-1.,0.,0.));
#2349=DIRECTION('',(0.,-0.902585284349861,-0.430511096808295));
#2350=DIRECTION('',(0.345556793319366,-0.403990682532158,0.84698407955406));
#2351=DIRECTION('',(-0.938397838121357,-0.148766034101478,0.311894476557186));
#2352=DIRECTION('',(-0.345556793319366,0.403990682532158,-0.84698407955406));
#2353=DIRECTION('',(0.,-0.902585284349861,-0.430511096808295));
#2354=DIRECTION('',(0.,-0.902585284349861,-0.430511096808295));
#2355=DIRECTION('',(1.,0.,0.));
#2356=DIRECTION('',(1.,0.,0.));
#2357=DIRECTION('',(0.,0.710185375623285,0.704014724455969));
#2358=DIRECTION('',(-1.,0.,0.));
#2359=DIRECTION('',(0.,-0.710185375623285,-0.704014724455969));
#2360=DIRECTION('',(0.345556793319366,-0.660645895435084,0.666436421150295));
#2361=DIRECTION('',(-0.938397838121357,-0.243277070632622,0.245409381062692));
#2362=DIRECTION('',(-0.345556793319366,0.660645895435084,-0.666436421150295));
#2363=DIRECTION('',(0.,-0.710185375623285,-0.704014724455969));
#2364=DIRECTION('',(0.,-0.710185375623285,-0.704014724455969));
#2365=DIRECTION('',(1.,0.,0.));
#2366=DIRECTION('',(1.,0.,0.));
#2367=DIRECTION('',(0.,0.438371146789078,0.898794046299167));
#2368=DIRECTION('',(-1.,0.,0.));
#2369=DIRECTION('',(0.,-0.438371146789078,-0.898794046299167));
#2370=DIRECTION('',(0.345556793319366,-0.843426389963485,0.41136653644165));
#2371=DIRECTION('',(-0.938397838121357,-0.310584388493678,0.151482127768167));
#2372=DIRECTION('',(-0.345556793319366,0.843426389963485,-0.41136653644165));
#2373=DIRECTION('',(0.,-0.438371146789078,-0.898794046299167));
#2374=DIRECTION('',(0.,-0.438371146789078,-0.898794046299167));
#2375=DIRECTION('',(1.,0.,0.));
#2376=DIRECTION('',(0.,0.,1.));
#2377=DIRECTION('',(1.,0.,0.));
#2378=DIRECTION('',(0.,1.,0.));
#2379=DIRECTION('',(0.,0.,1.));
#2380=DIRECTION('',(1.,0.,0.));
#2381=DIRECTION('',(0.,1.,0.));
#2382=DIRECTION('',(0.,0.,1.));
#2383=DIRECTION('',(1.,0.,0.));
#2384=DIRECTION('',(1.,0.,0.));
#2385=DIRECTION('',(0.,0.,-1.));
#2386=DIRECTION('',(0.,0.,1.));
#2387=DIRECTION('',(1.,0.,0.));
#2388=DIRECTION('',(0.,0.,-1.));
#2389=DIRECTION('',(0.,0.,1.));
#2390=DIRECTION('',(1.,0.,0.));
#2391=DIRECTION('',(0.,0.,1.));
#2392=DIRECTION('',(1.,0.,0.));
#2393=DIRECTION('',(0.,0.,-1.));
#2394=DIRECTION('',(1.,0.,0.));
#2395=DIRECTION('',(0.,0.,-1.));
#2396=DIRECTION('',(0.,0.,1.));
#2397=DIRECTION('',(1.,0.,0.));
#2398=DIRECTION('',(0.,-1.,0.));
#2399=DIRECTION('',(0.,0.,1.));
#2400=DIRECTION('',(1.,0.,0.));
#2401=DIRECTION('',(0.,-1.,0.));
#2402=DIRECTION('',(0.,0.,1.));
#2403=DIRECTION('',(1.,0.,0.));
#2404=DIRECTION('',(0.,0.,1.));
#2405=DIRECTION('',(1.,0.,0.));
#2406=DIRECTION('',(0.,0.,1.));
#2407=DIRECTION('',(0.,0.,1.));
#2408=DIRECTION('',(-1.,0.,0.));
#2409=DIRECTION('',(0.,0.,1.));
#2410=DIRECTION('',(-1.,0.,0.));
#2411=DIRECTION('',(0.,0.,1.));
#2412=DIRECTION('',(-1.,0.,0.));
#2413=DIRECTION('',(0.,0.,1.));
#2414=DIRECTION('',(-1.,0.,0.));
#2415=DIRECTION('',(0.,0.,1.));
#2416=DIRECTION('',(0.,0.,1.));
#2417=DIRECTION('',(1.,0.,0.));
#2418=DIRECTION('',(0.,0.,1.));
#2419=DIRECTION('',(1.,0.,0.));
#2420=DIRECTION('',(0.,0.,1.));
#2421=DIRECTION('',(1.,0.,0.));
#2422=DIRECTION('',(0.,0.,1.));
#2423=DIRECTION('',(1.,0.,0.));
#2424=DIRECTION('',(0.,0.,1.));
#2425=DIRECTION('',(1.,0.,0.));
#2426=DIRECTION('',(0.,-1.,0.));
#2427=DIRECTION('',(0.,0.,1.));
#2428=DIRECTION('',(1.,0.,0.));
#2429=DIRECTION('',(0.,-1.,0.));
#2430=DIRECTION('',(0.,0.,1.));
#2431=DIRECTION('',(1.,0.,0.));
#2432=DIRECTION('',(-1.,0.,0.));
#2433=DIRECTION('',(0.,0.,1.));
#2434=DIRECTION('',(-1.,0.,0.));
#2435=DIRECTION('',(0.,0.,1.));
#2436=DIRECTION('',(0.,0.,1.));
#2437=DIRECTION('',(-1.,0.,0.));
#2438=DIRECTION('',(0.,0.,1.));
#2439=DIRECTION('',(0.,0.,1.));
#2440=DIRECTION('',(-1.,0.,0.));
#2441=DIRECTION('',(0.,0.,1.));
#2442=DIRECTION('',(0.,0.,1.));
#2443=DIRECTION('',(1.,0.,0.));
#2444=DIRECTION('',(0.900768681368895,0.434299185660003,0.));
#2445=DIRECTION('',(-0.434299185660003,0.900768681368895,0.));
#2446=DIRECTION('',(0.900768681368895,0.434299185660003,0.));
#2447=DIRECTION('',(0.434299185660003,-0.900768681368895,0.));
#2448=DIRECTION('',(-0.434299185660003,0.900768681368895,0.));
#2449=DIRECTION('',(0.,0.,1.));
#2450=DIRECTION('',(0.,0.,1.));
#2451=DIRECTION('',(1.,0.,0.));
#2452=DIRECTION('',(0.,0.,1.));
#2453=DIRECTION('',(1.,0.,0.));
#2454=DIRECTION('',(-0.190311539766484,0.981723748226409,0.));
#2455=DIRECTION('',(0.,0.,1.));
#2456=DIRECTION('',(1.,0.,0.));
#2457=DIRECTION('',(0.,0.,1.));
#2458=DIRECTION('',(1.,0.,0.));
#2459=DIRECTION('',(0.,0.,1.));
#2460=DIRECTION('',(0.981723748226409,0.190311539766484,0.));
#2461=DIRECTION('',(-0.190311539766484,0.981723748226409,0.));
#2462=DIRECTION('',(0.981723748226409,0.190311539766484,0.));
#2463=DIRECTION('',(0.190311539766484,-0.981723748226409,0.));
#2464=DIRECTION('',(0.,0.,1.));
#2465=DIRECTION('',(1.,0.,0.));
#2466=DIRECTION('',(0.,0.,1.));
#2467=DIRECTION('',(1.,0.,0.));
#2468=DIRECTION('',(0.,0.,1.));
#2469=DIRECTION('',(1.,0.,0.));
#2470=DIRECTION('',(0.,0.,1.));
#2471=DIRECTION('',(1.,0.,0.));
#2472=DIRECTION('',(0.,0.,1.));
#2473=DIRECTION('',(1.,0.,0.));
#2474=DIRECTION('',(0.,0.,1.));
#2475=DIRECTION('',(1.,0.,0.));
#2476=DIRECTION('',(0.,0.,1.));
#2477=DIRECTION('',(1.,0.,0.));
#2478=DIRECTION('',(0.,0.,1.));
#2479=DIRECTION('',(1.,0.,0.));
#2480=DIRECTION('',(0.,0.,1.));
#2481=DIRECTION('',(1.,0.,0.));
#2482=DIRECTION('',(0.,0.,1.));
#2483=DIRECTION('',(1.,0.,0.));
#2484=DIRECTION('',(1.,0.,0.));
#2485=DIRECTION('',(0.,0.,-1.));
#2486=DIRECTION('',(0.,-0.519703911990768,-0.854346442528727));
#2487=DIRECTION('',(0.,0.854346442528727,-0.519703911990768));
#2488=DIRECTION('',(-1.71216172214865E-15,0.519703911990765,0.854346442528729));
#2489=DIRECTION('',(0.,-0.854346442528729,0.519703911990765));
#2490=DIRECTION('',(1.,0.,0.));
#2491=DIRECTION('',(0.,0.,-1.));
#2492=DIRECTION('',(0.204903898918614,-0.424985864423794,-0.881703695834327));
#2493=DIRECTION('',(0.,0.900817147237243,-0.434198649518115));
#2494=DIRECTION('',(0.213212043998491,-0.442217572737612,-0.871197017129903));
#2495=DIRECTION('',(0.,0.891700831567598,-0.452625261095374));
#2496=DIRECTION('',(0.14201624847288,0.568940434703762,0.810023559489959));
#2497=DIRECTION('',(0.,-0.818317761013989,0.574766075903104));
#2498=DIRECTION('',(-0.0924586695136016,0.476948858184299,0.874054449738956));
#2499=DIRECTION('',(0.,-0.877814548052712,0.479000646374317));
#2500=DIRECTION('',(-0.0895372141104186,0.461878504845747,0.882412224558796));
#2501=DIRECTION('',(0.,-0.885970746067504,0.463741131572983));
#2502=DIRECTION('',(-1.,0.,0.));
#2503=DIRECTION('',(0.,0.,1.));
#2504=DIRECTION('',(-1.89630970753171E-15,0.572562479002248,-0.819861090453011));
#2505=DIRECTION('',(0.,0.819861090453011,0.572562479002248));
#2506=DIRECTION('',(1.50464764514286E-15,-0.572562479002248,0.819861090453011));
#2507=DIRECTION('',(0.,-0.819861090453011,-0.572562479002248));
#2508=DIRECTION('',(-1.,0.,0.));
#2509=DIRECTION('',(0.,0.,1.));
#2510=DIRECTION('',(-1.,0.,0.));
#2511=DIRECTION('',(0.,0.,1.));
#2512=DIRECTION('',(0.,0.42591770999996,-0.904761904761905));
#2513=DIRECTION('',(0.,0.904761904761905,0.42591770999996));
#2514=DIRECTION('',(-0.568610808873227,-0.492690681061271,0.65873943318122));
#2515=DIRECTION('',(0.756993814739009,0.,0.653422041598601));
#2516=DIRECTION('',(0.,-0.42229483558111,0.906458532885825));
#2517=DIRECTION('',(0.,-0.906458532885825,-0.422294835581111));
#2518=DIRECTION('',(-1.,0.,0.));
#2519=DIRECTION('',(0.,0.,1.));
#2520=DIRECTION('',(0.,0.,1.));
#2521=DIRECTION('',(1.,0.,0.));
#2522=DIRECTION('',(0.,0.,1.));
#2523=DIRECTION('',(1.,0.,0.));
#2524=DIRECTION('',(0.,0.,1.));
#2525=DIRECTION('',(1.,0.,0.));
#2526=DIRECTION('',(0.,0.,-1.));
#2527=DIRECTION('',(-1.,0.,0.));
#2528=CARTESIAN_POINT('',(0.,0.,0.));
#2529=CARTESIAN_POINT('',(0.0901040764008565,0.0601040764008566,0.));
#2530=CARTESIAN_POINT('',(0.150208152801713,0.120208152801713,0.));
#2531=CARTESIAN_POINT('',(0.141369318036881,0.129046987566545,0.));
#2532=CARTESIAN_POINT('',(0.159046987566545,0.111369318036881,0.));
#2533=CARTESIAN_POINT('',(0.0812652416360247,0.0689429111656884,0.));
#2534=CARTESIAN_POINT('',(0.0465367965644036,0.0342144660940673,2.91983186275113E-19));
#2535=CARTESIAN_POINT('',(0.0465367965644036,0.0342144660940673,2.91983186275113E-19));
#2536=CARTESIAN_POINT('',(0.0465367965644036,0.0342144660940673,-0.00116638025492245));
#2537=CARTESIAN_POINT('',(0.0467851730775304,0.0341240687572168,-0.00287202754755012));
#2538=CARTESIAN_POINT('',(0.0476226276612626,0.033859716378221,-0.0050387768508384));
#2539=CARTESIAN_POINT('',(0.0487570730133471,0.0335414784308521,-0.00700688728862342));
#2540=CARTESIAN_POINT('',(0.0507430847601712,0.0331030044038838,-0.00911627334840354));
#2541=CARTESIAN_POINT('',(0.0537474319212642,0.0327647242798267,-0.0108685231580286));
#2542=CARTESIAN_POINT('',(0.0570717869175879,0.0327325439618757,-0.0119243166369737));
#2543=CARTESIAN_POINT('',(0.0616122661096419,0.0330805595711647,-0.0126039454275091));
#2544=CARTESIAN_POINT('',(0.0673171007751476,0.0341110668599179,-0.0124754665442018));
#2545=CARTESIAN_POINT('',(0.0738882392714077,0.0358851014996629,-0.0113283328742177));
#2546=CARTESIAN_POINT('',(0.0791105200200219,0.0376018018578908,-0.00963411591882782));
#2547=CARTESIAN_POINT('',(0.0830348290182158,0.03900872945417,-0.00770344034985742));
#2548=CARTESIAN_POINT('',(0.0857960352277341,0.0400451776040106,-0.00583393074398855));
#2549=CARTESIAN_POINT('',(0.0881354121977497,0.0409556677375117,-0.00341814790541094));
#2550=CARTESIAN_POINT('',(0.0889632034355964,0.0412855339059328,-0.00117312761915022));
#2551=CARTESIAN_POINT('',(0.0889632034355963,0.0412855339059327,8.50487044112229E-17));
#2552=CARTESIAN_POINT('',(0.0889632034355964,0.0412855339059327,1.00354826811899E-16));
#2553=CARTESIAN_POINT('',(0.0989429111656884,0.0512652416360247,0.));
#2554=CARTESIAN_POINT('',(0.12664692271021,0.0966412637009394,-0.0125900575149999));
#2555=CARTESIAN_POINT('',(0.125669498432147,0.0989957331476832,-0.0123199967572152));
#2556=CARTESIAN_POINT('',(0.126644779757901,0.101345499905027,-0.0120420654246686));
#2557=CARTESIAN_POINT('',(0.128992507427649,0.102319236213203,-0.0123197081469698));
#2558=CARTESIAN_POINT('',(0.131345117675006,0.101347248787904,-0.0125900224056719));
#2559=CARTESIAN_POINT('',(0.132318819374128,0.0989952049887527,-0.0123202017787999));
#2560=CARTESIAN_POINT('',(0.131349300058023,0.0966475281147766,-0.0120419989454519));
#2561=CARTESIAN_POINT('',(0.128995353616548,0.0956702265331631,-0.0123197716378778));
#2562=CARTESIAN_POINT('',(0.12664692271021,0.0966412637009394,-0.0125900575149999));
#2563=CARTESIAN_POINT('',(0.125669498432147,0.0989957331476832,-0.0123199967572152));
#2564=CARTESIAN_POINT('',(0.126644779757901,0.101345499905027,-0.0120420654246686));
#2565=CARTESIAN_POINT('',(0.125994949366117,0.0989949493661166,-0.0123186849947549));
#2566=CARTESIAN_POINT('',(0.0901040764008565,0.0601040764008566,0.));
#2567=CARTESIAN_POINT('',(0.0703050865276332,0.0799030662740799,0.));
#2568=CARTESIAN_POINT('',(0.13040916292849,0.140007142674936,0.));
#2569=CARTESIAN_POINT('',(0.0879827560572969,0.0975807358037435,0.));
#2570=CARTESIAN_POINT('',(0.150208152801713,0.120208152801713,0.));
#2571=CARTESIAN_POINT('',(0.170007142674936,0.10040916292849,0.));
#2572=CARTESIAN_POINT('',(0.10990306627408,0.0403050865276332,0.));
#2573=CARTESIAN_POINT('',(0.127580735803744,0.0579827560572969,0.));
#2574=CARTESIAN_POINT('',(0.10778174593052,0.0777817459305202,0.));
#2575=CARTESIAN_POINT('',(0.12664621949177,0.0966413548879902,-0.0280402459067414));
#2576=CARTESIAN_POINT('',(0.125669588013822,0.0989955981225269,-0.027919615996204));
#2577=CARTESIAN_POINT('',(0.126645124649641,0.101345948818602,-0.0277984534082071));
#2578=CARTESIAN_POINT('',(0.12899255241097,0.10231908969037,-0.0279195012603463));
#2579=CARTESIAN_POINT('',(0.13134489748067,0.101347386128415,-0.0280401963654393));
#2580=CARTESIAN_POINT('',(0.132319105802954,0.0989953509889306,-0.027919713036479));
#2581=CARTESIAN_POINT('',(0.131348374391822,0.096647234316426,-0.0277984547760997));
#2582=CARTESIAN_POINT('',(0.128997794705173,0.0956702785428913,-0.0279193997227992));
#2583=CARTESIAN_POINT('',(0.12664621949177,0.0966413548879902,-0.0280402459067414));
#2584=CARTESIAN_POINT('',(0.125669588013822,0.0989955981225269,-0.027919615996204));
#2585=CARTESIAN_POINT('',(0.126645124649641,0.101345948818602,-0.0277984534082071));
#2586=CARTESIAN_POINT('',(0.125994949366117,0.0989949493661166,-0.0279195272166274));
#2587=CARTESIAN_POINT('',(0.,0.,0.));
#2588=CARTESIAN_POINT('',(-0.0731111111111112,0.,0.));
#2589=CARTESIAN_POINT('',(0.0031111111111111,-0.03675,1.29196483613476E-24));
#2590=CARTESIAN_POINT('',(0.0218256068407313,-0.0457730604410669,0.));
#2591=CARTESIAN_POINT('',(0.00311111111111112,-0.03675,-4.04323648089561E-18));
#2592=CARTESIAN_POINT('',(0.00311111111111112,-0.03675,-0.000428950534311101));
#2593=CARTESIAN_POINT('',(0.0028416560443306,-0.0366039974125294,-0.00125391282337954));
#2594=CARTESIAN_POINT('',(0.00174423119322522,-0.0360148401276894,-0.00244459459575504));
#2595=CARTESIAN_POINT('',(0.000713797609816755,-0.0354715686342111,-0.0029669358497219));
#2596=CARTESIAN_POINT('',(3.65115074075909E-18,-0.0351011450381679,-0.00323606505025753));
#2597=CARTESIAN_POINT('',(-1.7347234759768E-18,-0.0351011450381679,-0.00323606505025753));
#2598=CARTESIAN_POINT('',(0.,0.,0.));
#2599=CARTESIAN_POINT('',(-1.7347234759768E-18,-0.0342055060082808,-0.00851738567387133));
#2600=CARTESIAN_POINT('',(1.78653509172903E-17,-0.0342055060082808,-0.00851738567387131));
#2601=CARTESIAN_POINT('',(0.000356903933585601,-0.0343359996185297,-0.00870549193578766));
#2602=CARTESIAN_POINT('',(0.00105001079131964,-0.0345758463097058,-0.00911788846413965));
#2603=CARTESIAN_POINT('',(0.00201904124828586,-0.0348485833893004,-0.00989476861622824));
#2604=CARTESIAN_POINT('',(0.00284219625942572,-0.034971990001887,-0.010881763576893));
#2605=CARTESIAN_POINT('',(0.00324581192762657,-0.0347643588325163,-0.0121396757029424));
#2606=CARTESIAN_POINT('',(0.00284122268714216,-0.03414236821427,-0.013255849678312));
#2607=CARTESIAN_POINT('',(0.00202052759736404,-0.0334336867592776,-0.0139488198505829));
#2608=CARTESIAN_POINT('',(0.001050121572474,-0.0327353610070566,-0.014388395353044));
#2609=CARTESIAN_POINT('',(0.000356904572666892,-0.0322909299168498,-0.0145616732096139));
#2610=CARTESIAN_POINT('',(3.69892563312741E-17,-0.0320717052592173,-0.0146276526403213));
#2611=CARTESIAN_POINT('',(-1.7347234759768E-18,-0.0320717052592173,-0.0146276526403212));
#2612=CARTESIAN_POINT('',(0.,0.,0.));
#2613=CARTESIAN_POINT('',(-1.7347234759768E-18,-0.0294849402806267,-0.019318405644563));
#2614=CARTESIAN_POINT('',(5.01830206312029E-18,-0.0294849402806266,-0.0193184056445629));
#2615=CARTESIAN_POINT('',(0.000356903933585589,-0.0295461209904249,-0.0195390172236709));
#2616=CARTESIAN_POINT('',(0.00105001079131964,-0.0296365943406052,-0.0200074314685141));
#2617=CARTESIAN_POINT('',(0.00201904124828584,-0.0296379523042706,-0.0208307943540207));
#2618=CARTESIAN_POINT('',(0.00284219625942567,-0.0294290561268048,-0.0218032914653007));
#2619=CARTESIAN_POINT('',(0.00324581192762655,-0.0288183119589895,-0.0229224184379163));
#2620=CARTESIAN_POINT('',(0.00284122268714212,-0.0278631053273506,-0.023771121544634));
#2621=CARTESIAN_POINT('',(0.00202052759736401,-0.0269655811634925,-0.0241917014295523));
#2622=CARTESIAN_POINT('',(0.00105012157247397,-0.026161375557115,-0.0243764683672062));
#2623=CARTESIAN_POINT('',(0.000356904572666865,-0.0256846649561874,-0.0243935333161659));
#2624=CARTESIAN_POINT('',(1.06036751012704E-17,-0.0254559445628331,-0.0243835474534361));
#2625=CARTESIAN_POINT('',(-1.7347234759768E-18,-0.0254559445628331,-0.0243835474534361));
#2626=CARTESIAN_POINT('',(0.,0.,0.));
#2627=CARTESIAN_POINT('',(-1.7347234759768E-18,-0.0214673107634723,-0.0279592036471804));
#2628=CARTESIAN_POINT('',(1.80350206004931E-17,-0.0214673107634723,-0.0279592036471804));
#2629=CARTESIAN_POINT('',(0.000356903933585601,-0.0214523372259841,-0.0281876513244788));
#2630=CARTESIAN_POINT('',(0.00105001079131964,-0.021383320327895,-0.0286597042872309));
#2631=CARTESIAN_POINT('',(0.00201904124828587,-0.0211131473254734,-0.0294374798551535));
#2632=CARTESIAN_POINT('',(0.00284219625942573,-0.0205953075377919,-0.0302867325847351));
#2633=CARTESIAN_POINT('',(0.00324581192762661,-0.0196497449809558,-0.0311419314332295));
#2634=CARTESIAN_POINT('',(0.00284122268714217,-0.018468135412929,-0.0316282600271105));
#2635=CARTESIAN_POINT('',(0.00202052759736404,-0.01748213145065,-0.0317294195579387));
#2636=CARTESIAN_POINT('',(0.001050121572474,-0.0166619738366323,-0.0316387169298188));
#2637=CARTESIAN_POINT('',(0.000356904572666871,-0.0162062904383578,-0.0314976607351417));
#2638=CARTESIAN_POINT('',(1.06003741308222E-17,-0.015993650271779,-0.0314128262177096));
#2639=CARTESIAN_POINT('',(-1.7347234759768E-18,-0.015993650271779,-0.0314128262177096));
#2640=CARTESIAN_POINT('',(0.,0.,0.));
#2641=CARTESIAN_POINT('',(-1.7347234759768E-18,-0.0110491644976815,-0.0334735487198949));
#2642=CARTESIAN_POINT('',(1.58714877084195E-17,-0.0110491644976815,-0.0334735487198949));
#2643=CARTESIAN_POINT('',(0.000356903933585568,-0.0109597110832051,-0.0336842870285301));
#2644=CARTESIAN_POINT('',(0.00105001079131955,-0.0107389215416096,-0.0341071928220432));
#2645=CARTESIAN_POINT('',(0.0020190412482857,-0.0102274288475589,-0.0347524086845478));
#2646=CARTESIAN_POINT('',(0.00284219625942548,-0.00945855130927939,-0.0353834519283408));
#2647=CARTESIAN_POINT('',(0.00324581192762652,-0.00828390502108812,-0.0358790926419572));
#2648=CARTESIAN_POINT('',(0.00284122268714237,-0.00700802241359654,-0.0359486645068121));
#2649=CARTESIAN_POINT('',(0.00202052759736443,-0.00604379554775191,-0.0357190918266198));
#2650=CARTESIAN_POINT('',(0.0010501215724745,-0.00529939755735816,-0.0353630621783084));
#2651=CARTESIAN_POINT('',(0.000356904572667469,-0.00491569677211325,-0.0350796580200428));
#2652=CARTESIAN_POINT('',(6.49096501374081E-16,-0.00474291467234445,-0.0349294612098567));
#2653=CARTESIAN_POINT('',(-1.7347234759768E-18,-0.0047429146723451,-0.0349294612098572));
#2654=CARTESIAN_POINT('',(0.,0.,0.));
#2655=CARTESIAN_POINT('',(-1.7347234759768E-18,0.000604520989922662,-0.035244815992891));
#2656=CARTESIAN_POINT('',(1.85233889612034E-17,0.000604520989922643,-0.035244815992891));
#2657=CARTESIAN_POINT('',(0.0003569039335856,0.000758451425321956,-0.03541427976231));
#2658=CARTESIAN_POINT('',(0.00105001079131964,0.00110632449130852,-0.0357407482321903));
#2659=CARTESIAN_POINT('',(0.00201904124828586,0.00180194076181598,-0.0361812550874154));
#2660=CARTESIAN_POINT('',(0.00284219625942571,0.00273587865796721,-0.03652352435355));
#2661=CARTESIAN_POINT('',(0.0032458119276266,0.00400825742818471,-0.0366041834166255));
#2662=CARTESIAN_POINT('',(0.00284122268714219,0.00523574138224374,-0.0362492188902197));
#2663=CARTESIAN_POINT('',(0.00202052759736405,0.006070369414388,-0.0357145852658878));
#2664=CARTESIAN_POINT('',(0.00105012157247399,0.00665576773943668,-0.0351330405301974));
#2665=CARTESIAN_POINT('',(0.000356904572666883,0.00692457973809369,-0.0347389792165699));
#2666=CARTESIAN_POINT('',(2.40378073493239E-17,0.00703818293813913,-0.0345402154152126));
#2667=CARTESIAN_POINT('',(-1.7347234759768E-18,0.00703818293813912,-0.0345402154152126));
#2668=CARTESIAN_POINT('',(0.,0.,0.));
#2669=CARTESIAN_POINT('',(-1.7347234759768E-18,0.0121906077560474,-0.0330749388894099));
#2670=CARTESIAN_POINT('',(1.63896640880846E-17,0.0121906077560474,-0.0330749388894099));
#2671=CARTESIAN_POINT('',(0.000356903933585569,0.0123918024095006,-0.0331841783489004));
#2672=CARTESIAN_POINT('',(0.00105001079131955,0.0128278591520816,-0.0333777031512241));
#2673=CARTESIAN_POINT('',(0.00201904124828574,0.0136298138248161,-0.033564242659571));
#2674=CARTESIAN_POINT('',(0.00284219625942553,0.0146243773135066,-0.0335794647281291));
#2675=CARTESIAN_POINT('',(0.00324581192762656,0.0158522086788014,-0.0332361226862024));
#2676=CARTESIAN_POINT('',(0.00284122268714238,0.0168940343187807,-0.0324963145973304));
#2677=CARTESIAN_POINT('',(0.00202052759736442,0.0175057337754551,-0.0317164038081938));
#2678=CARTESIAN_POINT('',(0.00105012157247448,0.017866672047531,-0.0309743734568403));
#2679=CARTESIAN_POINT('',(0.000356904572667461,0.01799053617525,-0.0305137196959914));
#2680=CARTESIAN_POINT('',(6.48481676355901E-16,0.01803225714317,-0.0302886150611515));
#2681=CARTESIAN_POINT('',(-1.73472347597602E-18,0.0180322571431699,-0.0302886150611524));
#2682=CARTESIAN_POINT('',(0.,0.,0.));
#2683=CARTESIAN_POINT('',(-1.7347234759768E-18,0.0224135168788763,-0.0272065573184174));
#2684=CARTESIAN_POINT('',(2.96274299414031E-17,0.0224135168788763,-0.0272065573184174));
#2685=CARTESIAN_POINT('',(0.000356903933585588,0.0226394777700507,-0.0272433570975956));
#2686=CARTESIAN_POINT('',(0.00105001079131958,0.0231149574699423,-0.0272822979098104));
#2687=CARTESIAN_POINT('',(0.00201904124828574,0.0239335744021974,-0.0271940108579848));
#2688=CARTESIAN_POINT('',(0.00284219625942555,0.0248775494455588,-0.026880483567437));
#2689=CARTESIAN_POINT('',(0.00324581192762658,0.0259235348970788,-0.0261515336003168));
#2690=CARTESIAN_POINT('',(0.0028412226871424,0.0266632032387561,-0.0251096087389188));
#2691=CARTESIAN_POINT('',(0.00202052759736444,0.0269835726882648,-0.0241716319374314));
#2692=CARTESIAN_POINT('',(0.00105012157247451,0.0270796900826289,-0.0233520912580995));
#2693=CARTESIAN_POINT('',(0.000356904572667486,0.027044755609972,-0.0228763562560869));
#2694=CARTESIAN_POINT('',(6.71141609888729E-16,0.0270099290253934,-0.0226500824290605));
#2695=CARTESIAN_POINT('',(-1.7347234759768E-18,0.0270099290253935,-0.0226500824290614));
#2696=CARTESIAN_POINT('',(0.,0.,0.));
#2697=CARTESIAN_POINT('',(-1.7347234759768E-18,0.0301301026314235,-0.0182958852045997));
#2698=CARTESIAN_POINT('',(1.73463843163148E-17,0.0301301026314234,-0.0182958852045997));
#2699=CARTESIAN_POINT('',(0.000356903933585599,0.0303555623707622,-0.0182561302800593));
#2700=CARTESIAN_POINT('',(0.00105001079131964,0.0308172959563556,-0.0181361326642499));
#2701=CARTESIAN_POINT('',(0.00201904124828587,0.0315610357989207,-0.0177828914833602));
#2702=CARTESIAN_POINT('',(0.00284219625942572,0.0323488652581549,-0.0171756740696026));
#2703=CARTESIAN_POINT('',(0.00324581192762663,0.0330960406534014,-0.0161426287907815));
#2704=CARTESIAN_POINT('',(0.00284122268714219,0.0334508405336413,-0.0149150972362133));
#2705=CARTESIAN_POINT('',(0.00202052759736405,0.0334440556364677,-0.0139239408260148));
#2706=CARTESIAN_POINT('',(0.00105012157247399,0.0332646041177675,-0.0131185324631235));
#2707=CARTESIAN_POINT('',(0.00035690457266688,0.0330747774859112,-0.012680913839939));
#2708=CARTESIAN_POINT('',(2.09522596927628E-17,0.0329672977257544,-0.0124787732033831));
#2709=CARTESIAN_POINT('',(-1.7347234759768E-18,0.0329672977257544,-0.0124787732033831));
#2710=CARTESIAN_POINT('',(0.,0.,0.));
#2711=CARTESIAN_POINT('',(-1.7347234759768E-18,0.03525,0.));
#2712=CARTESIAN_POINT('',(-0.0731111111111112,0.,0.));
#2713=CARTESIAN_POINT('',(0.0218256068407313,0.0457730604410669,0.));
#2714=CARTESIAN_POINT('',(0.0218256068407313,0.,0.));
#2715=CARTESIAN_POINT('',(0.0218256068407313,0.0441720846479036,-0.012));
#2716=CARTESIAN_POINT('',(0.0218256068407313,0.0441720846479036,-0.012));
#2717=CARTESIAN_POINT('',(0.0211773279921865,0.0438481930781696,-0.012));
#2718=CARTESIAN_POINT('',(0.0205291470692106,0.0435241057139703,-0.012));
#2719=CARTESIAN_POINT('',(0.0198810707377401,0.0431998092272904,-0.012));
#2720=CARTESIAN_POINT('',(0.0198810707377401,0.0431998092272904,-0.012));
#2721=CARTESIAN_POINT('',(0.0198810707377401,0.0431998092272904,-0.012));
#2722=CARTESIAN_POINT('',(0.0203165695530681,0.0422622000056792,-0.0161598976129182));
#2723=CARTESIAN_POINT('',(0.0209720598341364,0.0408513844106748,-0.0201569632862747));
#2724=CARTESIAN_POINT('',(0.0218256068407313,0.0390165483684689,-0.0239349538447954));
#2725=CARTESIAN_POINT('',(0.0218256068407313,0.0390165483684689,-0.0239349538447954));
#2726=CARTESIAN_POINT('',(0.0218256068407313,0.,0.));
#2727=CARTESIAN_POINT('',(0.075,0.,0.));
#2728=CARTESIAN_POINT('',(0.075,-0.04725,-0.012));
#2729=CARTESIAN_POINT('',(0.108361001219299,-0.04725,-0.012));
#2730=CARTESIAN_POINT('',(0.0968769345623065,-0.04725,-0.012));
#2731=CARTESIAN_POINT('',(0.108361001219299,-0.04725,-0.012));
#2732=CARTESIAN_POINT('',(0.108620047158671,-0.0467461938420809,-0.0139837367468066));
#2733=CARTESIAN_POINT('',(0.108983859548626,-0.0458091328079843,-0.0168937156438226));
#2734=CARTESIAN_POINT('',(0.10916004508044,-0.0441877487801563,-0.0206694981469283));
#2735=CARTESIAN_POINT('',(0.109044675100088,-0.0427827759782796,-0.0234373227669711));
#2736=CARTESIAN_POINT('',(0.108582221684054,-0.0412517578411287,-0.0260367973953451));
#2737=CARTESIAN_POINT('',(0.107733420319324,-0.0398578339697772,-0.0280962033801457));
#2738=CARTESIAN_POINT('',(0.106664515437723,-0.0388109169655257,-0.0295092548054378));
#2739=CARTESIAN_POINT('',(0.10559515457586,-0.0380908463479511,-0.0304303785357505));
#2740=CARTESIAN_POINT('',(0.104257413581193,-0.0375549555515013,-0.0310853756369347));
#2741=CARTESIAN_POINT('',(0.102696077264171,-0.0373340441853405,-0.0313482779880097));
#2742=CARTESIAN_POINT('',(0.101127172225167,-0.0375163691846464,-0.0311315422085331));
#2743=CARTESIAN_POINT('',(0.0993024124997993,-0.0382027467474972,-0.0302960214899527));
#2744=CARTESIAN_POINT('',(0.097725384324351,-0.0395167420588157,-0.0285950880881684));
#2745=CARTESIAN_POINT('',(0.0966890544049913,-0.0411743907767818,-0.026159599480014));
#2746=CARTESIAN_POINT('',(0.0961968899711418,-0.0427520391369529,-0.0234951801051048));
#2747=CARTESIAN_POINT('',(0.0960779317621372,-0.0441503799422668,-0.0207485739088465));
#2748=CARTESIAN_POINT('',(0.0962477564270816,-0.0457963255014279,-0.0169348727742538));
#2749=CARTESIAN_POINT('',(0.0966162255680995,-0.0467429594456309,-0.0139964721828284));
#2750=CARTESIAN_POINT('',(0.0968769345623065,-0.04725,-0.012));
#2751=CARTESIAN_POINT('',(0.1595,0.,0.));
#2752=CARTESIAN_POINT('',(0.1595,-0.0399682281595843,-0.0279124208513596));
#2753=CARTESIAN_POINT('',(0.1595,-0.04725,-0.012));
#2754=CARTESIAN_POINT('',(0.075,-0.04725,-0.012));
#2755=CARTESIAN_POINT('',(0.1725,-0.04725,-0.012));
#2756=CARTESIAN_POINT('',(0.1725,0.,0.));
#2757=CARTESIAN_POINT('',(0.1725,-0.0399682281595843,-0.0279124208513597));
#2758=CARTESIAN_POINT('',(0.1725,-0.0399682281595843,-0.0279124208513597));
#2759=CARTESIAN_POINT('',(0.1725,-0.039326985914816,-0.0288306255631955));
#2760=CARTESIAN_POINT('',(0.172328188884601,-0.0380051008977839,-0.0305906041568114));
#2761=CARTESIAN_POINT('',(0.171352829000352,-0.0358877658927176,-0.0330434811014189));
#2762=CARTESIAN_POINT('',(0.169667019937006,-0.0342576880510686,-0.034695893934775));
#2763=CARTESIAN_POINT('',(0.167703318777584,-0.0334216917232129,-0.0354916682311979));
#2764=CARTESIAN_POINT('',(0.166025473335449,-0.0331851219463166,-0.0357112333816857));
#2765=CARTESIAN_POINT('',(0.16433912978879,-0.0334093698016429,-0.0355031670082026));
#2766=CARTESIAN_POINT('',(0.162362408411708,-0.0342361346345253,-0.0347170750947972));
#2767=CARTESIAN_POINT('',(0.160661553022659,-0.0358672346166868,-0.0330652882567523));
#2768=CARTESIAN_POINT('',(0.159677461466994,-0.0379795062532653,-0.0306232892922505));
#2769=CARTESIAN_POINT('',(0.1595,-0.0393249881351127,-0.0288334862149253));
#2770=CARTESIAN_POINT('',(0.1595,-0.0399682281595843,-0.0279124208513596));
#2771=CARTESIAN_POINT('',(0.1725,0.,0.));
#2772=CARTESIAN_POINT('',(0.1725,0.0416493890732756,-0.0253355657095498));
#2773=CARTESIAN_POINT('',(0.1725,0.04725,-0.012));
#2774=CARTESIAN_POINT('',(0.075,0.04725,-0.012));
#2775=CARTESIAN_POINT('',(0.1595,0.04725,-0.012));
#2776=CARTESIAN_POINT('',(0.1595,0.,0.));
#2777=CARTESIAN_POINT('',(0.1595,0.0416493890732755,-0.02533556570955));
#2778=CARTESIAN_POINT('',(0.1595,0.0416493890732755,-0.02533556570955));
#2779=CARTESIAN_POINT('',(0.1595,0.0410386547352956,-0.0263395579769635));
#2780=CARTESIAN_POINT('',(0.159656550589319,0.0397607570719868,-0.0282782597335946));
#2781=CARTESIAN_POINT('',(0.160578929378125,0.0376751752095088,-0.0309973993932598));
#2782=CARTESIAN_POINT('',(0.162224494847334,0.0360073594558227,-0.0328795557204339));
#2783=CARTESIAN_POINT('',(0.164235334844179,0.035114055837361,-0.0338186728048633));
#2784=CARTESIAN_POINT('',(0.165990915087518,0.0348581296204298,-0.0340800361372973));
#2785=CARTESIAN_POINT('',(0.167760857188249,0.0351116862030015,-0.0338211389973237));
#2786=CARTESIAN_POINT('',(0.16977647498742,0.0360080893039226,-0.0328788192844959));
#2787=CARTESIAN_POINT('',(0.171419118097827,0.0376732551912872,-0.0309994953405129));
#2788=CARTESIAN_POINT('',(0.172342907463006,0.0397575951726677,-0.0282828579381702));
#2789=CARTESIAN_POINT('',(0.1725,0.0410384407676845,-0.0263399097204525));
#2790=CARTESIAN_POINT('',(0.1725,0.0416493890732756,-0.0253355657095498));
#2791=CARTESIAN_POINT('',(0.175,0.,0.));
#2792=CARTESIAN_POINT('',(0.175,-0.04875,0.));
#2793=CARTESIAN_POINT('',(0.175,0.04875,0.));
#2794=CARTESIAN_POINT('',(0.075,-0.04875,0.));
#2795=CARTESIAN_POINT('',(0.0348545824105313,-0.04875,0.));
#2796=CARTESIAN_POINT('',(0.0348545824105313,0.,0.));
#2797=CARTESIAN_POINT('',(0.0348545824105313,-0.04725,-0.012));
#2798=CARTESIAN_POINT('',(0.075,-0.04725,-0.012));
#2799=CARTESIAN_POINT('',(0.0456111111111111,-0.04725,-0.012));
#2800=CARTESIAN_POINT('',(0.0456111111111111,0.,0.));
#2801=CARTESIAN_POINT('',(0.0456111111111111,-0.0441071428571429,-0.020763488362498));
#2802=CARTESIAN_POINT('',(0.0456111111111111,-0.0441071428571429,-0.020763488362498));
#2803=CARTESIAN_POINT('',(0.0456111111111111,-0.0433731405000586,-0.0223227035702794));
#2804=CARTESIAN_POINT('',(0.0454500261445163,-0.0421641787380453,-0.0245709920594017));
#2805=CARTESIAN_POINT('',(0.0445735313791689,-0.0403509053548217,-0.0273932831950308));
#2806=CARTESIAN_POINT('',(0.0434429057970906,-0.0389798698638656,-0.0293044216878777));
#2807=CARTESIAN_POINT('',(0.0419530415512527,-0.0379796985681004,-0.0305693020007362));
#2808=CARTESIAN_POINT('',(0.0403819537175273,-0.037486291434763,-0.0311671405279969));
#2809=CARTESIAN_POINT('',(0.0386380593440168,-0.0373090853204323,-0.0313777249779872));
#2810=CARTESIAN_POINT('',(0.0365090566580417,-0.0378000306947129,-0.0307964232706087));
#2811=CARTESIAN_POINT('',(0.0353383224520326,-0.0386063050867774,-0.0297764512829622));
#2812=CARTESIAN_POINT('',(0.0348545824105313,-0.0390387632322777,-0.0291982442159484));
#2813=CARTESIAN_POINT('',(0.0348545824105313,-0.0390387632322777,-0.0291982442159484));
#2814=CARTESIAN_POINT('',(0.0348545824105313,0.,0.));
#2815=CARTESIAN_POINT('',(0.0348545824105313,0.0398929908494315,-0.0280198462002769));
#2816=CARTESIAN_POINT('',(0.0348545824105345,0.0398929908494316,-0.0280198462002769));
#2817=CARTESIAN_POINT('',(0.0351093128110838,0.0409458792710868,-0.0265208062744207));
#2818=CARTESIAN_POINT('',(0.0350946705787037,0.0419132595854316,-0.0249643316143959));
#2819=CARTESIAN_POINT('',(0.0349292901163581,0.0427934592175697,-0.023351281510748));
#2820=CARTESIAN_POINT('',(0.034929290116358,0.0427934592175697,-0.023351281510748));
#2821=CARTESIAN_POINT('',(0.0429697411826447,0.,0.));
#2822=CARTESIAN_POINT('',(0.0348545824105313,0.0431910738707909,-0.0226073801641829));
#2823=CARTESIAN_POINT('',(0.0348545824105313,0.,0.));
#2824=CARTESIAN_POINT('',(0.0348545824105313,0.0485838787040399,-0.0040210981175716));
#2825=CARTESIAN_POINT('',(0.0348545824103097,0.0485837123184783,-0.00402310792240761));
#2826=CARTESIAN_POINT('',(0.0350514109929555,0.0484109160760116,-0.00610982373904198));
#2827=CARTESIAN_POINT('',(0.0355664971280142,0.0479571499152154,-0.00912808333155575));
#2828=CARTESIAN_POINT('',(0.0365450217868962,0.0471615794970746,-0.012407701001251));
#2829=CARTESIAN_POINT('',(0.0372202159701686,0.0466345537659534,-0.0142268401400151));
#2830=CARTESIAN_POINT('',(0.0377622063410453,0.0462218858144481,-0.0155170134872614));
#2831=CARTESIAN_POINT('',(0.0384315255172657,0.0457268464121982,-0.0169213779006123));
#2832=CARTESIAN_POINT('',(0.0393731703018578,0.0450552149853724,-0.0186560629213619));
#2833=CARTESIAN_POINT('',(0.0406969198263315,0.0441624170544392,-0.0206997746225327));
#2834=CARTESIAN_POINT('',(0.0425084530365261,0.0430479634871129,-0.022919705206279));
#2835=CARTESIAN_POINT('',(0.0445277969403685,0.0419240665875837,-0.0249114272470137));
#2836=CARTESIAN_POINT('',(0.0468275197757202,0.0407840590543258,-0.0267321741558348));
#2837=CARTESIAN_POINT('',(0.0493290836259778,0.0397012834815086,-0.028309855457049));
#2838=CARTESIAN_POINT('',(0.0515948211100045,0.0388561833718355,-0.0294490981083214));
#2839=CARTESIAN_POINT('',(0.0532831854795435,0.0383019133024168,-0.0301600609654745));
#2840=CARTESIAN_POINT('',(0.054262880421079,0.0380007890944697,-0.0305376515497744));
#2841=CARTESIAN_POINT('',(0.055046013160181,0.0377716088889763,-0.0308205139990947));
#2842=CARTESIAN_POINT('',(0.0557098086241888,0.0375860706809302,-0.0310463715047287));
#2843=CARTESIAN_POINT('',(0.0566576663741823,0.0373318974435034,-0.0313522044341915));
#2844=CARTESIAN_POINT('',(0.0583389387972975,0.036911590889595,-0.0318484552726708));
#2845=CARTESIAN_POINT('',(0.0603705021739598,0.0364723444019657,-0.0323494950829242));
#2846=CARTESIAN_POINT('',(0.0624989320762325,0.0360818482061678,-0.0327829331810258));
#2847=CARTESIAN_POINT('',(0.0641474785072078,0.0358133681592217,-0.0330758553406324));
#2848=CARTESIAN_POINT('',(0.0655584554441798,0.0356113865809177,-0.0332928455395083));
#2849=CARTESIAN_POINT('',(0.0665773013730669,0.0354803893460748,-0.0334321552799084));
#2850=CARTESIAN_POINT('',(0.0671515384717758,0.0354104341099773,-0.0335062061675833));
#2851=CARTESIAN_POINT('',(0.0676255028686944,0.0353551199573064,-0.033564557276681));
#2852=CARTESIAN_POINT('',(0.0679491734598655,0.0353187000739486,-0.0336028691076872));
#2853=CARTESIAN_POINT('',(0.0684371512530914,0.0352652378315379,-0.0336589985734364));
#2854=CARTESIAN_POINT('',(0.0692746091211637,0.0351781160897317,-0.0337501294298884));
#2855=CARTESIAN_POINT('',(0.0705076852551946,0.0350622952629275,-0.0338704851617323));
#2856=CARTESIAN_POINT('',(0.0720198050417581,0.0349404361098437,-0.0339961355851124));
#2857=CARTESIAN_POINT('',(0.0740885323878148,0.0347999473920334,-0.0341400299798086));
#2858=CARTESIAN_POINT('',(0.076768792845273,0.034666505774943,-0.0342754502496008));
#2859=CARTESIAN_POINT('',(0.081259713467039,0.0345440050794243,-0.034398809014377));
#2860=CARTESIAN_POINT('',(0.086056661290947,0.0345595665178312,-0.0343832511969862));
#2861=CARTESIAN_POINT('',(0.090514103148427,0.0346933063972936,-0.0342483063914265));
#2862=CARTESIAN_POINT('',(0.0928169319563321,0.0347903503753049,-0.0341496309332657));
#2863=CARTESIAN_POINT('',(0.0941395369941842,0.0348535656855335,-0.0340850885763023));
#2864=CARTESIAN_POINT('',(0.0951756604424422,0.034907087548937,-0.034030274671377));
#2865=CARTESIAN_POINT('',(0.0960887217371703,0.0349574870670624,-0.033978499952097));
#2866=CARTESIAN_POINT('',(0.0973535548404818,0.0350314112128325,-0.0339023291893292));
#2867=CARTESIAN_POINT('',(0.0995559122155024,0.0351713785746439,-0.0337573925831168));
#2868=CARTESIAN_POINT('',(0.102102878379156,0.0353581172860837,-0.0335619638235443));
#2869=CARTESIAN_POINT('',(0.104668694313574,0.0355703769511397,-0.0333366199163747));
#2870=CARTESIAN_POINT('',(0.106602642986379,0.035742033606733,-0.0331525643231074));
#2871=CARTESIAN_POINT('',(0.108227858369686,0.0358958822423237,-0.0329858052073073));
#2872=CARTESIAN_POINT('',(0.109360808502318,0.0360079044909677,-0.0328633188582068));
#2873=CARTESIAN_POINT('',(0.110024204656512,0.0360749398603968,-0.0327896749266519));
#2874=CARTESIAN_POINT('',(0.110481114222011,0.0361216682000556,-0.0327382021628665));
#2875=CARTESIAN_POINT('',(0.111096581046425,0.0361855485746332,-0.0326675927837115));
#2876=CARTESIAN_POINT('',(0.111860579014131,0.0362661889450751,-0.0325780958171589));
#2877=CARTESIAN_POINT('',(0.113220728977762,0.0364129450314868,-0.0324143229060076));
#2878=CARTESIAN_POINT('',(0.115142427022296,0.0366296221491729,-0.0321696686558009));
#2879=CARTESIAN_POINT('',(0.117441724208123,0.0369032401193871,-0.0318555265203717));
#2880=CARTESIAN_POINT('',(0.120488714716329,0.0372845719307371,-0.0314098599229365));
#2881=CARTESIAN_POINT('',(0.12426681330121,0.0377913974491579,-0.0308010395960092));
#2882=CARTESIAN_POINT('',(0.127255650790301,0.0382259636277437,-0.0302567454737369));
#2883=CARTESIAN_POINT('',(0.128741739122788,0.0384496918223997,-0.0299697130243599));
#2884=CARTESIAN_POINT('',(0.12874232542603,0.0384498431518447,-0.0299695188743247));
#2885=CARTESIAN_POINT('',(0.128742911729205,0.0384499944811466,-0.0299693247237871));
#2886=CARTESIAN_POINT('',(0.130397914148234,0.0386992463893822,-0.0296495399243495));
#2887=CARTESIAN_POINT('',(0.132754759894738,0.0391622950159091,-0.0290441112682304));
#2888=CARTESIAN_POINT('',(0.135290760709448,0.0398397985949542,-0.0280994311671407));
#2889=CARTESIAN_POINT('',(0.136499099240394,0.0402070594295306,-0.0275684999378731));
#2890=CARTESIAN_POINT('',(0.137182351594948,0.0404279587281662,-0.027242790529271));
#2891=CARTESIAN_POINT('',(0.137663504478153,0.0405892672694389,-0.0270020160022426));
#2892=CARTESIAN_POINT('',(0.138226740927811,0.0407859266725333,-0.0267042013706569));
#2893=CARTESIAN_POINT('',(0.138926400975101,0.0410415049343593,-0.0263107041434375));
#2894=CARTESIAN_POINT('',(0.13977617832908,0.0413714442216065,-0.0257908122690742));
#2895=CARTESIAN_POINT('',(0.140745601995676,0.0417810939350844,-0.0251216703780235));
#2896=CARTESIAN_POINT('',(0.141627510661598,0.0421830917510104,-0.0244418919076299));
#2897=CARTESIAN_POINT('',(0.142581360526789,0.0426557592154351,-0.0236085297776293));
#2898=CARTESIAN_POINT('',(0.143421308535538,0.0431121360114669,-0.0227647028734769));
#2899=CARTESIAN_POINT('',(0.144202831133433,0.0435769940511504,-0.0218619098827345));
#2900=CARTESIAN_POINT('',(0.144889530620777,0.0440249453403277,-0.0209468428604098));
#2901=CARTESIAN_POINT('',(0.145571521350772,0.0445189731585346,-0.019877036382357));
#2902=CARTESIAN_POINT('',(0.146334895370562,0.0451450349820551,-0.0184285370549285));
#2903=CARTESIAN_POINT('',(0.14708388706647,0.0459065716715237,-0.0164713310059392));
#2904=CARTESIAN_POINT('',(0.147523999158853,0.0465840567532529,-0.0144211167042883));
#2905=CARTESIAN_POINT('',(0.14769807844112,0.0470328150854238,-0.0128397794072467));
#2906=CARTESIAN_POINT('',(0.147756360947924,0.0472719883320764,-0.0119212172385683));
#2907=CARTESIAN_POINT('',(0.147780155593813,0.0474544316056425,-0.0111713518060267));
#2908=CARTESIAN_POINT('',(0.147783030313458,0.0475907607024657,-0.0105743020977147));
#2909=CARTESIAN_POINT('',(0.147772614479517,0.0477389994317257,-0.0098856049695477));
#2910=CARTESIAN_POINT('',(0.147751409971641,0.0478571038571531,-0.00929370534197648));
#2911=CARTESIAN_POINT('',(0.147729711397784,0.0479396870455628,-0.00885295205623543));
#2912=CARTESIAN_POINT('',(0.14771611955547,0.0479843617946889,-0.00860692213360219));
#2913=CARTESIAN_POINT('',(0.147703111238017,0.0480227069207297,-0.00838997865652569));
#2914=CARTESIAN_POINT('',(0.147696389593108,0.0480409025287088,-0.00828479876391047));
#2915=CARTESIAN_POINT('',(0.14768400221415,0.0480730871320713,-0.00809680422447788));
#2916=CARTESIAN_POINT('',(0.147660656626841,0.0481284215633446,-0.00776437899909535));
#2917=CARTESIAN_POINT('',(0.147618625109778,0.0482147141673298,-0.00721610166725234));
#2918=CARTESIAN_POINT('',(0.147556355211668,0.0483215934345261,-0.00646587072392586));
#2919=CARTESIAN_POINT('',(0.147478887830487,0.0484306431841713,-0.00559652314431945));
#2920=CARTESIAN_POINT('',(0.147397627580735,0.0485265852797918,-0.00468739270333778));
#2921=CARTESIAN_POINT('',(0.147334661172975,0.0485924687311262,-0.00393626053861283));
#2922=CARTESIAN_POINT('',(0.147292222288971,0.0486323384369188,-0.00339430789549773));
#2923=CARTESIAN_POINT('',(0.147269085035533,0.0486531033386819,-0.00307464875034026));
#2924=CARTESIAN_POINT('',(0.147256866618378,0.04866395605901,-0.0028956968360326));
#2925=CARTESIAN_POINT('',(0.147250454863492,0.0486696621275145,-0.00279904410433751));
#2926=CARTESIAN_POINT('',(0.14723762530977,0.0486810694939072,-0.00259416242802768));
#2927=CARTESIAN_POINT('',(0.147223868495436,0.0486931362915507,-0.00235879972127312));
#2928=CARTESIAN_POINT('',(0.147201266413235,0.0487126718083168,-0.00193432762998509));
#2929=CARTESIAN_POINT('',(0.147167146074091,0.048741103088766,-0.00111450343680118));
#2930=CARTESIAN_POINT('',(0.147155281861898,0.04875,-0.000437250068078867));
#2931=CARTESIAN_POINT('',(0.147155277522844,0.04875,1.86642724072689E-17));
#2932=CARTESIAN_POINT('',(0.147155277522844,0.04875,0.));
#2933=CARTESIAN_POINT('',(0.075,0.04875,0.));
#2934=CARTESIAN_POINT('',(0.0348545824105313,0.,0.));
#2935=CARTESIAN_POINT('',(0.0348545824105313,0.01875,0.));
#2936=CARTESIAN_POINT('',(0.0346885980472426,0.048749378780644,3.2562938302374E-13));
#2937=CARTESIAN_POINT('',(0.0346882588850177,0.0487495389378714,4.58401964920879E-13));
#2938=CARTESIAN_POINT('',(0.034688258358361,0.0487495389349641,-0.0013418822064929));
#2939=CARTESIAN_POINT('',(0.0347437542603604,0.0486945635519536,-0.00268377990672314));
#2940=CARTESIAN_POINT('',(0.0348547482951674,0.0485838798353637,-0.00402108444306036));
#2941=CARTESIAN_POINT('',(0.0348545824105331,0.0431910738707909,-0.0226073801641828));
#2942=CARTESIAN_POINT('',(0.0345064832257739,0.0449511181440115,-0.0192448409549307));
#2943=CARTESIAN_POINT('',(0.0342384697585679,0.0463061297473596,-0.015692230288363));
#2944=CARTESIAN_POINT('',(0.034053953269668,0.0472389753511872,-0.012));
#2945=CARTESIAN_POINT('',(0.034053953269668,0.0472389753511872,-0.012));
#2946=CARTESIAN_POINT('',(0.0218256068407313,0.0441720846479036,-0.012));
#2947=CARTESIAN_POINT('',(0.02373515493061,0.0451261286209589,-0.012));
#2948=CARTESIAN_POINT('',(0.0276878499698303,0.0465911098944657,-0.012));
#2949=CARTESIAN_POINT('',(0.0319411313442154,0.0471807775339126,-0.012));
#2950=CARTESIAN_POINT('',(0.034053953269668,0.0472389753511871,-0.012));
#2951=CARTESIAN_POINT('',(0.0348545824105313,0.,0.));
#2952=CARTESIAN_POINT('',(0.0348545824105313,-0.01875,0.));
#2953=CARTESIAN_POINT('',(0.0218256068407313,0.0390165483684689,-0.0239349538447954));
#2954=CARTESIAN_POINT('',(0.0218999077580299,0.0388663395171285,-0.024248319366995));
#2955=CARTESIAN_POINT('',(0.0219757072439121,0.0387130853654391,-0.0245598219331011));
#2956=CARTESIAN_POINT('',(0.0220530107404863,0.0385567734851929,-0.0248694541041276));
#2957=CARTESIAN_POINT('',(0.0220530107404863,0.0385567734851929,-0.0248694541041276));
#2958=CARTESIAN_POINT('',(0.0220530107404863,0.0385567734851929,-0.0248694541041276));
#2959=CARTESIAN_POINT('',(0.0222569929711366,0.0381443103053525,-0.0256864864988587));
#2960=CARTESIAN_POINT('',(0.0227661158613236,0.0373304733860746,-0.027281738438827));
#2961=CARTESIAN_POINT('',(0.0239109869414952,0.0361763544269405,-0.0295588435098665));
#2962=CARTESIAN_POINT('',(0.0253165021831476,0.0353484844095401,-0.0313019130217933));
#2963=CARTESIAN_POINT('',(0.0267487651124581,0.0349160054542065,-0.0324170464888418));
#2964=CARTESIAN_POINT('',(0.0280136380853364,0.0347595590519239,-0.0330603838763702));
#2965=CARTESIAN_POINT('',(0.0294075974894711,0.0348568910077632,-0.0333812187364174));
#2966=CARTESIAN_POINT('',(0.0307849789560395,0.0352466538384895,-0.0332914574836109));
#2967=CARTESIAN_POINT('',(0.0319865627791049,0.0358712441530518,-0.0328231463744257));
#2968=CARTESIAN_POINT('',(0.033263066719374,0.0368758819920269,-0.0318517673637697));
#2969=CARTESIAN_POINT('',(0.0343048691574939,0.0382716640171661,-0.0302350331870669));
#2970=CARTESIAN_POINT('',(0.0347196757513585,0.0393632559760635,-0.0287740512128542));
#2971=CARTESIAN_POINT('',(0.0348545824105343,0.0398929908494312,-0.0280198462002774));
#2972=CARTESIAN_POINT('',(0.0348545824105313,-0.0390387632322777,-0.0291982442159484));
#2973=CARTESIAN_POINT('',(0.0343448534420297,-0.0394716705879614,-0.0286194365439851));
#2974=CARTESIAN_POINT('',(0.033579205110217,-0.0403654993080533,-0.0273312667534587));
#2975=CARTESIAN_POINT('',(0.0326659824877229,-0.0421555264248559,-0.0244376807181492));
#2976=CARTESIAN_POINT('',(0.0324930336742994,-0.043366236651638,-0.022134326497684));
#2977=CARTESIAN_POINT('',(0.0324930336742994,-0.0441054685530733,-0.0205475605503445));
#2978=CARTESIAN_POINT('',(0.0324930336742995,-0.0441054685530732,-0.0205475605503444));
#2979=CARTESIAN_POINT('',(0.0324930336742995,0.,0.));
#2980=CARTESIAN_POINT('',(0.0324930336742995,-0.0471539457612638,-0.0119999999999997));
#2981=CARTESIAN_POINT('',(0.0348545824105313,-0.04725,-0.012));
#2982=CARTESIAN_POINT('',(0.034063673958757,-0.04725,-0.012));
#2983=CARTESIAN_POINT('',(0.0332765140912245,-0.0472177838707079,-0.012));
#2984=CARTESIAN_POINT('',(0.0324930336742995,-0.0471539457612637,-0.012));
#2985=CARTESIAN_POINT('',(0.150002,0.,0.));
#2986=CARTESIAN_POINT('',(0.0480735797502398,0.0309661640943347,-0.0106611060065426));
#2987=CARTESIAN_POINT('',(0.0473007195172775,0.0311858934827062,-0.010022881764847));
#2988=CARTESIAN_POINT('',(0.0458662566466803,0.0316400476265253,-0.00857149871231883));
#2989=CARTESIAN_POINT('',(0.0442553576658218,0.032234371494301,-0.00601350118193381));
#2990=CARTESIAN_POINT('',(0.0432289986316554,0.0326523543958428,-0.00307408176303886));
#2991=CARTESIAN_POINT('',(0.0430012626584709,0.03275,-0.0010423148452656));
#2992=CARTESIAN_POINT('',(0.0430012626584709,0.03275,3.5463388319772E-19));
#2993=CARTESIAN_POINT('',(0.0480735797502351,0.030966164094333,-0.0106611060065477));
#2994=CARTESIAN_POINT('',(0.0430012626584709,0.03275,3.5463388319772E-19));
#2995=CARTESIAN_POINT('',(0.150002,0.03275,0.));
#2996=CARTESIAN_POINT('',(0.,0.03275,0.));
#2997=CARTESIAN_POINT('',(0.,0.,0.));
#2998=CARTESIAN_POINT('',(-1.72178456770077E-18,0.030966164094333,-0.0106611060065477));
#2999=CARTESIAN_POINT('',(-1.72178456770077E-18,0.030966164094333,-0.0106611060065477));
#3000=CARTESIAN_POINT('',(-1.7347234759768E-18,0.034,0.));
#3001=CARTESIAN_POINT('',(-1.7347234759768E-18,0.034,0.));
#3002=CARTESIAN_POINT('',(-1.7347234759768E-18,0.0294355050162978,-0.0143566550573423));
#3003=CARTESIAN_POINT('',(0.0901040764008565,0.0601040764008566,0.));
#3004=CARTESIAN_POINT('',(0.0688908729652601,0.081317279836453,0.));
#3005=CARTESIAN_POINT('',(0.0865685424949238,0.0989949493661167,0.));
#3006=CARTESIAN_POINT('',(0.0374953763346706,0.0499211724668717,4.98061014154011E-14));
#3007=CARTESIAN_POINT('',(0.10778174593052,0.0777817459305202,0.));
#3008=CARTESIAN_POINT('',(0.119580611860614,0.0659828800001345,-0.0249313843130563));
#3009=CARTESIAN_POINT('',(0.119580477075873,0.0659830147851674,-0.0249315039000731));
#3010=CARTESIAN_POINT('',(0.11859387508253,0.0654284006506939,-0.0251359403682976));
#3011=CARTESIAN_POINT('',(0.11685687330276,0.0644524915663183,-0.0254841357284084));
#3012=CARTESIAN_POINT('',(0.114390423596377,0.0630781896832524,-0.0259428146634338));
#3013=CARTESIAN_POINT('',(0.112834881389402,0.0622160052782245,-0.0262200157592048));
#3014=CARTESIAN_POINT('',(0.111845898845105,0.0616696397380712,-0.0263913562989705));
#3015=CARTESIAN_POINT('',(0.110935659608963,0.0611685285218262,-0.0265452372882034));
#3016=CARTESIAN_POINT('',(0.110095875190588,0.0607075957883143,-0.0266849269198492));
#3017=CARTESIAN_POINT('',(0.108715518849508,0.0599529115338827,-0.0269093449500975));
#3018=CARTESIAN_POINT('',(0.10738274851131,0.0592296734401862,-0.0271165375249538));
#3019=CARTESIAN_POINT('',(0.106288260045526,0.0586389169941376,-0.0272814069656242));
#3020=CARTESIAN_POINT('',(0.105705175836668,0.058325337128708,-0.0273675087772921));
#3021=CARTESIAN_POINT('',(0.105298734889337,0.0581073041197651,-0.0274268284179343));
#3022=CARTESIAN_POINT('',(0.105025318959856,0.0579608906046814,-0.0274664452293567));
#3023=CARTESIAN_POINT('',(0.104819138796275,0.057850694684602,-0.0274961284337491));
#3024=CARTESIAN_POINT('',(0.104695132347472,0.0577845070004003,-0.0275139199137923));
#3025=CARTESIAN_POINT('',(0.104617062459053,0.0577428790670009,-0.0275250967960631));
#3026=CARTESIAN_POINT('',(0.104591402203366,0.0577291949463475,-0.0275287737657522));
#3027=CARTESIAN_POINT('',(0.104449161173195,0.0576534278005301,-0.0275490923716146));
#3028=CARTESIAN_POINT('',(0.104300658155323,0.0575744086354289,-0.0275702273152579));
#3029=CARTESIAN_POINT('',(0.104022798399718,0.0574267261447517,-0.0276096183245147));
#3030=CARTESIAN_POINT('',(0.103638686170735,0.0572231100182885,-0.027663577505686));
#3031=CARTESIAN_POINT('',(0.103178151570226,0.0569798013586984,-0.0277275297848899));
#3032=CARTESIAN_POINT('',(0.10257180366733,0.0566605628859898,-0.0278107371647711));
#3033=CARTESIAN_POINT('',(0.101825034382925,0.0562694354181642,-0.0279114006114012));
#3034=CARTESIAN_POINT('',(0.100655495075437,0.0556611621901715,-0.0280653388046736));
#3035=CARTESIAN_POINT('',(0.0992405089028489,0.0549331624829217,-0.028244891519231));
#3036=CARTESIAN_POINT('',(0.0976185022898152,0.0541109596514839,-0.028440959169766));
#3037=CARTESIAN_POINT('',(0.0960723714555318,0.0533394056035759,-0.0286189026451408));
#3038=CARTESIAN_POINT('',(0.094604503350698,0.0526189836366015,-0.0287797183903004));
#3039=CARTESIAN_POINT('',(0.0934407792511132,0.0520581017321998,-0.0289010003633342));
#3040=CARTESIAN_POINT('',(0.0926693937499583,0.0516915719522201,-0.0289785665156004));
#3041=CARTESIAN_POINT('',(0.0922237357705273,0.0514815241179041,-0.0290225187685551));
#3042=CARTESIAN_POINT('',(0.0919353877239325,0.0513462145362598,-0.0290506726057684));
#3043=CARTESIAN_POINT('',(0.0914950265909626,0.0511408445347541,-0.0290930426048492));
#3044=CARTESIAN_POINT('',(0.0909650257941822,0.0508954889707301,-0.0291431023674527));
#3045=CARTESIAN_POINT('',(0.0900210193616022,0.0504627174305066,-0.0292301033164855));
#3046=CARTESIAN_POINT('',(0.0887101809425456,0.0498744819545619,-0.0293444313693949));
#3047=CARTESIAN_POINT('',(0.0871712711113387,0.0492039301379836,-0.0294684749125704));
#3048=CARTESIAN_POINT('',(0.0851741759467866,0.0483609550515283,-0.0296156834039528));
#3049=CARTESIAN_POINT('',(0.083258593041205,0.0475933818036066,-0.0297362636779115));
#3050=CARTESIAN_POINT('',(0.0816487597767771,0.0469850659741087,-0.0298193783449836));
#3051=CARTESIAN_POINT('',(0.0808679294062236,0.0466992505124201,-0.0298551504922908));
#3052=CARTESIAN_POINT('',(0.0804167262825066,0.0465369756989826,-0.0298744090143269));
#3053=CARTESIAN_POINT('',(0.0801094226931529,0.0464275889364506,-0.0298869755985916));
#3054=CARTESIAN_POINT('',(0.079695546705212,0.046282180179661,-0.0299029512953263));
#3055=CARTESIAN_POINT('',(0.0791841624251614,0.0461052397962282,-0.0299213002475176));
#3056=CARTESIAN_POINT('',(0.0782784346071372,0.0457983971487398,-0.0299504355138744));
#3057=CARTESIAN_POINT('',(0.0770134068376771,0.0453891980131909,-0.029980970144475));
#3058=CARTESIAN_POINT('',(0.0755229384142945,0.0449378160450004,-0.0300001671263181));
#3059=CARTESIAN_POINT('',(0.0735804254574005,0.0443909730155263,-0.0300017000396672));
#3060=CARTESIAN_POINT('',(0.0716978185534289,0.0439242080638598,-0.0299659648615194));
#3061=CARTESIAN_POINT('',(0.0701190905574157,0.043587266798126,-0.0299015807793918));
#3062=CARTESIAN_POINT('',(0.0692173630592777,0.0434116914218242,-0.0298537591692316));
#3063=CARTESIAN_POINT('',(0.0685951537871331,0.0432975241612461,-0.029816125895806));
#3064=CARTESIAN_POINT('',(0.0678066937740076,0.0431636594034031,-0.0297611189740268));
#3065=CARTESIAN_POINT('',(0.0668247882571887,0.0430123872543285,-0.0296817919597973));
#3066=CARTESIAN_POINT('',(0.065593723025546,0.0428494240363127,-0.029562890762948));
#3067=CARTESIAN_POINT('',(0.0641534616056876,0.042702624739577,-0.0293896304467511));
#3068=CARTESIAN_POINT('',(0.0622681759019959,0.0425680664208839,-0.0291147356377709));
#3069=CARTESIAN_POINT('',(0.0604456615869135,0.0425241306773915,-0.0287722402861666));
#3070=CARTESIAN_POINT('',(0.0586803215682051,0.0425674328524746,-0.0283532799061752));
#3071=CARTESIAN_POINT('',(0.0569817654137709,0.0426641394266521,-0.0278904138329394));
#3072=CARTESIAN_POINT('',(0.0547832404079722,0.0429063782234874,-0.0271581347647383));
#3073=CARTESIAN_POINT('',(0.0522876198908463,0.0433642001453529,-0.0260735375232721));
#3074=CARTESIAN_POINT('',(0.0502922781608877,0.0438690469511613,-0.0249677316729734));
#3075=CARTESIAN_POINT('',(0.048950110622988,0.0442795450507016,-0.0240735696519407));
#3076=CARTESIAN_POINT('',(0.0482122758068991,0.0445240921088575,-0.0235373607318813));
#3077=CARTESIAN_POINT('',(0.0476384739745234,0.0447251571963423,-0.0230931110407618));
#3078=CARTESIAN_POINT('',(0.0471903209652339,0.0448897238607715,-0.0227262210774706));
#3079=CARTESIAN_POINT('',(0.0465555285037538,0.0451315136661359,-0.0221813982607319));
#3080=CARTESIAN_POINT('',(0.0454802400064432,0.045565733347275,-0.0211820720889372));
#3081=CARTESIAN_POINT('',(0.0442865458266487,0.046098268342369,-0.0198872837621747));
#3082=CARTESIAN_POINT('',(0.0431581796875324,0.0466446071090651,-0.0184393445780076));
#3083=CARTESIAN_POINT('',(0.0423472312407705,0.0470571084204059,-0.0172723334321774));
#3084=CARTESIAN_POINT('',(0.0417078020194344,0.0473973708617159,-0.0162354364414982));
#3085=CARTESIAN_POINT('',(0.0412777657318405,0.0476334976300148,-0.0154673972619719));
#3086=CARTESIAN_POINT('',(0.0410432123243706,0.0477641699960075,-0.0150280620336713));
#3087=CARTESIAN_POINT('',(0.0408567665713595,0.047869186119948,-0.0146657396075344));
#3088=CARTESIAN_POINT('',(0.0407262957785233,0.0479432971315737,-0.014404067145852));
#3089=CARTESIAN_POINT('',(0.0405364113252634,0.0480517429165921,-0.0140138878408716));
#3090=CARTESIAN_POINT('',(0.0402206112155098,0.0482339652696108,-0.0133351751550772));
#3091=CARTESIAN_POINT('',(0.0397881958526227,0.0484881277581418,-0.0123200100650645));
#3092=CARTESIAN_POINT('',(0.039312466862521,0.0487741379942624,-0.0110472043600461));
#3093=CARTESIAN_POINT('',(0.0387378403897332,0.0491266073165332,-0.00927199208185835));
#3094=CARTESIAN_POINT('',(0.0381433579956326,0.049501811773266,-0.00691216129205523));
#3095=CARTESIAN_POINT('',(0.0378224522138061,0.0497094661344454,-0.00488363820288257));
#3096=CARTESIAN_POINT('',(0.0377065624974618,0.0497842847176321,-0.00383831296028589));
#3097=CARTESIAN_POINT('',(0.0377066994971832,0.0497844226862528,-0.00383830765077842));
#3098=CARTESIAN_POINT('',(0.037706836497139,0.049784560654639,-0.00383830234122823));
#3099=CARTESIAN_POINT('',(0.0375657931706952,0.0498756524352752,-0.00256590166319037));
#3100=CARTESIAN_POINT('',(0.037495031623322,0.049921438494519,-0.00128295680207587));
#3101=CARTESIAN_POINT('',(0.0374950319080985,0.0499214387792915,6.7149962469727E-14));
#3102=CARTESIAN_POINT('',(0.164527065120741,0.105889240482685,0.));
#3103=CARTESIAN_POINT('',(0.164527065120741,0.105889240482685,0.));
#3104=CARTESIAN_POINT('',(0.164527065120741,0.105889240482685,0.));
#3105=CARTESIAN_POINT('',(0.12828784258493,0.0572756492761104,0.));
#3106=CARTESIAN_POINT('',(0.12828784258493,0.0572756492761104,0.));
#3107=CARTESIAN_POINT('',(0.12899494936471,0.0565685424963305,3.49909310510752E-18));
#3108=CARTESIAN_POINT('',(0.10778174593052,0.0777817459305202,0.));
#3109=CARTESIAN_POINT('',(0.12828784258493,0.0572756492761104,0.));
#3110=CARTESIAN_POINT('',(0.175,-0.01,-2.54207057918564E-17));
#3111=CARTESIAN_POINT('',(0.175,-0.00999999999999995,-0.02));
#3112=CARTESIAN_POINT('',(0.175,0.01,-0.0199999999999999));
#3113=CARTESIAN_POINT('',(0.175,0.01,-2.4492935982947E-18));
#3114=CARTESIAN_POINT('',(0.178926990816987,-0.01,-2.54207057918564E-17));
#3115=CARTESIAN_POINT('',(0.178926990816987,-0.00999999999999995,-0.02));
#3116=CARTESIAN_POINT('',(0.178926990816987,0.01,-0.0199999999999999));
#3117=CARTESIAN_POINT('',(0.178926990816987,0.01,-2.4492935982947E-18));
#3118=CARTESIAN_POINT('',(0.18677914177399,-0.0110088199880979,-2.79851974032944E-17));
#3119=CARTESIAN_POINT('',(0.18677914177399,-0.0110088199880978,-0.0220176399761957));
#3120=CARTESIAN_POINT('',(0.18677914177399,0.0110088199880979,-0.0220176399761957));
#3121=CARTESIAN_POINT('',(0.18677914177399,0.0110088199880979,-2.69638323216268E-18));
#3122=CARTESIAN_POINT('',(0.196765535391271,-0.0153181343872203,-3.89397787537647E-17));
#3123=CARTESIAN_POINT('',(0.196765535391271,-0.0153181343872202,-0.0306362687744406));
#3124=CARTESIAN_POINT('',(0.196765535391271,0.0153181343872203,-0.0306362687744406));
#3125=CARTESIAN_POINT('',(0.196765535391271,0.0153181343872203,-3.75186084924367E-18));
#3126=CARTESIAN_POINT('',(0.203437937274503,-0.0217674791500845,-5.53344683304665E-17));
#3127=CARTESIAN_POINT('',(0.203437937274503,-0.0217674791500843,-0.0435349583001688));
#3128=CARTESIAN_POINT('',(0.203437937274503,0.0217674791500844,-0.0435349583001688));
#3129=CARTESIAN_POINT('',(0.203437937274503,0.0217674791500845,-5.33149473333152E-18));
#3130=CARTESIAN_POINT('',(0.205781031362749,-0.0293750000000001,-7.46733232635784E-17));
#3131=CARTESIAN_POINT('',(0.205781031362749,-0.0293749999999999,-0.0587500000000001));
#3132=CARTESIAN_POINT('',(0.205781031362749,0.0293750000000001,-0.05875));
#3133=CARTESIAN_POINT('',(0.205781031362749,0.0293750000000001,-7.19479994499071E-18));
#3134=CARTESIAN_POINT('',(0.203437937274503,-0.0369825208499155,-9.40121781966897E-17));
#3135=CARTESIAN_POINT('',(0.203437937274503,-0.0369825208499153,-0.0739650416998308));
#3136=CARTESIAN_POINT('',(0.203437937274503,0.0369825208499154,-0.0739650416998307));
#3137=CARTESIAN_POINT('',(0.203437937274503,0.0369825208499155,-9.05810515664979E-18));
#3138=CARTESIAN_POINT('',(0.196765535391272,-0.0434318656127796,-1.10406867773391E-16));
#3139=CARTESIAN_POINT('',(0.196765535391272,-0.0434318656127793,-0.086863731225559));
#3140=CARTESIAN_POINT('',(0.196765535391272,0.0434318656127795,-0.0868637312255589));
#3141=CARTESIAN_POINT('',(0.196765535391272,0.0434318656127796,-1.06377390407377E-17));
#3142=CARTESIAN_POINT('',(0.18677914177399,-0.0477411800119021,-1.21361449123862E-16));
#3143=CARTESIAN_POINT('',(0.18677914177399,-0.0477411800119019,-0.0954823600238041));
#3144=CARTESIAN_POINT('',(0.18677914177399,0.0477411800119021,-0.095482360023804));
#3145=CARTESIAN_POINT('',(0.18677914177399,0.0477411800119021,-1.16932166578187E-17));
#3146=CARTESIAN_POINT('',(0.178926990816987,-0.04875,-1.239259407353E-16));
#3147=CARTESIAN_POINT('',(0.178926990816987,-0.0487499999999998,-0.0974999999999999));
#3148=CARTESIAN_POINT('',(0.178926990816987,0.04875,-0.0974999999999998));
#3149=CARTESIAN_POINT('',(0.178926990816987,0.04875,-1.19403062916867E-17));
#3150=CARTESIAN_POINT('',(0.175,-0.04875,-1.239259407353E-16));
#3151=CARTESIAN_POINT('',(0.175,-0.0487499999999998,-0.0974999999999999));
#3152=CARTESIAN_POINT('',(0.175,0.04875,-0.0974999999999998));
#3153=CARTESIAN_POINT('',(0.175,0.04875,-1.19403062916867E-17));
#3154=CARTESIAN_POINT('',(0.175,0.029375,0.));
#3155=CARTESIAN_POINT('',(0.175,0.01,0.));
#3156=CARTESIAN_POINT('',(0.175,0.,0.));
#3157=CARTESIAN_POINT('',(0.175,-0.01,2.61768253317747E-18));
#3158=CARTESIAN_POINT('',(0.175,-0.01,6.12323399573677E-19));
#3159=CARTESIAN_POINT('',(0.178282013721429,-0.01,6.12323399573677E-19));
#3160=CARTESIAN_POINT('',(0.184714422100254,-0.0106711884302674,2.54329689682739E-18));
#3161=CARTESIAN_POINT('',(0.192527429196719,-0.0133236297578029,2.37498327416446E-18));
#3162=CARTESIAN_POINT('',(0.198107179519973,-0.01681602665094,3.10299775633059E-18));
#3163=CARTESIAN_POINT('',(0.20109270629916,-0.0196217908026363,3.60273413507484E-18));
#3164=CARTESIAN_POINT('',(0.203015698476162,-0.0223237052321436,4.10112401661735E-18));
#3165=CARTESIAN_POINT('',(0.204116496683342,-0.0245100892177024,4.50234307091422E-18));
#3166=CARTESIAN_POINT('',(0.204834602408573,-0.0269036903667641,4.94215095167535E-18));
#3167=CARTESIAN_POINT('',(0.205080797611556,-0.0293272144926525,5.3873163476714E-18));
#3168=CARTESIAN_POINT('',(0.204841882399735,-0.0318166292957055,5.8446189993728E-18));
#3169=CARTESIAN_POINT('',(0.204142694254491,-0.0341731170284808,6.27750925214631E-18));
#3170=CARTESIAN_POINT('',(0.203031146455352,-0.0364013428618065,6.68678121058516E-18));
#3171=CARTESIAN_POINT('',(0.201619581911314,-0.0383960029595765,7.05336979428629E-18));
#3172=CARTESIAN_POINT('',(0.1999284398612,-0.0402199584370413,7.38776959428915E-18));
#3173=CARTESIAN_POINT('',(0.198071698670205,-0.0418093134521042,7.68217544833928E-18));
#3174=CARTESIAN_POINT('',(0.196068906535557,-0.0432108832571827,7.93051073320452E-18));
#3175=CARTESIAN_POINT('',(0.191780264953885,-0.0456766425656861,8.45160251313328E-18));
#3176=CARTESIAN_POINT('',(0.186397512963041,-0.0475229897014418,7.92982279146489E-18));
#3177=CARTESIAN_POINT('',(0.179903783898176,-0.0485791179936618,1.02778715910401E-17));
#3178=CARTESIAN_POINT('',(0.176641392044646,-0.04875,5.97015314584335E-18));
#3179=CARTESIAN_POINT('',(0.175,-0.04875,5.97015314584335E-18));
#3180=CARTESIAN_POINT('',(0.15,-0.03275,4.76424831349762E-17));
#3181=CARTESIAN_POINT('',(0.15,-0.0327500000000001,-0.0655));
#3182=CARTESIAN_POINT('',(0.15,0.03275,-0.0655000000000001));
#3183=CARTESIAN_POINT('',(0.15,0.03275,-8.02143653441516E-18));
#3184=CARTESIAN_POINT('',(0.166,-0.03275,4.76424831349762E-17));
#3185=CARTESIAN_POINT('',(0.166,-0.0327500000000001,-0.0655));
#3186=CARTESIAN_POINT('',(0.166,0.03275,-0.0655000000000001));
#3187=CARTESIAN_POINT('',(0.166,0.03275,-8.02143653441516E-18));
#3188=CARTESIAN_POINT('',(0.159,-0.01,1.45473230946492E-17));
#3189=CARTESIAN_POINT('',(0.159,-0.01,-0.02));
#3190=CARTESIAN_POINT('',(0.159,0.01,-0.02));
#3191=CARTESIAN_POINT('',(0.159,0.01,-2.44929359829471E-18));
#3192=CARTESIAN_POINT('',(0.175,-0.01,1.45473230946492E-17));
#3193=CARTESIAN_POINT('',(0.175,-0.01,-0.02));
#3194=CARTESIAN_POINT('',(0.175,0.01,-0.02));
#3195=CARTESIAN_POINT('',(0.175,0.01,-2.44929359829471E-18));
#3196=CARTESIAN_POINT('',(0.163783521056609,-0.0182581213335886,-9.50628411315969E-17));
#3197=CARTESIAN_POINT('',(0.163783521056609,-0.0182581213335886,-0.000142704177600782));
#3198=CARTESIAN_POINT('',(0.163696196419843,-0.0184508705531321,-0.000379920476105177));
#3199=CARTESIAN_POINT('',(0.163542262948935,-0.018801001056668,-0.000561189545835474));
#3200=CARTESIAN_POINT('',(0.16338313515009,-0.0191723281513857,-0.00069252107926563));
#3201=CARTESIAN_POINT('',(0.163168781819123,-0.0196841133850397,-0.000819266715995404));
#3202=CARTESIAN_POINT('',(0.162905391685093,-0.0203310985174352,-0.000923844720956267));
#3203=CARTESIAN_POINT('',(0.162593214464533,-0.0211145955057012,-0.00101222618250043));
#3204=CARTESIAN_POINT('',(0.162281962789844,-0.0218998412644096,-0.00108838128215778));
#3205=CARTESIAN_POINT('',(0.161863238947858,-0.0229446546115469,-0.00119698948751551));
#3206=CARTESIAN_POINT('',(0.161324020999425,-0.0242367905488431,-0.00138046112754889));
#3207=CARTESIAN_POINT('',(0.160628324722638,-0.0257241935325722,-0.00172207607401056));
#3208=CARTESIAN_POINT('',(0.159591581217516,-0.0276026548130483,-0.00231973962979287));
#3209=CARTESIAN_POINT('',(0.158617461581976,-0.0288871814716697,-0.00289256968689365));
#3210=CARTESIAN_POINT('',(0.15783304976997,-0.0296344520420472,-0.00323888489087588));
#3211=CARTESIAN_POINT('',(0.16378352105661,-0.0182581213335865,2.65606790140991E-17));
#3212=CARTESIAN_POINT('',(0.15783304976997,-0.0296344520420472,-0.00323888489087589));
#3213=CARTESIAN_POINT('',(0.15,-0.03275,4.01071826720758E-18));
#3214=CARTESIAN_POINT('',(0.158,-0.03275,4.01071826720758E-18));
#3215=CARTESIAN_POINT('',(0.1625,-0.021375,2.61768253317747E-18));
#3216=CARTESIAN_POINT('',(0.167,-0.01,1.22464679914735E-18));
#3217=CARTESIAN_POINT('',(0.175,-0.01,1.22464679914735E-18));
#3218=CARTESIAN_POINT('',(0.15,0.03275,0.));
#3219=CARTESIAN_POINT('',(0.158,0.03275,0.));
#3220=CARTESIAN_POINT('',(0.1625,0.021375,0.));
#3221=CARTESIAN_POINT('',(0.167,0.01,0.));
#3222=CARTESIAN_POINT('',(0.175,0.01,0.));
#3223=CARTESIAN_POINT('',(0.163848809439082,0.0181123360904015,0.));
#3224=CARTESIAN_POINT('',(0.163337462167513,0.0181287636600929,-0.006607185570911));
#3225=CARTESIAN_POINT('',(0.163655980665736,0.0181185309178481,-0.00440479038060733));
#3226=CARTESIAN_POINT('',(0.163848809439082,0.0181123360904015,-0.00220239519030367));
#3227=CARTESIAN_POINT('',(0.163848809439082,0.0181123360904015,0.));
#3228=CARTESIAN_POINT('',(0.163337462167513,0.0181287636600929,-0.006607185570911));
#3229=CARTESIAN_POINT('',(0.15,0.031628397957927,-0.008497466835181));
#3230=CARTESIAN_POINT('',(0.150869659387892,0.0316308218860563,-0.00848844473895131));
#3231=CARTESIAN_POINT('',(0.152580614634916,0.0315147327297129,-0.00842074662076156));
#3232=CARTESIAN_POINT('',(0.155097585148673,0.0307952490626808,-0.0081940583036058));
#3233=CARTESIAN_POINT('',(0.157303239330541,0.0293938112528952,-0.00796817966272378));
#3234=CARTESIAN_POINT('',(0.159042892862009,0.0274361039316287,-0.00783237402543515));
#3235=CARTESIAN_POINT('',(0.160369144841555,0.0251886200154436,-0.00773527841217731));
#3236=CARTESIAN_POINT('',(0.161427691153258,0.022841786568429,-0.00758673595924729));
#3237=CARTESIAN_POINT('',(0.16237009426362,0.0204516466279715,-0.00729104984905242));
#3238=CARTESIAN_POINT('',(0.163002934759883,0.0188768262514926,-0.00689723150462118));
#3239=CARTESIAN_POINT('',(0.163337462167513,0.0181287636600929,-0.00660718557091101));
#3240=CARTESIAN_POINT('',(0.15,0.031628397957927,-0.008497466835181));
#3241=CARTESIAN_POINT('',(0.15,0.,0.));
#3242=CARTESIAN_POINT('',(0.15,0.030966164094333,-0.0106611060065477));
#3243=CARTESIAN_POINT('',(0.15783304976997,0.0280551027446614,-0.0100797982695706));
#3244=CARTESIAN_POINT('',(0.157332823005356,0.028580228948734,-0.0100902030167101));
#3245=CARTESIAN_POINT('',(0.156233078954882,0.0294938660029662,-0.0101925392179269));
#3246=CARTESIAN_POINT('',(0.153614595681924,0.0307348021832595,-0.010482474454658));
#3247=CARTESIAN_POINT('',(0.151445426254754,0.0309661640943329,-0.0106611060065477));
#3248=CARTESIAN_POINT('',(0.15,0.0309661640943329,-0.0106611060065477));
#3249=CARTESIAN_POINT('',(0.15783304976997,0.0280551027446614,-0.0100797982695706));
#3250=CARTESIAN_POINT('',(0.15783304976997,0.0252154353767992,-0.0159019791827057));
#3251=CARTESIAN_POINT('',(0.158616491578484,0.0246962504491786,-0.0152639212815135));
#3252=CARTESIAN_POINT('',(0.159577766385388,0.0238092274527023,-0.0142024937250248));
#3253=CARTESIAN_POINT('',(0.160634635302081,0.0223577420960974,-0.012816392770081));
#3254=CARTESIAN_POINT('',(0.161334813771307,0.0211586293406503,-0.0118504496932602));
#3255=CARTESIAN_POINT('',(0.161875035262458,0.0200733063244181,-0.0111183460478205));
#3256=CARTESIAN_POINT('',(0.162293443112652,0.019181593821671,-0.0105632994965877));
#3257=CARTESIAN_POINT('',(0.162604777958301,0.0185090062347071,-0.0101503942246619));
#3258=CARTESIAN_POINT('',(0.162917001727911,0.0178441905618118,-0.00972679845785959));
#3259=CARTESIAN_POINT('',(0.163180443579288,0.0173097477449723,-0.00934808253145667));
#3260=CARTESIAN_POINT('',(0.163394246370512,0.0169082984098034,-0.00900840879601765));
#3261=CARTESIAN_POINT('',(0.16355435187948,0.0166318820790611,-0.00872432787982376));
#3262=CARTESIAN_POINT('',(0.163681202997865,0.0164433112273852,-0.00845445678338151));
#3263=CARTESIAN_POINT('',(0.163767193767864,0.0163602228307694,-0.00818845609272552));
#3264=CARTESIAN_POINT('',(0.163794676406529,0.0164011954367397,-0.00796639129032284));
#3265=CARTESIAN_POINT('',(0.163752072377921,0.016574499746311,-0.00782543193692483));
#3266=CARTESIAN_POINT('',(0.163662624053643,0.0168353210473683,-0.00774617056068063));
#3267=CARTESIAN_POINT('',(0.163532469808978,0.0171692243984208,-0.00773759692259264));
#3268=CARTESIAN_POINT('',(0.163374030256288,0.0175574406333462,-0.00778643764707174));
#3269=CARTESIAN_POINT('',(0.163159985413635,0.0180721798958268,-0.00789813771668955));
#3270=CARTESIAN_POINT('',(0.162897354410458,0.0186975570502037,-0.00808876140272271));
#3271=CARTESIAN_POINT('',(0.16258581839627,0.0194390045298238,-0.00835273386966372));
#3272=CARTESIAN_POINT('',(0.162275168871381,0.0201766444059837,-0.00862802143696678));
#3273=CARTESIAN_POINT('',(0.16185714336584,0.0211614547121563,-0.00898734389054225));
#3274=CARTESIAN_POINT('',(0.161318646473293,0.0224009430313662,-0.00938711060223395));
#3275=CARTESIAN_POINT('',(0.160624180967367,0.0238840300390161,-0.00973066488390849));
#3276=CARTESIAN_POINT('',(0.159846445735594,0.0253456052862555,-0.00994361189309396));
#3277=CARTESIAN_POINT('',(0.158943610470368,0.026760208849579,-0.0100497119543223));
#3278=CARTESIAN_POINT('',(0.158224479441825,0.0276441891505017,-0.0100716565085801));
#3279=CARTESIAN_POINT('',(0.15783304976997,0.0280551027446614,-0.0100797982695706));
#3280=CARTESIAN_POINT('',(0.15783304976997,0.0252154353767992,-0.0159019791827057));
#3281=CARTESIAN_POINT('',(0.15,0.0274657404499942,-0.0178380380516903));
#3282=CARTESIAN_POINT('',(0.151445365159138,0.0274657404499942,-0.0178380380516903));
#3283=CARTESIAN_POINT('',(0.153583705324454,0.0271881188315605,-0.017767873380007));
#3284=CARTESIAN_POINT('',(0.156211621685292,0.0262018464054331,-0.0169777216255985));
#3285=CARTESIAN_POINT('',(0.157330741300317,0.0255483139436896,-0.0163110738779531));
#3286=CARTESIAN_POINT('',(0.15783304976997,0.0252154353767992,-0.0159019791827057));
#3287=CARTESIAN_POINT('',(0.15,0.0274657404499942,-0.0178380380516903));
#3288=CARTESIAN_POINT('',(0.15,0.,0.));
#3289=CARTESIAN_POINT('',(0.15,0.0257199486066273,-0.0202742877475992));
#3290=CARTESIAN_POINT('',(0.15783304976997,0.0231632992716128,-0.018765731800877));
#3291=CARTESIAN_POINT('',(0.157332823005356,0.0236556348074001,-0.0189486840054765));
#3292=CARTESIAN_POINT('',(0.156233078954882,0.0244844502307118,-0.0193465160793798));
#3293=CARTESIAN_POINT('',(0.153614595681924,0.0255604155182525,-0.0200293658030135));
#3294=CARTESIAN_POINT('',(0.151445426254754,0.0257199486066273,-0.0202742877475993));
#3295=CARTESIAN_POINT('',(0.15,0.0257199486066273,-0.0202742877475993));
#3296=CARTESIAN_POINT('',(0.15783304976997,0.0231632992716128,-0.018765731800877));
#3297=CARTESIAN_POINT('',(0.15783304976997,0.0185628819059583,-0.0233261771088662));
#3298=CARTESIAN_POINT('',(0.158616491578484,0.0182830868373971,-0.0225526232361772));
#3299=CARTESIAN_POINT('',(0.159577766385389,0.0177956009015859,-0.021258097950082));
#3300=CARTESIAN_POINT('',(0.160634635302082,0.0168822540313885,-0.0194709541135539));
#3301=CARTESIAN_POINT('',(0.161334813771309,0.0160686472410414,-0.0181636816023159));
#3302=CARTESIAN_POINT('',(0.16187503526246,0.0152853734211002,-0.0171146897433265));
#3303=CARTESIAN_POINT('',(0.162293443112654,0.0146265110935364,-0.0162966871180803));
#3304=CARTESIAN_POINT('',(0.162604777958303,0.0141276595429645,-0.0156851219488508));
#3305=CARTESIAN_POINT('',(0.162917001727913,0.0136396699272861,-0.0150660263281499));
#3306=CARTESIAN_POINT('',(0.163180443579291,0.013259967430028,-0.0145322839830442));
#3307=CARTESIAN_POINT('',(0.163394246370514,0.0129929507734667,-0.0140792476485478));
#3308=CARTESIAN_POINT('',(0.163554351879483,0.0128256479711242,-0.0137199180962216));
#3309=CARTESIAN_POINT('',(0.163681202997867,0.012736594276415,-0.0134029657113819));
#3310=CARTESIAN_POINT('',(0.163767193767866,0.0127458493727934,-0.0131244439128213));
#3311=CARTESIAN_POINT('',(0.163794676406529,0.0128577438482264,-0.0129283032559601));
#3312=CARTESIAN_POINT('',(0.163752072377918,0.0130678315242588,-0.0128523618877502));
#3313=CARTESIAN_POINT('',(0.16366262405364,0.0133402017851491,-0.0128635224357432));
#3314=CARTESIAN_POINT('',(0.163532469808975,0.0136582629210228,-0.0129655129694246));
#3315=CARTESIAN_POINT('',(0.163374030256285,0.0140086712759852,-0.0131396142221482));
#3316=CARTESIAN_POINT('',(0.163159985413632,0.0144578044940293,-0.0134147737510413));
#3317=CARTESIAN_POINT('',(0.162897354410456,0.0149853693530297,-0.0138009204776112));
#3318=CARTESIAN_POINT('',(0.162585818396267,0.0155983325247793,-0.0142945822833203));
#3319=CARTESIAN_POINT('',(0.162275168871378,0.0162039704971682,-0.0147976712198042));
#3320=CARTESIAN_POINT('',(0.161857143365838,0.0170152538428187,-0.0154615863483082));
#3321=CARTESIAN_POINT('',(0.161318646473291,0.0180536418107563,-0.0162476494152897));
#3322=CARTESIAN_POINT('',(0.160624180967366,0.0193405413381565,-0.0170609551530597));
#3323=CARTESIAN_POINT('',(0.159846445735594,0.020650191844687,-0.0177438637727188));
#3324=CARTESIAN_POINT('',(0.158943610470367,0.02195072333938,-0.0183104132371706));
#3325=CARTESIAN_POINT('',(0.158224479441825,0.0227780445214712,-0.0186225708857135));
#3326=CARTESIAN_POINT('',(0.15783304976997,0.0231632992716128,-0.018765731800877));
#3327=CARTESIAN_POINT('',(0.15783304976997,0.0185628819059583,-0.0233261771088662));
#3328=CARTESIAN_POINT('',(0.15,0.0200490697203136,-0.0258958935615283));
#3329=CARTESIAN_POINT('',(0.151445365159138,0.0200490697203136,-0.0258958935615283));
#3330=CARTESIAN_POINT('',(0.153583705324454,0.0198101028344085,-0.0257381226148524));
#3331=CARTESIAN_POINT('',(0.156211621685292,0.0191394795075519,-0.0246669842264963));
#3332=CARTESIAN_POINT('',(0.157330741300317,0.0187422742120339,-0.0238221458684624));
#3333=CARTESIAN_POINT('',(0.15783304976997,0.0185628819059583,-0.0233261771088662));
#3334=CARTESIAN_POINT('',(0.15,0.0200490697203136,-0.0258958935615283));
#3335=CARTESIAN_POINT('',(0.15,0.,0.));
#3336=CARTESIAN_POINT('',(0.15,0.0175976780748341,-0.027620358911037));
#3337=CARTESIAN_POINT('',(0.15783304976997,0.0156813302921423,-0.0253532444361167));
#3338=CARTESIAN_POINT('',(0.157332823005356,0.0160858212354416,-0.0256882860242153));
#3339=CARTESIAN_POINT('',(0.156233078954882,0.0167371352633709,-0.0263371276088629));
#3340=CARTESIAN_POINT('',(0.153614595681924,0.0175278131116596,-0.0273365342254533));
#3341=CARTESIAN_POINT('',(0.151445426254754,0.0175976780748341,-0.0276203589110371));
#3342=CARTESIAN_POINT('',(0.15,0.0175976780748341,-0.0276203589110371));
#3343=CARTESIAN_POINT('',(0.15783304976997,0.0156813302921423,-0.0253532444361167));
#3344=CARTESIAN_POINT('',(0.15783304976997,0.00983459061172693,-0.0281419962097304));
#3345=CARTESIAN_POINT('',(0.158616491578484,0.00982547263497067,-0.0273194466751472));
#3346=CARTESIAN_POINT('',(0.159577766385388,0.00979203539225728,-0.0259365800131899));
#3347=CARTESIAN_POINT('',(0.160634635302082,0.00951895924493606,-0.0239482352202771));
#3348=CARTESIAN_POINT('',(0.161334813771309,0.00918183752501678,-0.0224458150480565));
#3349=CARTESIAN_POINT('',(0.16187503526246,0.00878820011451487,-0.0211972353003895));
#3350=CARTESIAN_POINT('',(0.162293443112654,0.0084358632384556,-0.0202077472573284));
#3351=CARTESIAN_POINT('',(0.162604777958303,0.00816653028201819,-0.0194659086062058));
#3352=CARTESIAN_POINT('',(0.162917001727913,0.0079099346784593,-0.0187205416168542));
#3353=CARTESIAN_POINT('',(0.16318044357929,0.00772743157794327,-0.0180914569677926));
#3354=CARTESIAN_POINT('',(0.163394246370514,0.00762470592567001,-0.017575717444758));
#3355=CARTESIAN_POINT('',(0.163554351879483,0.00758522477886503,-0.0171813201908454));
#3356=CARTESIAN_POINT('',(0.163681202997867,0.00760564639974083,-0.0168527287542598));
#3357=CARTESIAN_POINT('',(0.163767193767867,0.00770621006609996,-0.0165928307009946));
#3358=CARTESIAN_POINT('',(0.163794676406529,0.00787651415152228,-0.0164445470222065));
#3359=CARTESIAN_POINT('',(0.163752072377919,0.00809989277847131,-0.0164421155517577));
#3360=CARTESIAN_POINT('',(0.16366262405364,0.00835335502299059,-0.0165424500296424));
#3361=CARTESIAN_POINT('',(0.163532469808975,0.00862000772432236,-0.0167435999537946));
#3362=CARTESIAN_POINT('',(0.163374030256285,0.00889342485054478,-0.0170234933915803));
#3363=CARTESIAN_POINT('',(0.163159985413632,0.00922672906776342,-0.0174313435021305));
#3364=CARTESIAN_POINT('',(0.162897354410456,0.00959748829524118,-0.0179698335857279));
#3365=CARTESIAN_POINT('',(0.162585818396268,0.01001342441633,-0.0186379824999012));
#3366=CARTESIAN_POINT('',(0.162275168871379,0.010419336860301,-0.0193126164150297));
#3367=CARTESIAN_POINT('',(0.161857143365839,0.0109663739522409,-0.0202068839280414));
#3368=CARTESIAN_POINT('',(0.161318646473291,0.0116875469919086,-0.0212913442380976));
#3369=CARTESIAN_POINT('',(0.160624180967366,0.0126343554125946,-0.0224834559909258));
#3370=CARTESIAN_POINT('',(0.159846445735593,0.013645633492891,-0.0235599620412444));
#3371=CARTESIAN_POINT('',(0.158943610470367,0.0146866649391973,-0.0245236082378126));
#3372=CARTESIAN_POINT('',(0.158224479441824,0.015364814326976,-0.0250910729007968));
#3373=CARTESIAN_POINT('',(0.15783304976997,0.0156813302921423,-0.0253532444361167));
#3374=CARTESIAN_POINT('',(0.15783304976997,0.00983459061172692,-0.0281419962097304));
#3375=CARTESIAN_POINT('',(0.15,0.0103904727340808,-0.0310580195177079));
#3376=CARTESIAN_POINT('',(0.151445365159138,0.0103904727340808,-0.0310580195177079));
#3377=CARTESIAN_POINT('',(0.153583705324453,0.0102168823260737,-0.0308302845524037));
#3378=CARTESIAN_POINT('',(0.156211621685292,0.00993689851279181,-0.0295979363232759));
#3379=CARTESIAN_POINT('',(0.157330741300317,0.00984043665785446,-0.0286693788352682));
#3380=CARTESIAN_POINT('',(0.15783304976997,0.00983459061172696,-0.0281419962097304));
#3381=CARTESIAN_POINT('',(0.15,0.0103904727340807,-0.0310580195177079));
#3382=CARTESIAN_POINT('',(0.15,0.,0.));
#3383=CARTESIAN_POINT('',(0.15,0.00750760070308814,-0.031877867426837));
#3384=CARTESIAN_POINT('',(0.15783304976997,0.00644584423631579,-0.0291057076060675));
#3385=CARTESIAN_POINT('',(0.157332823005356,0.00671725961736297,-0.0295553735708656));
#3386=CARTESIAN_POINT('',(0.156233078954882,0.00711824103924307,-0.0303826699290424));
#3387=CARTESIAN_POINT('',(0.153614595681924,0.0075352163021765,-0.0315868778326707));
#3388=CARTESIAN_POINT('',(0.151445426254754,0.00750760070308809,-0.031877867426837));
#3389=CARTESIAN_POINT('',(0.15,0.00750760070308809,-0.031877867426837));
#3390=CARTESIAN_POINT('',(0.15783304976997,0.00644584423631577,-0.0291057076060675));
#3391=CARTESIAN_POINT('',(0.15783304976997,6.57612722040359E-6,-0.0298109221582174));
#3392=CARTESIAN_POINT('',(0.158616491578485,0.000269154832294098,-0.0290313560622475));
#3393=CARTESIAN_POINT('',(0.159577766385389,0.00069350530066951,-0.0277147828838994));
#3394=CARTESIAN_POINT('',(0.160634635302083,0.0010912357860328,-0.0257475777449377));
#3395=CARTESIAN_POINT('',(0.161334813771311,0.00126829674775594,-0.0242180134789542));
#3396=CARTESIAN_POINT('',(0.161875035262462,0.00130831305315581,-0.0229094644762281));
#3397=CARTESIAN_POINT('',(0.162293443112656,0.00130190062838493,-0.0218591375069456));
#3398=CARTESIAN_POINT('',(0.162604777958305,0.00129220360495231,-0.021069979225319));
#3399=CARTESIAN_POINT('',(0.162917001727916,0.00129569503662807,-0.0202816892643995));
#3400=CARTESIAN_POINT('',(0.163180443579293,0.00133079918711786,-0.0196276077893508));
#3401=CARTESIAN_POINT('',(0.163394246370517,0.00140385152283106,-0.0191068360816878));
#3402=CARTESIAN_POINT('',(0.163554351879486,0.00149660689075375,-0.0187214733998303));
#3403=CARTESIAN_POINT('',(0.16368120299787,0.00162422024155853,-0.0184179866497187));
#3404=CARTESIAN_POINT('',(0.163767193767869,0.00180484725170461,-0.0182057746512629));
#3405=CARTESIAN_POINT('',(0.163794676406528,0.00201451721062402,-0.0181219293220348));
#3406=CARTESIAN_POINT('',(0.163752072377916,0.00222620815277531,-0.0181932796411421));
#3407=CARTESIAN_POINT('',(0.163662624053638,0.00243241973615263,-0.018371568451026));
#3408=CARTESIAN_POINT('',(0.163532469808972,0.00261784637544831,-0.0186493847870346));
#3409=CARTESIAN_POINT('',(0.163374030256282,0.0027836982341933,-0.0190037721772984));
#3410=CARTESIAN_POINT('',(0.163159985413629,0.00296390272000138,-0.0194987062710785));
#3411=CARTESIAN_POINT('',(0.162897354410454,0.00313639729274366,-0.020129324695537));
#3412=CARTESIAN_POINT('',(0.162585818396266,0.00330879557120203,-0.0208972469975451));
#3413=CARTESIAN_POINT('',(0.162275168871377,0.00346959256200121,-0.0216679870051749));
#3414=CARTESIAN_POINT('',(0.161857143365837,0.00369121264084694,-0.0226926081573271));
#3415=CARTESIAN_POINT('',(0.16131864647329,0.00401452777001607,-0.0239541992338957));
#3416=CARTESIAN_POINT('',(0.160624180967365,0.00451537111138565,-0.025391812729977));
#3417=CARTESIAN_POINT('',(0.159846445735593,0.00511519366919832,-0.0267415391953013));
#3418=CARTESIAN_POINT('',(0.158943610470367,0.00578031489118782,-0.0279945253182957));
#3419=CARTESIAN_POINT('',(0.158224479441824,0.00623346049147261,-0.028753841985321));
#3420=CARTESIAN_POINT('',(0.15783304976997,0.00644584423631579,-0.0291057076060675));
#3421=CARTESIAN_POINT('',(0.15783304976997,6.57612722040337E-6,-0.0298109221582174));
#3422=CARTESIAN_POINT('',(0.15,-0.000430007270441082,-0.0327471768820973));
#3423=CARTESIAN_POINT('',(0.151445365159138,-0.000430007270441082,-0.0327471768820973));
#3424=CARTESIAN_POINT('',(0.153583705324454,-0.000518809981026079,-0.0324749436681668));
#3425=CARTESIAN_POINT('',(0.156211621685292,-0.000376845942183551,-0.0312191891916827));
#3426=CARTESIAN_POINT('',(0.157330741300317,-0.000161777802931889,-0.0303107456912536));
#3427=CARTESIAN_POINT('',(0.15783304976997,6.5761272203986E-6,-0.0298109221582174));
#3428=CARTESIAN_POINT('',(0.15,-0.00043000727044114,-0.0327471768820973));
#3429=CARTESIAN_POINT('',(0.15,0.,0.));
#3430=CARTESIAN_POINT('',(0.15,-0.0034219912882768,-0.03257073035139));
#3431=CARTESIAN_POINT('',(0.15783304976997,-0.00351042875080659,-0.0296035135271855));
#3432=CARTESIAN_POINT('',(0.157332823005356,-0.00340243913168124,-0.0301175213395074));
#3433=CARTESIAN_POINT('',(0.156233078954882,-0.00329662884405361,-0.0310307625715911));
#3434=CARTESIAN_POINT('',(0.153614595681924,-0.00329998315732042,-0.0323051148751719));
#3435=CARTESIAN_POINT('',(0.151445426254754,-0.00342199128827686,-0.03257073035139));
#3436=CARTESIAN_POINT('',(0.15,-0.00342199128827686,-0.03257073035139));
#3437=CARTESIAN_POINT('',(0.15783304976997,-0.0035104287508066,-0.0296035135271855));
#3438=CARTESIAN_POINT('',(0.15783304976997,-0.0098221737127159,-0.0281463323849836));
#3439=CARTESIAN_POINT('',(0.158616491578484,-0.00931726039106179,-0.0274969223358163));
#3440=CARTESIAN_POINT('',(0.159577766385389,-0.00848257391236516,-0.0263938644333309));
#3441=CARTESIAN_POINT('',(0.160634635302082,-0.00745851179642987,-0.0246677756811379));
#3442=CARTESIAN_POINT('',(0.16133481377131,-0.00678706745670407,-0.0232821061943598));
#3443=CARTESIAN_POINT('',(0.161875035262461,-0.00631787213707269,-0.022059912449789));
#3444=CARTESIAN_POINT('',(0.162293443112655,-0.00597764306065313,-0.0210661961738072));
#3445=CARTESIAN_POINT('',(0.162604777958304,-0.00572661981092283,-0.0203179634868589));
#3446=CARTESIAN_POINT('',(0.162917001727914,-0.00546343176274259,-0.0195748986822314));
#3447=CARTESIAN_POINT('',(0.163180443579292,-0.00521464577613208,-0.0189689610532221));
#3448=CARTESIAN_POINT('',(0.163394246370515,-0.00497398430773757,-0.0185013908735856));
#3449=CARTESIAN_POINT('',(0.163554351879484,-0.00475936451205826,-0.0181681547738765));
#3450=CARTESIAN_POINT('',(0.163681202997868,-0.00453882940623596,-0.0179237091932313));
#3451=CARTESIAN_POINT('',(0.163767193767867,-0.00429833711846841,-0.0177829132110206));
#3452=CARTESIAN_POINT('',(0.163794676406529,-0.00407274699165163,-0.0177728819803284));
#3453=CARTESIAN_POINT('',(0.163752072377918,-0.00389641543019344,-0.017910035556511));
#3454=CARTESIAN_POINT('',(0.16366262405364,-0.00376051349122167,-0.0181463420943652));
#3455=CARTESIAN_POINT('',(0.163532469808975,-0.00367704768405617,-0.0184697588752349));
#3456=CARTESIAN_POINT('',(0.163374030256284,-0.00363730697257222,-0.0188590119256765));
#3457=CARTESIAN_POINT('',(0.163159985413631,-0.00363035303683532,-0.0193856855026377));
#3458=CARTESIAN_POINT('',(0.162897354410455,-0.00367541179990645,-0.0200379152802185));
#3459=CARTESIAN_POINT('',(0.162585818396267,-0.00376582927733976,-0.0208197403937265));
#3460=CARTESIAN_POINT('',(0.162275168871378,-0.00386812837425959,-0.0216004008361605));
#3461=CARTESIAN_POINT('',(0.161857143365838,-0.00399670729992547,-0.0226408004827679));
#3462=CARTESIAN_POINT('',(0.161318646473291,-0.00410740381244236,-0.0239384487399416));
#3463=CARTESIAN_POINT('',(0.160624180967366,-0.00410853083408,-0.025460807221553));
#3464=CARTESIAN_POINT('',(0.159846445735593,-0.00398723713234643,-0.0269328250441284));
#3465=CARTESIAN_POINT('',(0.158943610470367,-0.003772401292831,-0.0283350397304081));
#3466=CARTESIAN_POINT('',(0.158224479441825,-0.00359493110887323,-0.0292013001241041));
#3467=CARTESIAN_POINT('',(0.15783304976997,-0.00351042875080658,-0.0296035135271854));
#3468=CARTESIAN_POINT('',(0.15783304976997,-0.00982217371271591,-0.0281463323849836));
#3469=CARTESIAN_POINT('',(0.15,-0.011202403019506,-0.030774480768789));
#3470=CARTESIAN_POINT('',(0.151445365159138,-0.011202403019506,-0.030774480768789));
#3471=CARTESIAN_POINT('',(0.153583705324454,-0.0111964879395875,-0.0304881909575771));
#3472=CARTESIAN_POINT('',(0.156211621685292,-0.0106484507455819,-0.0293494511595896));
#3473=CARTESIAN_POINT('',(0.157330741300317,-0.0101459019528369,-0.0285627055787926));
#3474=CARTESIAN_POINT('',(0.15783304976997,-0.00982217371271588,-0.0281463323849836));
#3475=CARTESIAN_POINT('',(0.15,-0.0112024030195058,-0.030774480768789));
#3476=CARTESIAN_POINT('',(0.15,0.,0.));
#3477=CARTESIAN_POINT('',(0.15,-0.0139689295093719,-0.0296214703950057));
#3478=CARTESIAN_POINT('',(0.15783304976997,-0.0130741587173311,-0.0267909965660626));
#3479=CARTESIAN_POINT('',(0.157332823005356,-0.013141670470913,-0.0273118688652829));
#3480=CARTESIAN_POINT('',(0.156233078954882,-0.0133428632312053,-0.0282089345474665));
#3481=CARTESIAN_POINT('',(0.153614595681924,-0.0137661720347913,-0.0294109306796841));
#3482=CARTESIAN_POINT('',(0.151445426254754,-0.0139689295093719,-0.0296214703950057));
#3483=CARTESIAN_POINT('',(0.15,-0.0139689295093719,-0.0296214703950057));
#3484=CARTESIAN_POINT('',(0.15783304976997,-0.0130741587173311,-0.0267909965660626));
#3485=CARTESIAN_POINT('',(0.15783304976997,-0.0185525888443518,-0.0233343645797604));
#3486=CARTESIAN_POINT('',(0.158616491578484,-0.0178618013029783,-0.0228877288814268));
#3487=CARTESIAN_POINT('',(0.159577766385388,-0.0167101150913383,-0.0221215323505869));
#3488=CARTESIAN_POINT('',(0.160634635302082,-0.0151742339769928,-0.0208295746112105));
#3489=CARTESIAN_POINT('',(0.161334813771309,-0.0140834884808362,-0.0197427481804728));
#3490=CARTESIAN_POINT('',(0.16187503526246,-0.013237580486869,-0.0187435777931148));
#3491=CARTESIAN_POINT('',(0.162293443112653,-0.0125887549911668,-0.0179175915113168));
#3492=CARTESIAN_POINT('',(0.162604777958302,-0.0121050813798665,-0.0172939532640499));
#3493=CARTESIAN_POINT('',(0.162917001727912,-0.0116116269183716,-0.0166792045779908));
#3494=CARTESIAN_POINT('',(0.16318044357929,-0.0111769788320881,-0.0161891679278585));
#3495=CARTESIAN_POINT('',(0.163394246370513,-0.0107956194679156,-0.0158270838898053));
#3496=CARTESIAN_POINT('',(0.163554351879482,-0.0104831344505184,-0.0155832374857948));
#3497=CARTESIAN_POINT('',(0.163681202997866,-0.0101943382572864,-0.0154251674583651));
#3498=CARTESIAN_POINT('',(0.163767193767866,-0.00992087301069148,-0.0153715315749778));
#3499=CARTESIAN_POINT('',(0.163794676406529,-0.00970458864593388,-0.0154364361546915));
#3500=CARTESIAN_POINT('',(0.163752072377919,-0.00958333420584125,-0.0156240562063497));
#3501=CARTESIAN_POINT('',(0.163662624053641,-0.00953293873235251,-0.0158919562121372));
#3502=CARTESIAN_POINT('',(0.163532469808976,-0.00956076706740192,-0.016224808339789));
#3503=CARTESIAN_POINT('',(0.163374030256286,-0.00965158138739701,-0.0166054000116778));
#3504=CARTESIAN_POINT('',(0.163159985413633,-0.00981865560445089,-0.0171049194005781));
#3505=CARTESIAN_POINT('',(0.162897354410457,-0.0100762291441685,-0.0177058269196942));
#3506=CARTESIAN_POINT('',(0.162585818396269,-0.0104193517180202,-0.0184141296287466));
#3507=CARTESIAN_POINT('',(0.162275168871379,-0.0107733076172153,-0.0191174155258306));
#3508=CARTESIAN_POINT('',(0.161857143365839,-0.0112377076000121,-0.0200572541400432));
#3509=CARTESIAN_POINT('',(0.161318646473292,-0.0117700374533069,-0.0212458540073338));
#3510=CARTESIAN_POINT('',(0.160624180967366,-0.0122730088121852,-0.0226827243664346));
#3511=CARTESIAN_POINT('',(0.159846445735594,-0.012643807265899,-0.024112429629342));
#3512=CARTESIAN_POINT('',(0.158943610470367,-0.0129032801733422,-0.0255070744854478));
#3513=CARTESIAN_POINT('',(0.158224479441825,-0.0130213304693838,-0.0263834116714014));
#3514=CARTESIAN_POINT('',(0.15783304976997,-0.0130741587173311,-0.0267909965660626));
#3515=CARTESIAN_POINT('',(0.15783304976997,-0.0185525888443518,-0.0233343645797604));
#3516=CARTESIAN_POINT('',(0.15,-0.0207221241150197,-0.025360521922108));
#3517=CARTESIAN_POINT('',(0.151445365159138,-0.0207221241150197,-0.025360521922108));
#3518=CARTESIAN_POINT('',(0.153583705324453,-0.0206221526804234,-0.0250921890012075));
#3519=CARTESIAN_POINT('',(0.156211621685292,-0.0197293249240111,-0.0241977999969629));
#3520=CARTESIAN_POINT('',(0.157330741300317,-0.0189954914683782,-0.023620727768046));
#3521=CARTESIAN_POINT('',(0.15783304976997,-0.0185525888443518,-0.0233343645797604));
#3522=CARTESIAN_POINT('',(0.15,-0.0207221241150197,-0.0253605219221079));
#3523=CARTESIAN_POINT('',(0.15,0.,0.));
#3524=CARTESIAN_POINT('',(0.15,-0.0229538346646007,-0.0233598795842396));
#3525=CARTESIAN_POINT('',(0.15783304976997,-0.0211759106410032,-0.0209826578796155));
#3526=CARTESIAN_POINT('',(0.157332823005356,-0.0214113744707368,-0.0214521497047349));
#3527=CARTESIAN_POINT('',(0.156233078954882,-0.0218970725103135,-0.0222327281948926));
#3528=CARTESIAN_POINT('',(0.153614595681924,-0.0226930005844487,-0.0232279585932742));
#3529=CARTESIAN_POINT('',(0.151445426254754,-0.0229538346646008,-0.0233598795842395));
#3530=CARTESIAN_POINT('',(0.15,-0.0229538346646008,-0.0233598795842395));
#3531=CARTESIAN_POINT('',(0.15783304976997,-0.0211759106410032,-0.0209826578796155));
#3532=CARTESIAN_POINT('',(0.15783304976997,-0.0252084171429126,-0.0159131024102045));
#3533=CARTESIAN_POINT('',(0.158616491578484,-0.0244090005980964,-0.0157191847415472));
#3534=CARTESIAN_POINT('',(0.159577766385389,-0.0230690984620982,-0.0153755271795741));
#3535=CARTESIAN_POINT('',(0.160634635302082,-0.0211931435846683,-0.0146621696986522));
#3536=CARTESIAN_POINT('',(0.161334813771309,-0.0198050662304649,-0.0139957173847654));
#3537=CARTESIAN_POINT('',(0.161875035262461,-0.0186770366513625,-0.0133312995449225));
#3538=CARTESIAN_POINT('',(0.162293443112654,-0.0177921676744944,-0.0127654066616232));
#3539=CARTESIAN_POINT('',(0.162604777958303,-0.01712992903246,-0.0123360993046873));
#3540=CARTESIAN_POINT('',(0.162917001727913,-0.0164613872023173,-0.0119184091396962));
#3541=CARTESIAN_POINT('',(0.163180443579291,-0.0158894802169377,-0.0115990703267449));
#3542=CARTESIAN_POINT('',(0.163394246370515,-0.0154100673082531,-0.0113829613768107));
#3543=CARTESIAN_POINT('',(0.163554351879483,-0.0150346597560074,-0.0112557720511438));
#3544=CARTESIAN_POINT('',(0.163681202997867,-0.0147098962315061,-0.01120175327709));
#3545=CARTESIAN_POINT('',(0.163767193767867,-0.0144340374457329,-0.0112412751620933));
#3546=CARTESIAN_POINT('',(0.163794676406529,-0.0142512441844505,-0.0113738577949539));
#3547=CARTESIAN_POINT('',(0.163752072377918,-0.0141986257747832,-0.0115909642803253));
#3548=CARTESIAN_POINT('',(0.16366262405364,-0.014239372087359,-0.0118605006505249));
#3549=CARTESIAN_POINT('',(0.163532469808975,-0.0143753827456785,-0.0121655679479159));
#3550=CARTESIAN_POINT('',(0.163374030256285,-0.0145865970619671,-0.0124949397348404));
#3551=CARTESIAN_POINT('',(0.163159985413632,-0.0149090168655263,-0.0129114476989469));
#3552=CARTESIAN_POINT('',(0.162897354410456,-0.015350302804038,-0.0133938383035036));
#3553=CARTESIAN_POINT('',(0.162585818396268,-0.0159077618358491,-0.0139494148114568));
#3554=CARTESIAN_POINT('',(0.162275168871379,-0.0164737944951963,-0.0144966833562905));
#3555=CARTESIAN_POINT('',(0.161857143365839,-0.0172220854191876,-0.0152308663429213));
#3556=CARTESIAN_POINT('',(0.161318646473291,-0.018116522446117,-0.0161775062544451));
#3557=CARTESIAN_POINT('',(0.160624180967366,-0.0190650948994564,-0.0173682148323429));
#3558=CARTESIAN_POINT('',(0.159846445735593,-0.0198865220990496,-0.0185957350919838));
#3559=CARTESIAN_POINT('',(0.158943610470367,-0.0205912889845777,-0.019826858197697));
#3560=CARTESIAN_POINT('',(0.158224479441824,-0.0209916591452295,-0.0206152784348419));
#3561=CARTESIAN_POINT('',(0.15783304976997,-0.0211759106410032,-0.0209826578796155));
#3562=CARTESIAN_POINT('',(0.15783304976997,-0.0252084171429126,-0.0159131024102045));
#3563=CARTESIAN_POINT('',(0.15,-0.0279246566929075,-0.0171106998273962));
#3564=CARTESIAN_POINT('',(0.151445365159138,-0.0279246566929075,-0.0171106998273962));
#3565=CARTESIAN_POINT('',(0.153583705324453,-0.0277418079053153,-0.016890329309744));
#3566=CARTESIAN_POINT('',(0.156211621685292,-0.0266040273354591,-0.0163403034299969));
#3567=CARTESIAN_POINT('',(0.157330741300317,-0.0257209679116844,-0.0160374339002058));
#3568=CARTESIAN_POINT('',(0.15783304976997,-0.0252084171429126,-0.0159131024102045));
#3569=CARTESIAN_POINT('',(0.15,-0.0279246566929075,-0.0171106998273962));
#3570=CARTESIAN_POINT('',(0.15,0.,0.));
#3571=CARTESIAN_POINT('',(0.15,-0.0293719970561498,-0.0144861412713506));
#3572=CARTESIAN_POINT('',(0.15783304976997,-0.0269097307486486,-0.0128279972795437));
#3573=CARTESIAN_POINT('',(0.157332823005356,-0.0272868166277689,-0.0131936091348422));
#3574=CARTESIAN_POINT('',(0.156233078954882,-0.028002708240258,-0.0137704146168839));
#3575=CARTESIAN_POINT('',(0.153614595681924,-0.0290822533482989,-0.0144475906684126));
#3576=CARTESIAN_POINT('',(0.151445426254754,-0.0293719970561498,-0.0144861412713505));
#3577=CARTESIAN_POINT('',(0.15,-0.0293719970561498,-0.0144861412713505));
#3578=CARTESIAN_POINT('',(0.15783304976997,-0.0269097307486486,-0.0128279972795437));
#3579=CARTESIAN_POINT('',(0.15783304976997,-0.0290453908478582,-0.00671240595195965));
#3580=CARTESIAN_POINT('',(0.158616491578485,-0.0282267376238689,-0.00679289056661439));
#3581=CARTESIAN_POINT('',(0.15957776638539,-0.0268484500455147,-0.00691020043538684));
#3582=CARTESIAN_POINT('',(0.160634635302084,-0.0248421943547911,-0.00685521224405705));
#3583=CARTESIAN_POINT('',(0.161334813771311,-0.0233120026718285,-0.00668365805048264));
#3584=CARTESIAN_POINT('',(0.161875035262463,-0.0220279899851768,-0.00642828926274321));
#3585=CARTESIAN_POINT('',(0.162293443112656,-0.0210060253097842,-0.00618576902885836));
#3586=CARTESIAN_POINT('',(0.162604777958306,-0.0202392744594349,-0.00599879855201143));
#3587=CARTESIAN_POINT('',(0.162917001727916,-0.0194704029179075,-0.00582487384068209));
#3588=CARTESIAN_POINT('',(0.163180443579294,-0.0188251887930248,-0.00571194195663003));
#3589=CARTESIAN_POINT('',(0.163394246370518,-0.0183013312305498,-0.00566597382100114));
#3590=CARTESIAN_POINT('',(0.163554351879486,-0.0179049799514521,-0.00566966413326452));
#3591=CARTESIAN_POINT('',(0.16368120299787,-0.0175805647892724,-0.00572573709773902));
#3592=CARTESIAN_POINT('',(0.163767193767869,-0.0173331595342137,-0.0058539973365209));
#3593=CARTESIAN_POINT('',(0.163794676406528,-0.0172042976770199,-0.0060394323727661));
#3594=CARTESIAN_POINT('',(0.163752072377916,-0.0172261991914405,-0.0062617480192953));
#3595=CARTESIAN_POINT('',(0.163662624053637,-0.01735353095758,-0.0065027806689101));
#3596=CARTESIAN_POINT('',(0.163532469808972,-0.0175825149608816,-0.00674594991315287));
#3597=CARTESIAN_POINT('',(0.163374030256281,-0.0178905108748029,-0.00698727081658861));
#3598=CARTESIAN_POINT('',(0.163159985413629,-0.0183322226507436,-0.00727419261932641));
#3599=CARTESIAN_POINT('',(0.162897354410453,-0.0189078755298312,-0.00758412444681474));
#3600=CARTESIAN_POINT('',(0.162585818396265,-0.0196173348584823,-0.00792484910005602));
#3601=CARTESIAN_POINT('',(0.162275168871376,-0.0203321493970336,-0.00825490365173933));
#3602=CARTESIAN_POINT('',(0.161857143365836,-0.021280655905036,-0.0087013332308017));
#3603=CARTESIAN_POINT('',(0.16131864647329,-0.0224371824048525,-0.00930015805698107));
#3604=CARTESIAN_POINT('',(0.160624180967365,-0.0237252847224627,-0.010111557487641));
#3605=CARTESIAN_POINT('',(0.159846445735593,-0.0249054870691238,-0.0109996290236068));
#3606=CARTESIAN_POINT('',(0.158943610470367,-0.0259767395188075,-0.0119295637812126));
#3607=CARTESIAN_POINT('',(0.158224479441824,-0.026614659368294,-0.0125419043739473));
#3608=CARTESIAN_POINT('',(0.15783304976997,-0.0269097307486485,-0.0128279972795437));
#3609=CARTESIAN_POINT('',(0.15783304976997,-0.0290453908478581,-0.00671240595195966));
#3610=CARTESIAN_POINT('',(0.15,-0.0320045994490039,-0.00694752575445503));
#3611=CARTESIAN_POINT('',(0.151445365159138,-0.0320045994490039,-0.00694752575445503));
#3612=CARTESIAN_POINT('',(0.153583705324454,-0.0317593198180845,-0.00679975990308811));
#3613=CARTESIAN_POINT('',(0.156211621685292,-0.0305038152872618,-0.0066556021193302));
#3614=CARTESIAN_POINT('',(0.157330741300317,-0.0295702753302145,-0.00666080275287272));
#3615=CARTESIAN_POINT('',(0.15783304976997,-0.0290453908478581,-0.00671240595195968));
#3616=CARTESIAN_POINT('',(0.15,-0.032004599449004,-0.00694752575445498));
#3617=CARTESIAN_POINT('',(0.15,0.,0.));
#3618=CARTESIAN_POINT('',(0.15,-0.0325057251908397,-0.00399253426004213));
#3619=CARTESIAN_POINT('',(0.15783304976997,-0.0296344520420473,-0.0032388848908759));
#3620=CARTESIAN_POINT('',(0.157332823005356,-0.0301109934887591,-0.00345973334238201));
#3621=CARTESIAN_POINT('',(0.156233078954882,-0.0309770262714667,-0.0037682662972202));
#3622=CARTESIAN_POINT('',(0.153614595681924,-0.0322194715643719,-0.00405166484908106));
#3623=CARTESIAN_POINT('',(0.151445426254754,-0.0325057251908397,-0.00399253426004207));
#3624=CARTESIAN_POINT('',(0.15,-0.0325057251908397,-0.00399253426004207));
#3625=CARTESIAN_POINT('',(0.128993092986899,0.0565703988741428,0.000395544657144147));
#3626=CARTESIAN_POINT('',(0.128994317416798,0.0565691744442436,0.000264993042495775));
#3627=CARTESIAN_POINT('',(0.128994937902258,0.0565685539587827,0.000134357236456546));
#3628=CARTESIAN_POINT('',(0.128995044121942,0.0565684477390933,-0.00109354214470924));
#3629=CARTESIAN_POINT('',(0.128952197438847,0.0566112944221864,-0.00218612153292714));
#3630=CARTESIAN_POINT('',(0.128787302341809,0.0567761895192387,-0.00432300374848173));
#3631=CARTESIAN_POINT('',(0.128665410942031,0.0568980809190098,-0.00536511063654023));
#3632=CARTESIAN_POINT('',(0.12835968942982,0.0572038024312205,-0.00735770506567877));
#3633=CARTESIAN_POINT('',(0.128175470643038,0.0573880212179964,-0.00831040303097091));
#3634=CARTESIAN_POINT('',(0.127770820674729,0.057792671186317,-0.0100868526359897));
#3635=CARTESIAN_POINT('',(0.127550079529371,0.0580134123316802,-0.0109142380935582));
#3636=CARTESIAN_POINT('',(0.127091113427569,0.0584723784334608,-0.0124495491447958));
#3637=CARTESIAN_POINT('',(0.126852377520268,0.0587111143407753,-0.0131590669744136));
#3638=CARTESIAN_POINT('',(0.126374389867243,0.0591891019937949,-0.0144625794869102));
#3639=CARTESIAN_POINT('',(0.126135584104825,0.0594279077562167,-0.0150558231983697));
#3640=CARTESIAN_POINT('',(0.125434001391187,0.0601294904698513,-0.0166857427118609));
#3641=CARTESIAN_POINT('',(0.124986780372422,0.0605767114886088,-0.0175749726868482));
#3642=CARTESIAN_POINT('',(0.124164336227458,0.0613991556335917,-0.0190821266092734));
#3643=CARTESIAN_POINT('',(0.123788086474057,0.0617754053869815,-0.0197007231335039));
#3644=CARTESIAN_POINT('',(0.12309733518795,0.0624661566730925,-0.0207699258245576));
#3645=CARTESIAN_POINT('',(0.122782505031113,0.0627809868299326,-0.0212198763170142));
#3646=CARTESIAN_POINT('',(0.122198258881086,0.0633652329799499,-0.022014926910667));
#3647=CARTESIAN_POINT('',(0.121927258005342,0.0636362338556986,-0.0223615481199555));
#3648=CARTESIAN_POINT('',(0.121414774778256,0.0641487170827848,-0.0229893650839443));
#3649=CARTESIAN_POINT('',(0.121172415216582,0.0643910766444636,-0.0232714141269365));
#3650=CARTESIAN_POINT('',(0.120703362214518,0.0648601296465174,-0.0237958489776809));
#3651=CARTESIAN_POINT('',(0.120477005486297,0.065086486374739,-0.0240377890871466));
#3652=CARTESIAN_POINT('',(0.1200272708325,0.0655362210285456,-0.0244999749864439));
#3653=CARTESIAN_POINT('',(0.119804948432891,0.0657585434281498,-0.0247190363304155));
#3654=CARTESIAN_POINT('',(0.119580756707936,0.0659827351531045,-0.0249312392260965));
#3655=CARTESIAN_POINT('',(0.136390497395417,0.0487490172391323,0.000311370029335351));
#3656=CARTESIAN_POINT('',(0.136391527207726,0.048749667531925,0.000208198631605113));
#3657=CARTESIAN_POINT('',(0.13639204837156,0.0487499961790246,0.000104957132124627));
#3658=CARTESIAN_POINT('',(0.136392155494854,0.0487500318712123,-0.000865432312078601));
#3659=CARTESIAN_POINT('',(0.136356284351792,0.0487271456837585,-0.00173036274035844));
#3660=CARTESIAN_POINT('',(0.136213801300645,0.048639233309265,-0.00342112536453145));
#3661=CARTESIAN_POINT('',(0.136106677107611,0.0485739711231689,-0.00424780165354172));
#3662=CARTESIAN_POINT('',(0.13582461145451,0.0484111176809035,-0.00582580810215115));
#3663=CARTESIAN_POINT('',(0.135648238996745,0.0483128905900822,-0.00658036689846703));
#3664=CARTESIAN_POINT('',(0.135238267166851,0.0481008061798781,-0.00797742745281459));
#3665=CARTESIAN_POINT('',(0.13500350268247,0.047986500777903,-0.00862302616592719));
#3666=CARTESIAN_POINT('',(0.13448739785144,0.0477581334575889,-0.00980147178854525));
#3667=CARTESIAN_POINT('',(0.134204822399472,0.0476438308915147,-0.0103347743411655));
#3668=CARTESIAN_POINT('',(0.133610259679536,0.0474320494269541,-0.0112861210686311));
#3669=CARTESIAN_POINT('',(0.133298731485871,0.0473350135565481,-0.0117024586295423));
#3670=CARTESIAN_POINT('',(0.132341364565197,0.0470853698335266,-0.0128036721788236));
#3671=CARTESIAN_POINT('',(0.131684895028109,0.0469814933475967,-0.0133231164680634));
#3672=CARTESIAN_POINT('',(0.130424952407032,0.0469156032984671,-0.0141129909268249));
#3673=CARTESIAN_POINT('',(0.129824890530779,0.0469537273175843,-0.0143806178981851));
#3674=CARTESIAN_POINT('',(0.128697388900928,0.0471243032497061,-0.0148102892541878));
#3675=CARTESIAN_POINT('',(0.128171881995185,0.047256004058527,-0.0149696160353044));
#3676=CARTESIAN_POINT('',(0.127171991057432,0.0475574791024656,-0.0152482566495839));
#3677=CARTESIAN_POINT('',(0.126696121585512,0.0477276431551374,-0.0153663396679207));
#3678=CARTESIAN_POINT('',(0.125769264283116,0.0480734341669085,-0.0155738648388025));
#3679=CARTESIAN_POINT('',(0.125317265900707,0.0482497046323956,-0.0156625547664663));
#3680=CARTESIAN_POINT('',(0.124423880498009,0.0485982599296348,-0.0158004680627298));
#3681=CARTESIAN_POINT('',(0.123983124900185,0.0487707004183773,-0.0158490670135262));
#3682=CARTESIAN_POINT('',(0.123106624691806,0.0491142507515033,-0.0158930009700234));
#3683=CARTESIAN_POINT('',(0.122672250970746,0.0492850811288066,-0.0158875078160151));
#3684=CARTESIAN_POINT('',(0.122248588846738,0.0494566468982451,-0.015848028078173));
#3685=CARTESIAN_POINT('',(0.147156214863064,0.0487492696422549,0.000267537119261286));
#3686=CARTESIAN_POINT('',(0.147155597871222,0.0487497522181682,0.000179209343061048));
#3687=CARTESIAN_POINT('',(0.147155283276512,0.0487499954372007,9.08615123241051E-5));
#3688=CARTESIAN_POINT('',(0.147155229777009,0.0487500377143383,-0.000739527663541952));
#3689=CARTESIAN_POINT('',(0.147176953685606,0.0487332458834767,-0.00147858915627348));
#3690=CARTESIAN_POINT('',(0.147256045505288,0.0486654746523954,-0.00296429706499007));
#3691=CARTESIAN_POINT('',(0.147313246334999,0.0486144686105294,-0.00370974841204804));
#3692=CARTESIAN_POINT('',(0.147442148788573,0.0484768033653201,-0.00520848606074061));
#3693=CARTESIAN_POINT('',(0.147513788791624,0.048389779482857,-0.00596384055802669));
#3694=CARTESIAN_POINT('',(0.147642457189417,0.0481807523444073,-0.00746681030480758));
#3695=CARTESIAN_POINT('',(0.147699542799471,0.0480585455499132,-0.00821686454845418));
#3696=CARTESIAN_POINT('',(0.147773581258582,0.047778907948513,-0.00971167434731209));
#3697=CARTESIAN_POINT('',(0.147790437960482,0.047621062293457,-0.010458009404414));
#3698=CARTESIAN_POINT('',(0.147762976554325,0.0472733972580374,-0.0119315316009263));
#3699=CARTESIAN_POINT('',(0.147718732756194,0.047083968258322,-0.0126573547376894));
#3700=CARTESIAN_POINT('',(0.14747689505642,0.04647598760218,-0.0147895185867404));
#3701=CARTESIAN_POINT('',(0.147166629254037,0.0460165239015754,-0.0161518359982452));
#3702=CARTESIAN_POINT('',(0.14623953393084,0.0450472346925096,-0.0186855271441945));
#3703=CARTESIAN_POINT('',(0.145625363337751,0.0445385344144186,-0.0198562061626701));
#3704=CARTESIAN_POINT('',(0.14415338629616,0.0435275790256843,-0.0219840814027248));
#3705=CARTESIAN_POINT('',(0.143297051014691,0.0430258561789612,-0.0229410946111052));
#3706=CARTESIAN_POINT('',(0.141421182030069,0.0420715858928591,-0.0246475106724413));
#3707=CARTESIAN_POINT('',(0.140397630574958,0.0416166456899201,-0.0254014134650993));
#3708=CARTESIAN_POINT('',(0.138250769108117,0.0407784279319963,-0.0267263319574584));
#3709=CARTESIAN_POINT('',(0.137124550001265,0.0403935695202201,-0.0272999796405964));
#3710=CARTESIAN_POINT('',(0.134811880798481,0.039702845919811,-0.0282951121720622));
#3711=CARTESIAN_POINT('',(0.133626882696086,0.0393970935298563,-0.0287164011530417));
#3712=CARTESIAN_POINT('',(0.131210012508961,0.0388634066745393,-0.0294346444760596));
#3713=CARTESIAN_POINT('',(0.129982434009219,0.0386366729354414,-0.0297298203104066));
#3714=CARTESIAN_POINT('',(0.128742911729205,0.0384499944811467,-0.0299693247237871));
#3715=CARTESIAN_POINT('',(0.147155277503768,0.0487500000004146,-2.53655662758325E-17));
#3716=CARTESIAN_POINT('',(0.145446584091618,0.0487500000001394,-2.53655662758325E-17));
#3717=CARTESIAN_POINT('',(0.142097355249907,0.0490910400026612,8.1237150532832E-17));
#3718=CARTESIAN_POINT('',(0.137188792993284,0.050634575021394,-6.14303580992379E-17));
#3719=CARTESIAN_POINT('',(0.132769871414785,0.0530939895120394,-1.01612869926197E-16));
#3720=CARTESIAN_POINT('',(0.130162691174987,0.055334271512685,6.85705993329062E-17));
#3721=CARTESIAN_POINT('',(0.12899494936471,0.0565685424963305,6.85705993329062E-17));
#3722=CARTESIAN_POINT('',(0.128742911721264,0.0384499944946053,-0.02996932470652));
#3723=CARTESIAN_POINT('',(0.127906034841682,0.0398683429670241,-0.0281496143420104));
#3724=CARTESIAN_POINT('',(0.126071000617537,0.0434896269105285,-0.0247933841639241));
#3725=CARTESIAN_POINT('',(0.123246574881826,0.0508960797029621,-0.0218998782669074));
#3726=CARTESIAN_POINT('',(0.120908296660657,0.0590037826760206,-0.0219544775666693));
#3727=CARTESIAN_POINT('',(0.119924561078234,0.0638530313535445,-0.0237607057667368));
#3728=CARTESIAN_POINT('',(0.119580772304167,0.0659826385414895,-0.0249311861258758));
#3729=CARTESIAN_POINT('',(0.0377068209197692,0.049784570715084,-0.00383816181022178));
#3730=CARTESIAN_POINT('',(0.0375660889000428,0.0498754599388624,-0.0025685305109993));
#3731=CARTESIAN_POINT('',(0.037495720689007,0.0499209059882208,-0.00128427156025226));
#3732=CARTESIAN_POINT('',(0.0374957207612427,0.0499209061544519,1.08283553564709E-13));
#3733=CARTESIAN_POINT('',(0.0373398375131159,0.0494164776744524,-0.00384424426625277));
#3734=CARTESIAN_POINT('',(0.0372033434176956,0.0495123327279675,-0.00257266841105417));
#3735=CARTESIAN_POINT('',(0.0371351240369532,0.0495602425085743,-0.00128633981626725));
#3736=CARTESIAN_POINT('',(0.0371351240678943,0.0495602426374205,1.65322528528788E-11));
#3737=CARTESIAN_POINT('',(0.0368856986039301,0.0491065320484032,-0.0038638246898163));
#3738=CARTESIAN_POINT('',(0.0367543204515303,0.0492069515293396,-0.00258566380540837));
#3739=CARTESIAN_POINT('',(0.0366886725837326,0.04925712974488,-0.00129283715300519));
#3740=CARTESIAN_POINT('',(0.0366886725659962,0.0492571298410718,2.59256770458478E-11));
#3741=CARTESIAN_POINT('',(0.0358907439945194,0.0486904137056926,-0.00392849413564337));
#3742=CARTESIAN_POINT('',(0.0357700035758978,0.0487976400307017,-0.00262836443333604));
#3743=CARTESIAN_POINT('',(0.0357096708772629,0.0488512198166559,-0.00131418763200504));
#3744=CARTESIAN_POINT('',(0.0357096707561499,0.0488512198647886,2.67836178513105E-11));
#3745=CARTESIAN_POINT('',(0.0353533122918124,0.048587811311346,-0.00397354165198147));
#3746=CARTESIAN_POINT('',(0.0352380260197108,0.0486972219739845,-0.00265804300830334));
#3747=CARTESIAN_POINT('',(0.0351804036108083,0.0487519064768064,-0.00132902744012851));
#3748=CARTESIAN_POINT('',(0.0351804034352872,0.048751906509862,1.80833308414866E-11));
#3749=CARTESIAN_POINT('',(0.0348360419938137,0.0485835785432139,-0.00402472588855829));
#3750=CARTESIAN_POINT('',(0.0347255801740616,0.0486939357605326,-0.00269174485933284));
#3751=CARTESIAN_POINT('',(0.0346703466224925,0.0487491169211132,-0.00134587907704133));
#3752=CARTESIAN_POINT('',(0.0346703463950606,0.0487491169480716,2.61046924730882E-12));
#3753=CARTESIAN_POINT('',(0.0374956817315912,0.0499208671181064,1.29291461350541E-17));
#3754=CARTESIAN_POINT('',(0.0367553853237644,0.0491804539613652,1.29291461350541E-17));
#3755=CARTESIAN_POINT('',(0.0357344883176035,0.048754936865086,1.22289043478211E-17));
#3756=CARTESIAN_POINT('',(0.0346885989332795,0.0487492167733444,1.22289043478211E-17));
#3757=CARTESIAN_POINT('',(0.0377068209197692,0.049784570715084,-0.00383816181022178));
#3758=CARTESIAN_POINT('',(0.0373420668456106,0.0494187137476962,-0.00384420731685224));
#3759=CARTESIAN_POINT('',(0.0364390206259864,0.0488012242941713,-0.0038830458267642));
#3760=CARTESIAN_POINT('',(0.0353690237308441,0.0485879398763896,-0.00397198699474429));
#3761=CARTESIAN_POINT('',(0.0348548957206518,0.0485837328212663,-0.00402286029987368));
#3762=CARTESIAN_POINT('',(-1.7347234759768E-18,-0.03275,2.4492935982947E-19));
#3763=CARTESIAN_POINT('',(-1.7347234759768E-18,-0.03675,0.));
#3764=CARTESIAN_POINT('',(0.15,-0.03675,0.));
#3765=CARTESIAN_POINT('',(0.15,-0.03275,2.4492935982947E-19));
#3766=CARTESIAN_POINT('',(-1.72178456770077E-18,-0.0325057251908397,-0.00399253426004213));
#3767=CARTESIAN_POINT('',(-1.72178456770077E-18,-0.0325057251908397,-0.00399253426004213));
#3768=CARTESIAN_POINT('',(-1.7347234759768E-18,-0.03275,2.4492935982947E-19));
#3769=CARTESIAN_POINT('',(0.15,-0.02675,2.4492935982947E-19));
#3770=CARTESIAN_POINT('',(0.15,-0.02675,0.));
#3771=CARTESIAN_POINT('',(0.159383978381214,-0.0302055679331937,0.));
#3772=CARTESIAN_POINT('',(0.155630387028728,-0.0288233407599162,2.4492935982947E-19));
#3773=CARTESIAN_POINT('',(0.155630387028728,-0.0288233407599162,2.4492935982947E-19));
#3774=CARTESIAN_POINT('',(0.159383978381214,-0.0302055679331937,0.));
#3775=CARTESIAN_POINT('',(0.157992781004377,0.0183004671719082,0.));
#3776=CARTESIAN_POINT('',(0.157992781004377,0.0183004671719082,0.));
#3777=CARTESIAN_POINT('',(0.16648839804275,0.018027536526281,0.));
#3778=CARTESIAN_POINT('',(0.157992781004377,0.0183004671719082,0.));
#3779=CARTESIAN_POINT('',(0.06275,0.03275,0.));
#3780=CARTESIAN_POINT('',(0.06275,0.04125,0.));
#3781=CARTESIAN_POINT('',(0.0889280231272577,0.04125,1.40496932298138E-16));
#3782=CARTESIAN_POINT('',(0.144,0.04125,0.));
#3783=CARTESIAN_POINT('',(0.0889280231272576,0.04125,1.37621928761732E-16));
#3784=CARTESIAN_POINT('',(0.0889280231272577,0.04125,-0.0004718275991185));
#3785=CARTESIAN_POINT('',(0.0887674655166392,0.0411681383340373,-0.00141511206575068));
#3786=CARTESIAN_POINT('',(0.0881587733457765,0.0408528631599051,-0.00266193757628704));
#3787=CARTESIAN_POINT('',(0.0873305737970453,0.0404129106531484,-0.00373198761174422));
#3788=CARTESIAN_POINT('',(0.0860797219724855,0.0397262362480563,-0.00493669558215707));
#3789=CARTESIAN_POINT('',(0.0846772416413897,0.0389102028474356,-0.00591236874046477));
#3790=CARTESIAN_POINT('',(0.0832682586466076,0.037986958720202,-0.00671627449848253));
#3791=CARTESIAN_POINT('',(0.0822224346869664,0.0372158358655662,-0.00725353949206582));
#3792=CARTESIAN_POINT('',(0.081393740389529,0.0364768246208291,-0.00765446728777302));
#3793=CARTESIAN_POINT('',(0.080824131850402,0.0357844576339001,-0.00794726093128173));
#3794=CARTESIAN_POINT('',(0.0804869404500094,0.0351880757865397,-0.00815210829403788));
#3795=CARTESIAN_POINT('',(0.0803491490159321,0.03450168123512,-0.00832818568715023));
#3796=CARTESIAN_POINT('',(0.0805741367631589,0.0338122104764786,-0.00844108763773836));
#3797=CARTESIAN_POINT('',(0.0810560812599019,0.0332816976857561,-0.00848740139600225));
#3798=CARTESIAN_POINT('',(0.0818339970418071,0.0327410146704946,-0.00850612364344234));
#3799=CARTESIAN_POINT('',(0.0829201787126778,0.0322780548185494,-0.00849049132404171));
#3800=CARTESIAN_POINT('',(0.0842751447750305,0.0319136828872085,-0.00846038388648799));
#3801=CARTESIAN_POINT('',(0.0856543947026362,0.0316981572344854,-0.00843501253346001));
#3802=CARTESIAN_POINT('',(0.0865968173894105,0.0316469465648855,-0.00842812393829624));
#3803=CARTESIAN_POINT('',(0.0870635596565371,0.0316469465648855,-0.00842812393829624));
#3804=CARTESIAN_POINT('',(0.0870635596565371,0.0316469465648855,-0.00842812393829624));
#3805=CARTESIAN_POINT('',(0.103375,0.0316469465648855,-0.00842812393829624));
#3806=CARTESIAN_POINT('',(0.144,0.0316469465648855,-0.00842812393829624));
#3807=CARTESIAN_POINT('',(0.144,0.03275,0.));
#3808=CARTESIAN_POINT('',(0.144,0.01875,0.));
#3809=CARTESIAN_POINT('',(0.144,0.01875,0.));
#3810=CARTESIAN_POINT('',(0.144,0.0316469465648855,-0.00842812393829624));
#3811=CARTESIAN_POINT('',(0.146000286221691,0.0316469465648855,-0.00842812393829624));
#3812=CARTESIAN_POINT('',(0.14799945670596,0.031622822012641,-0.00851822104580849));
#3813=CARTESIAN_POINT('',(0.15,0.031628397957927,-0.008497466835181));
#3814=CARTESIAN_POINT('',(0.0430012626584709,0.03275,3.5463388319772E-19));
#3815=CARTESIAN_POINT('',(0.0450723304703363,0.03275,3.08644556922254E-19));
#3816=CARTESIAN_POINT('',(0.0465367965644036,0.0342144660940672,2.91983186275113E-19));
#3817=CARTESIAN_POINT('',(0.0430012626590112,0.03275,-0.00123969844925956));
#3818=CARTESIAN_POINT('',(0.0450723304707943,0.0327499999997677,-0.00107893294091732));
#3819=CARTESIAN_POINT('',(0.0465367965644779,0.0342144660941416,-0.00102068956291272));
#3820=CARTESIAN_POINT('',(0.0432425754547262,0.0326458422879198,-0.0030547807094235));
#3821=CARTESIAN_POINT('',(0.0452818327047919,0.0326728805723855,-0.00265815817722568));
#3822=CARTESIAN_POINT('',(0.046726484725159,0.0341460310767994,-0.00251511388834759));
#3823=CARTESIAN_POINT('',(0.044062399783016,0.0323150714224608,-0.00541356170530812));
#3824=CARTESIAN_POINT('',(0.0459986965360184,0.0324281038350001,-0.00471423103988583));
#3825=CARTESIAN_POINT('',(0.0473747241158423,0.0339363457800704,-0.00445718548256012));
#3826=CARTESIAN_POINT('',(0.0451855471104853,0.0318859224230057,-0.00761439990210544));
#3827=CARTESIAN_POINT('',(0.0469847995015472,0.0321113890647687,-0.00663279024453204));
#3828=CARTESIAN_POINT('',(0.0482667549778886,0.0336727943148493,-0.00626921693139543));
#3829=CARTESIAN_POINT('',(0.0471836048736445,0.0311949970321272,-0.0101030515507934));
#3830=CARTESIAN_POINT('',(0.0487539886284805,0.0316040549007505,-0.00880181508572913));
#3831=CARTESIAN_POINT('',(0.049865603034387,0.0332755938381185,-0.00831821583516795));
#3832=CARTESIAN_POINT('',(0.0503733673360269,0.0303293046732048,-0.0124156026280323));
#3833=CARTESIAN_POINT('',(0.0516152786948998,0.030988727917214,-0.0107836518837317));
#3834=CARTESIAN_POINT('',(0.0524571338405363,0.0328759663630786,-0.0102222246283145));
#3835=CARTESIAN_POINT('',(0.0541413040136639,0.0296147347847863,-0.0140046124797091));
#3836=CARTESIAN_POINT('',(0.0550302197436245,0.0305266609570588,-0.0120648511242586));
#3837=CARTESIAN_POINT('',(0.0555691274888139,0.0327082448645653,-0.0115305151823123));
#3838=CARTESIAN_POINT('',(0.0582551474481093,0.0291601129862735,-0.0149124069620378));
#3839=CARTESIAN_POINT('',(0.0587767295071978,0.0303105825232349,-0.0126578318720691));
#3840=CARTESIAN_POINT('',(0.0590204176173841,0.032846768463758,-0.0122779359393005));
#3841=CARTESIAN_POINT('',(0.062454598974994,0.0289842335877227,-0.0152468033485246));
#3842=CARTESIAN_POINT('',(0.0625995904790117,0.0303481650030886,-0.0126533588199687));
#3843=CARTESIAN_POINT('',(0.0625909858954104,0.0332729204974929,-0.0125532568463861));
#3844=CARTESIAN_POINT('',(0.0667180781163938,0.0290513506201798,-0.0151200780002663));
#3845=CARTESIAN_POINT('',(0.0664515617220604,0.0306037644109175,-0.0121397370039608));
#3846=CARTESIAN_POINT('',(0.0662564485748448,0.0339483008670998,-0.0124489191823349));
#3847=CARTESIAN_POINT('',(0.070858235366588,0.0293120001071701,-0.0146135121224082));
#3848=CARTESIAN_POINT('',(0.0701336541121509,0.0310180474914226,-0.0111962985648178));
#3849=CARTESIAN_POINT('',(0.0698480752609824,0.0347972747329544,-0.0120318447681769));
#3850=CARTESIAN_POINT('',(0.0749512677464653,0.0297252306897171,-0.0137619864517637));
#3851=CARTESIAN_POINT('',(0.0736751351045412,0.031546818759671,-0.00983398933988554));
#3852=CARTESIAN_POINT('',(0.0734244343324634,0.0357902672624544,-0.0113307522040148));
#3853=CARTESIAN_POINT('',(0.0789203988030747,0.030251761767723,-0.0125736096425408));
#3854=CARTESIAN_POINT('',(0.0769315940496118,0.0321314503337154,-0.00805792950695375));
#3855=CARTESIAN_POINT('',(0.0769132491670044,0.0368775009866517,-0.0103523176446219));
#3856=CARTESIAN_POINT('',(0.0826651358897852,0.0308434373729239,-0.0110602154364035));
#3857=CARTESIAN_POINT('',(0.0797143999121458,0.0326958022388404,-0.00589593600038239));
#3858=CARTESIAN_POINT('',(0.0802204534925651,0.0379970415064688,-0.00910628424698437));
#3859=CARTESIAN_POINT('',(0.086202202232169,0.0314749035924843,-0.00914071356081984));
#3860=CARTESIAN_POINT('',(0.0818310107087162,0.0331613426559288,-0.00331396884508316));
#3861=CARTESIAN_POINT('',(0.0833562065397511,0.0391262280776458,-0.0075258873919509));
#3862=CARTESIAN_POINT('',(0.088845452740535,0.0319912250436666,-0.00711934129078441));
#3863=CARTESIAN_POINT('',(0.0825511119971455,0.033322285206355,-0.00102903626970155));
#3864=CARTESIAN_POINT('',(0.0857068711402933,0.0400139631391308,-0.00586161687518237));
#3865=CARTESIAN_POINT('',(0.0905919792786515,0.0323478413682805,-0.00519190477170074));
#3866=CARTESIAN_POINT('',(0.0822387609278828,0.0332311789138784,0.000417876926552534));
#3867=CARTESIAN_POINT('',(0.0872626169679819,0.0406158054145546,-0.0042746871348245));
#3868=CARTESIAN_POINT('',(0.0916288736836091,0.032564664956334,-0.00361298649603516));
#3869=CARTESIAN_POINT('',(0.0815645962900686,0.0330509889623477,0.00104379079826246));
#3870=CARTESIAN_POINT('',(0.0881870873758874,0.040978155837583,-0.00297470534842589));
#3871=CARTESIAN_POINT('',(0.0923346855096815,0.0327147795916296,-0.00184678144544845));
#3872=CARTESIAN_POINT('',(0.0807023722438669,0.0328226727976222,0.000892490758411287));
#3873=CARTESIAN_POINT('',(0.0888167879270166,0.0412273000125567,-0.00152052343654698));
#3874=CARTESIAN_POINT('',(0.0924987373428407,0.03275,-0.000621186649417614));
#3875=CARTESIAN_POINT('',(0.0804276695275194,0.0327499999994307,0.000306245980207363));
#3876=CARTESIAN_POINT('',(0.0889632034364186,0.041285533906755,-0.000511445932726607));
#3877=CARTESIAN_POINT('',(0.0924987373415291,0.03275,1.33925998807646E-16));
#3878=CARTESIAN_POINT('',(0.0804276695296636,0.03275,-6.60257210861428E-17));
#3879=CARTESIAN_POINT('',(0.0889632034355963,0.0412855339059327,1.102662258449E-16));
#3880=CARTESIAN_POINT('',(0.0924987373415292,0.03775,1.40496932298138E-16));
#3881=CARTESIAN_POINT('',(0.0430012626584709,0.03775,4.08776460785158E-19));
#3882=CARTESIAN_POINT('',(0.0833140657191321,0.0309661640943329,-0.0106611060065477));
#3883=CARTESIAN_POINT('',(0.0818193014205962,0.030966164094333,-0.0106611060065478));
#3884=CARTESIAN_POINT('',(0.0788708286956835,0.031261719861651,-0.0107716882118375));
#3885=CARTESIAN_POINT('',(0.0745092894367542,0.0320603133767711,-0.0112807323327747));
#3886=CARTESIAN_POINT('',(0.0701502040225879,0.0327022572772311,-0.0120002235422147));
#3887=CARTESIAN_POINT('',(0.0657558987009016,0.0329954440688825,-0.0125275720631848));
#3888=CARTESIAN_POINT('',(0.0612851761199141,0.0330145252009011,-0.0125664136506344));
#3889=CARTESIAN_POINT('',(0.057542428960192,0.0327116832831817,-0.0120068425846009));
#3890=CARTESIAN_POINT('',(0.0546635772698658,0.0321427450268657,-0.011385627421536));
#3891=CARTESIAN_POINT('',(0.0525070538028014,0.0316011978512985,-0.010973195731779));
#3892=CARTESIAN_POINT('',(0.0503250480665879,0.0311137370022161,-0.0107184480888687));
#3893=CARTESIAN_POINT('',(0.0488189146597659,0.0309661640943322,-0.0106611060065474));
#3894=CARTESIAN_POINT('',(0.0480735797502351,0.0309661640943329,-0.0106611060065477));
#3895=CARTESIAN_POINT('',(0.0833140657191321,0.030966164094333,-0.0106611060065477));
#3896=CARTESIAN_POINT('',(0.0870635596565368,0.0316469465648856,-0.00842812393829586));
#3897=CARTESIAN_POINT('',(0.0858747256996939,0.0314199811499386,-0.0092803613296172));
#3898=CARTESIAN_POINT('',(0.0846080543737391,0.0311883969217128,-0.0100156102957306));
#3899=CARTESIAN_POINT('',(0.0833140657191321,0.0309661640943329,-0.0106611060065477));
#3900=CARTESIAN_POINT('',(0.150002,0.,0.));
#3901=CARTESIAN_POINT('',(-1.72178456770077E-18,0.030966164094333,-0.0106611060065477));
#3902=CARTESIAN_POINT('',(-1.7347234759768E-18,0.034,0.));
#3903=CARTESIAN_POINT('',(0.,0.,0.));
#3904=CARTESIAN_POINT('',(-1.72178456770077E-18,0.0257199486066273,-0.0202742877475992));
#3905=CARTESIAN_POINT('',(-1.72178456770077E-18,0.0274657404499942,-0.0178380380516903));
#3906=CARTESIAN_POINT('',(-1.7347234759768E-18,0.0294355050162978,-0.0143566550573423));
#3907=CARTESIAN_POINT('',(-1.7347234759768E-18,0.023056482225933,-0.0232585710516626));
#3908=CARTESIAN_POINT('',(0.150002,0.,0.));
#3909=CARTESIAN_POINT('',(-1.72178456770077E-18,0.0274657404499942,-0.0178380380516903));
#3910=CARTESIAN_POINT('',(-1.72178456770077E-18,0.0257199486066273,-0.0202742877475992));
#3911=CARTESIAN_POINT('',(-1.7347234759768E-18,0.034,0.));
#3912=CARTESIAN_POINT('',(0.,0.,0.));
#3913=CARTESIAN_POINT('',(-1.72178456770077E-18,0.0175976780748341,-0.027620358911037));
#3914=CARTESIAN_POINT('',(-1.72178456770077E-18,0.0200490697203136,-0.0258958935615283));
#3915=CARTESIAN_POINT('',(-1.7347234759768E-18,0.023056482225933,-0.0232585710516626));
#3916=CARTESIAN_POINT('',(-1.7347234759768E-18,0.0140992384204717,-0.0295596680624579));
#3917=CARTESIAN_POINT('',(0.150002,0.,0.));
#3918=CARTESIAN_POINT('',(-1.72178456770077E-18,0.0200490697203136,-0.0258958935615283));
#3919=CARTESIAN_POINT('',(-1.72178456770077E-18,0.0175976780748341,-0.027620358911037));
#3920=CARTESIAN_POINT('',(-1.7347234759768E-18,0.034,0.));
#3921=CARTESIAN_POINT('',(0.,0.,0.));
#3922=CARTESIAN_POINT('',(-1.72178456770077E-18,0.00750760070308814,-0.031877867426837));
#3923=CARTESIAN_POINT('',(-1.72178456770077E-18,0.0103904727340807,-0.0310580195177079));
#3924=CARTESIAN_POINT('',(-1.7347234759768E-18,0.0140992384204717,-0.0295596680624579));
#3925=CARTESIAN_POINT('',(-1.7347234759768E-18,0.00356539015140184,-0.032555345076781));
#3926=CARTESIAN_POINT('',(0.150002,0.,0.));
#3927=CARTESIAN_POINT('',(-1.72178456770077E-18,0.0103904727340807,-0.0310580195177079));
#3928=CARTESIAN_POINT('',(-1.72178456770077E-18,0.00750760070308814,-0.031877867426837));
#3929=CARTESIAN_POINT('',(-1.7347234759768E-18,0.034,0.));
#3930=CARTESIAN_POINT('',(0.,0.,0.));
#3931=CARTESIAN_POINT('',(-1.72178456770077E-18,-0.0034219912882768,-0.03257073035139));
#3932=CARTESIAN_POINT('',(-1.72178456770077E-18,-0.00043000727044114,-0.0327471768820973));
#3933=CARTESIAN_POINT('',(-1.7347234759768E-18,0.00356539015140184,-0.032555345076781));
#3934=CARTESIAN_POINT('',(-1.7347234759768E-18,-0.00736714702976158,-0.0319106196217165));
#3935=CARTESIAN_POINT('',(0.150002,0.,0.));
#3936=CARTESIAN_POINT('',(-1.72178456770077E-18,-0.00043000727044114,-0.0327471768820973));
#3937=CARTESIAN_POINT('',(-1.72178456770077E-18,-0.0034219912882768,-0.03257073035139));
#3938=CARTESIAN_POINT('',(-1.7347234759768E-18,0.034,0.));
#3939=CARTESIAN_POINT('',(0.,0.,0.));
#3940=CARTESIAN_POINT('',(-1.72178456770077E-18,-0.0139689295093719,-0.0296214703950057));
#3941=CARTESIAN_POINT('',(-1.72178456770077E-18,-0.0112024030195058,-0.030774480768789));
#3942=CARTESIAN_POINT('',(-1.7347234759768E-18,-0.00736714702976158,-0.0319106196217165));
#3943=CARTESIAN_POINT('',(-1.7347234759768E-18,-0.0174758753962363,-0.0276975861608052));
#3944=CARTESIAN_POINT('',(0.150002,0.,0.));
#3945=CARTESIAN_POINT('',(-1.72178456770077E-18,-0.0112024030195058,-0.030774480768789));
#3946=CARTESIAN_POINT('',(-1.72178456770077E-18,-0.0139689295093719,-0.0296214703950057));
#3947=CARTESIAN_POINT('',(-1.7347234759768E-18,0.034,0.));
#3948=CARTESIAN_POINT('',(0.,0.,0.));
#3949=CARTESIAN_POINT('',(-1.72178456770077E-18,-0.0229538346646007,-0.0233598795842396));
#3950=CARTESIAN_POINT('',(-1.72178456770077E-18,-0.0207221241150197,-0.0253605219221079));
#3951=CARTESIAN_POINT('',(-1.7347234759768E-18,-0.0174758753962363,-0.0276975861608052));
#3952=CARTESIAN_POINT('',(-1.7347234759768E-18,-0.0256304171369166,-0.0203873543498821));
#3953=CARTESIAN_POINT('',(0.150002,0.,0.));
#3954=CARTESIAN_POINT('',(-1.72178456770077E-18,-0.0207221241150197,-0.0253605219221079));
#3955=CARTESIAN_POINT('',(-1.72178456770077E-18,-0.0229538346646007,-0.0233598795842396));
#3956=CARTESIAN_POINT('',(-1.7347234759768E-18,0.034,0.));
#3957=CARTESIAN_POINT('',(0.,0.,0.));
#3958=CARTESIAN_POINT('',(-1.72178456770077E-18,-0.0293719970561498,-0.0144861412713506));
#3959=CARTESIAN_POINT('',(-1.72178456770077E-18,-0.0279246566929075,-0.0171106998273962));
#3960=CARTESIAN_POINT('',(-1.7347234759768E-18,-0.0256304171369166,-0.0203873543498821));
#3961=CARTESIAN_POINT('',(-1.7347234759768E-18,-0.0309189154178637,-0.0107973686323563));
#3962=CARTESIAN_POINT('',(-1.7347234759768E-18,0.034,0.));
#3963=CARTESIAN_POINT('',(0.,0.,0.));
#3964=CARTESIAN_POINT('',(-1.72178456770077E-18,-0.032004599449004,-0.00694752575445498));
#3965=CARTESIAN_POINT('',(-1.7347234759768E-18,-0.0309189154178637,-0.0107973686323563));
#3966=CARTESIAN_POINT('',(0.150002,0.,0.));
#3967=CARTESIAN_POINT('',(-1.72178456770077E-18,-0.0279246566929075,-0.0171106998273962));
#3968=CARTESIAN_POINT('',(-1.72178456770077E-18,-0.0293719970561498,-0.0144861412713506));
#3969=CARTESIAN_POINT('',(0.150002,0.,0.));
#3970=CARTESIAN_POINT('',(-1.72178456770077E-18,-0.032004599449004,-0.00694752575445498));
#3971=CARTESIAN_POINT('',(0.119580492470737,0.065982919390373,-0.0249314514692614));
#3972=CARTESIAN_POINT('',(0.117263226737212,0.0646803633137412,-0.02541166240017));
#3973=CARTESIAN_POINT('',(0.115135203183446,0.063491069390581,-0.0258128197746007));
#3974=CARTESIAN_POINT('',(0.111084076463414,0.0612463871939294,-0.0265286473210354));
#3975=CARTESIAN_POINT('',(0.10915843797457,0.0601902387108855,-0.0268429825998453));
#3976=CARTESIAN_POINT('',(0.105451734659114,0.0581838849238967,-0.0274108133638898));
#3977=CARTESIAN_POINT('',(0.103661705547458,0.0572295786726611,-0.0276657005443541));
#3978=CARTESIAN_POINT('',(0.100180923721306,0.0554089360662021,-0.0281299231030467));
#3979=CARTESIAN_POINT('',(0.0984821598312589,0.0545391224959409,-0.0283404361224117));
#3980=CARTESIAN_POINT('',(0.0951547016398638,0.0528796199999987,-0.028723607886943));
#3981=CARTESIAN_POINT('',(0.093520000631024,0.0520874829809839,-0.0288970641836078));
#3982=CARTESIAN_POINT('',(0.0903001351121159,0.0505816064224267,-0.0292090165598678));
#3983=CARTESIAN_POINT('',(0.0887069535477978,0.0498648526386067,-0.0293484433607241));
#3984=CARTESIAN_POINT('',(0.0839663426257665,0.0478332516945401,-0.0297133405321888));
#3985=CARTESIAN_POINT('',(0.0808606957488452,0.0466363605881821,-0.0298875019649764));
#3986=CARTESIAN_POINT('',(0.0746833503039325,0.0446348851980442,-0.0300363796594735));
#3987=CARTESIAN_POINT('',(0.0716153685999885,0.0438321586045288,-0.0300122029846248));
#3988=CARTESIAN_POINT('',(0.065519577608025,0.0427561842600138,-0.0296142730627417));
#3989=CARTESIAN_POINT('',(0.062496705721833,0.0424891909902498,-0.0292400185544095));
#3990=CARTESIAN_POINT('',(0.0581091487427077,0.0425740536845741,-0.0282242653404278));
#3991=CARTESIAN_POINT('',(0.0566747018825506,0.0426823475162406,-0.0278095289942726));
#3992=CARTESIAN_POINT('',(0.053896860756833,0.0430490835936641,-0.0267971722846715));
#3993=CARTESIAN_POINT('',(0.0525529986226188,0.0433078758620501,-0.0261987301500447));
#3994=CARTESIAN_POINT('',(0.0499996045394537,0.043940362881878,-0.0248027412009563));
#3995=CARTESIAN_POINT('',(0.0487883854875385,0.0443143039238104,-0.0240040208900171));
#3996=CARTESIAN_POINT('',(0.0465316952818842,0.04512251057768,-0.0222095005629759));
#3997=CARTESIAN_POINT('',(0.0454836059531634,0.0455575351927257,-0.0212114436127943));
#3998=CARTESIAN_POINT('',(0.0435738059030314,0.046427261069524,-0.0190386762119504));
#3999=CARTESIAN_POINT('',(0.0427107772655992,0.0468621853994923,-0.0178632775102737));
#4000=CARTESIAN_POINT('',(0.0411770782301889,0.0476810027090174,-0.0153618934703674));
#4001=CARTESIAN_POINT('',(0.0405062209470011,0.0480648893903979,-0.0140355404059516));
#4002=CARTESIAN_POINT('',(0.0393636308995518,0.0487406512999232,-0.0112715710662699));
#4003=CARTESIAN_POINT('',(0.038890919289003,0.0490332023604789,-0.00983159784296633));
#4004=CARTESIAN_POINT('',(0.0381473938136932,0.0495003299370556,-0.00687961468613033));
#4005=CARTESIAN_POINT('',(0.0378764259348736,0.0496750370059098,-0.00536826006809278));
#4006=CARTESIAN_POINT('',(0.0377068209216296,0.0497845707169513,-0.00383816181018371));
#4007=CARTESIAN_POINT('',(0.122248134691293,0.0494567952904653,-0.0158480192124199));
#4008=CARTESIAN_POINT('',(0.120037743234374,0.0487742080444903,-0.0171283523499498));
#4009=CARTESIAN_POINT('',(0.117906326539578,0.0481315082645448,-0.0182254675871474));
#4010=CARTESIAN_POINT('',(0.113804873160366,0.0469256337738482,-0.0201698076412342));
#4011=CARTESIAN_POINT('',(0.111815747076781,0.0463562943451627,-0.0210276382372968));
#4012=CARTESIAN_POINT('',(0.107956271858488,0.0452843774614212,-0.0225694117556185));
#4013=CARTESIAN_POINT('',(0.106068001794913,0.0447762734617168,-0.0232625124339138));
#4014=CARTESIAN_POINT('',(0.102376009052468,0.0438186721293495,-0.0245196059868495));
#4015=CARTESIAN_POINT('',(0.100558571002425,0.0433651253639199,-0.0250897580538259));
#4016=CARTESIAN_POINT('',(0.0969865390977795,0.0425139013058473,-0.0261257125516133));
#4017=CARTESIAN_POINT('',(0.0952219708688215,0.0421133607799774,-0.0265955683923184));
#4018=CARTESIAN_POINT('',(0.0917406874709645,0.0413689176994788,-0.0274446123156306));
#4019=CARTESIAN_POINT('',(0.0900128395510413,0.0410221449030982,-0.027827543511253));
#4020=CARTESIAN_POINT('',(0.0848948125569589,0.0400749540039478,-0.0288467417350912));
#4021=CARTESIAN_POINT('',(0.0815138037505308,0.0395528423765633,-0.0293714228716046));
#4022=CARTESIAN_POINT('',(0.0748260924261936,0.038815839806009,-0.0300605876347012));
#4023=CARTESIAN_POINT('',(0.0715086362609208,0.03859615829659,-0.0302318326814127));
#4024=CARTESIAN_POINT('',(0.0649747291116034,0.0385787132294813,-0.0300872955981783));
#4025=CARTESIAN_POINT('',(0.0617470208172808,0.03878215742129,-0.0297739531287453));
#4026=CARTESIAN_POINT('',(0.0571147022264665,0.03947258948731,-0.0287714167687272));
#4027=CARTESIAN_POINT('',(0.0556084547718212,0.0397653909183409,-0.0283488853442176));
#4028=CARTESIAN_POINT('',(0.052711119448918,0.0404657140518552,-0.0273035348913925));
#4029=CARTESIAN_POINT('',(0.0513171608046687,0.0408740542285813,-0.0266792061526797));
#4030=CARTESIAN_POINT('',(0.048689092442259,0.0417715861686199,-0.025223310455662));
#4031=CARTESIAN_POINT('',(0.0474513689404096,0.0422618204929555,-0.0243894012610459));
#4032=CARTESIAN_POINT('',(0.0451644243101045,0.043273278239987,-0.022525298075049));
#4033=CARTESIAN_POINT('',(0.044111484074095,0.0437959690434785,-0.0214914397367703));
#4034=CARTESIAN_POINT('',(0.0422084183175367,0.04481793956027,-0.019253870329417));
#4035=CARTESIAN_POINT('',(0.0413568459937227,0.0453177431231548,-0.0180483474382022));
#4036=CARTESIAN_POINT('',(0.0398539712163435,0.0462489075754392,-0.0154953342099223));
#4037=CARTESIAN_POINT('',(0.0392030678644903,0.0466800601050777,-0.0141470465306826));
#4038=CARTESIAN_POINT('',(0.0381003022688837,0.0474364208876413,-0.0113464273129619));
#4039=CARTESIAN_POINT('',(0.0376482629624361,0.0477617835180948,-0.00989216078190355));
#4040=CARTESIAN_POINT('',(0.036939511832844,0.0482815604909366,-0.0069157534661798));
#4041=CARTESIAN_POINT('',(0.036683379554038,0.0484755611599208,-0.00539555597105761));
#4042=CARTESIAN_POINT('',(0.0365232312217365,0.0485974017963908,-0.00385778129981894));
#4043=CARTESIAN_POINT('',(0.128741671598369,0.0384498077249768,-0.0299695643264625));
#4044=CARTESIAN_POINT('',(0.125935773505625,0.038027285431226,-0.0305116447373189));
#4045=CARTESIAN_POINT('',(0.123352756158099,0.0376657910112983,-0.0309532335186141));
#4046=CARTESIAN_POINT('',(0.118429999972068,0.0370203800882175,-0.0317223266823075));
#4047=CARTESIAN_POINT('',(0.116087357986897,0.036736129431919,-0.0320494167807313));
#4048=CARTESIAN_POINT('',(0.111577581003651,0.036229556723388,-0.0326209678159698));
#4049=CARTESIAN_POINT('',(0.109399739813303,0.0360055922562229,-0.0328670797235727));
#4050=CARTESIAN_POINT('',(0.105168800720794,0.0356096682635312,-0.0332956322877088));
#4051=CARTESIAN_POINT('',(0.103106137879139,0.0354363516914665,-0.0334794639084194));
#4052=CARTESIAN_POINT('',(0.0990736420907264,0.0351371054478877,-0.0337933920395759));
#4053=CARTESIAN_POINT('',(0.097096639596764,0.0350102553594911,-0.0339244245484068));
#4054=CARTESIAN_POINT('',(0.0932136966469996,0.0348028869632467,-0.0341371296435538));
#4055=CARTESIAN_POINT('',(0.091298192901194,0.0347212981306011,-0.0342198872001713));
#4056=CARTESIAN_POINT('',(0.0856200038529836,0.0345483268137027,-0.0343948035295989));
#4057=CARTESIAN_POINT('',(0.0819290996242688,0.0345274183391154,-0.0344157070040576));
#4058=CARTESIAN_POINT('',(0.0746656650758378,0.0347314417864258,-0.0342098006014291));
#4059=CARTESIAN_POINT('',(0.0710976696523358,0.0349570275801587,-0.0339839433969958));
#4060=CARTESIAN_POINT('',(0.064103298478046,0.0357595034555811,-0.0331384987387853));
#4061=CARTESIAN_POINT('',(0.0606831212918409,0.0363408718768231,-0.0325180849957855));
#4062=CARTESIAN_POINT('',(0.0558024088234508,0.0375396965646702,-0.0311081060492709));
#4063=CARTESIAN_POINT('',(0.0542212808859187,0.037992629859401,-0.0305579391507685));
#4064=CARTESIAN_POINT('',(0.0511904695975755,0.0389934665713841,-0.0292700723183574));
#4065=CARTESIAN_POINT('',(0.0497402821805021,0.0395417695228244,-0.0285315151993601));
#4066=CARTESIAN_POINT('',(0.047018373555166,0.0406984123801059,-0.0268558769416738));
#4067=CARTESIAN_POINT('',(0.0457446980436513,0.0413072233461214,-0.0259175700828295));
#4068=CARTESIAN_POINT('',(0.0434049280678586,0.0425342544294393,-0.0238504578508768));
#4069=CARTESIAN_POINT('',(0.0423357674614254,0.0431535145676647,-0.0227192684114569));
#4070=CARTESIAN_POINT('',(0.0404173401218751,0.0443465533551521,-0.0202922197458069));
#4071=CARTESIAN_POINT('',(0.0395664764861422,0.0449207093230565,-0.0189956382042083));
#4072=CARTESIAN_POINT('',(0.0380768748614636,0.0459793197157952,-0.0162667315507573));
#4073=CARTESIAN_POINT('',(0.0374378512957318,0.0464637967098571,-0.0148340308533562));
#4074=CARTESIAN_POINT('',(0.0363640802227932,0.0473072343667158,-0.0118725924980973));
#4075=CARTESIAN_POINT('',(0.0359281443734263,0.0476669439686613,-0.0103413600670695));
#4076=CARTESIAN_POINT('',(0.0352494135734812,0.0482386291031986,-0.00721913690078806));
#4077=CARTESIAN_POINT('',(0.035006372186474,0.0484507586744788,-0.00562877748767927));
#4078=CARTESIAN_POINT('',(0.0348549381926402,0.0485837328229118,-0.00402286029982728));
#4079=CARTESIAN_POINT('',(-1.7347234759768E-18,-0.0309189154178637,-0.0107973686323563));
#4080=CARTESIAN_POINT('',(0.15,-0.0309189154178637,-0.0107973686323563));
#4081=CARTESIAN_POINT('',(0.155630387028728,-0.0272117995424767,-0.00950278581376598));
#4082=CARTESIAN_POINT('',(0.155630387028728,-0.0272117995424767,-0.00950278581376597));
#4083=CARTESIAN_POINT('',(0.15,-0.025254381295507,-0.00881922476077957));
#4084=CARTESIAN_POINT('',(-1.7347234759768E-18,-0.0256304171369166,-0.0203873543498821));
#4085=CARTESIAN_POINT('',(0.15,-0.0256304171369166,-0.0203873543498821));
#4086=CARTESIAN_POINT('',(0.155630387028728,-0.0225573815864471,-0.0179429514998416));
#4087=CARTESIAN_POINT('',(0.155630387028728,-0.0225573815864471,-0.0179429514998416));
#4088=CARTESIAN_POINT('',(0.15,-0.0209347681958021,-0.0166522665300564));
#4089=CARTESIAN_POINT('',(-1.7347234759768E-18,-0.0174758753962363,-0.0276975861608052));
#4090=CARTESIAN_POINT('',(0.15,-0.0174758753962363,-0.0276975861608052));
#4091=CARTESIAN_POINT('',(0.155630387028728,-0.0153805530266734,-0.0243767011951153));
#4092=CARTESIAN_POINT('',(0.155630387028728,-0.0153805530266734,-0.0243767011951153));
#4093=CARTESIAN_POINT('',(0.15,-0.0142741883007426,-0.0226232192305813));
#4094=CARTESIAN_POINT('',(-1.7347234759768E-18,-0.00736714702976158,-0.0319106196217165));
#4095=CARTESIAN_POINT('',(0.15,-0.00736714702976158,-0.0319106196217165));
#4096=CARTESIAN_POINT('',(0.155630387028728,-0.00648384089365565,-0.0280846004035665));
#4097=CARTESIAN_POINT('',(0.155630387028728,-0.00648384089365565,-0.0280846004035665));
#4098=CARTESIAN_POINT('',(0.15,-0.00601744070369839,-0.0260643992330051));
#4099=CARTESIAN_POINT('',(-1.7347234759768E-18,0.00356539015140184,-0.032555345076781));
#4100=CARTESIAN_POINT('',(0.15,0.00356539015140184,-0.032555345076781));
#4101=CARTESIAN_POINT('',(0.155630387028728,0.00313790703132533,-0.0286520245711365));
#4102=CARTESIAN_POINT('',(0.155630387028728,0.00313790703132533,-0.0286520245711365));
#4103=CARTESIAN_POINT('',(0.15,0.00291218890229005,-0.026591007047447));
#4104=CARTESIAN_POINT('',(-1.7347234759768E-18,0.0140992384204717,-0.0295596680624579));
#4105=CARTESIAN_POINT('',(0.15,0.0140992384204717,-0.0295596680624579));
#4106=CARTESIAN_POINT('',(0.155630387028728,0.0124087680442308,-0.0260155232157019));
#4107=CARTESIAN_POINT('',(0.155630387028728,0.0124087680442308,-0.0260155232157019));
#4108=CARTESIAN_POINT('',(0.15,0.0115161718396219,-0.0241441563563588));
#4109=CARTESIAN_POINT('',(-1.7347234759768E-18,0.023056482225933,-0.0232585710516626));
#4110=CARTESIAN_POINT('',(0.15,0.023056482225933,-0.0232585710516626));
#4111=CARTESIAN_POINT('',(0.155630387028728,0.0202920563029929,-0.0204699150842991));
#4112=CARTESIAN_POINT('',(0.155630387028728,0.0202920563029929,-0.0204699150842991));
#4113=CARTESIAN_POINT('',(0.15,0.0188323938791971,-0.0189974587979229));
#4114=CARTESIAN_POINT('',(-1.7347234759768E-18,0.0294355050162978,-0.0143566550573423));
#4115=CARTESIAN_POINT('',(0.15,0.0294355050162978,-0.0143566550573423));
#4116=CARTESIAN_POINT('',(0.155630387028728,0.0259062470694648,-0.0126353209432168));
#4117=CARTESIAN_POINT('',(0.155630387028728,0.0259062470694648,-0.0126353209432168));
#4118=CARTESIAN_POINT('',(0.15,0.0240427407385027,-0.0117264281766078));
#4119=CARTESIAN_POINT('',(0.102500256484972,0.0456285713374682,-0.012));
#4120=CARTESIAN_POINT('',(0.1725,0.04725,-0.012));
#4121=CARTESIAN_POINT('',(0.172097201309817,0.04725,-0.012));
#4122=CARTESIAN_POINT('',(0.171313403461083,0.0468991881038327,-0.012));
#4123=CARTESIAN_POINT('',(0.171,0.0461032400739762,-0.012));
#4124=CARTESIAN_POINT('',(0.171,0.0457007932097464,-0.012));
#4125=CARTESIAN_POINT('',(0.171,0.0457007932097464,-0.012));
#4126=CARTESIAN_POINT('',(0.171,0.0445589347047412,-0.012));
#4127=CARTESIAN_POINT('',(0.171,0.0403678694094824,-0.012));
#4128=CARTESIAN_POINT('',(0.166,0.0403678694094824,-0.012));
#4129=CARTESIAN_POINT('',(0.161,0.0403678694094824,-0.012));
#4130=CARTESIAN_POINT('',(0.161,0.0445589347047412,-0.012));
#4131=CARTESIAN_POINT('',(0.161,0.0457007932097464,-0.012));
#4132=CARTESIAN_POINT('',(0.161,0.0457007932097464,-0.012));
#4133=CARTESIAN_POINT('',(0.161,0.0461034481641046,-0.012));
#4134=CARTESIAN_POINT('',(0.160687990704463,0.0468974916202931,-0.012));
#4135=CARTESIAN_POINT('',(0.159903044879204,0.04725,-0.012));
#4136=CARTESIAN_POINT('',(0.1595,0.04725,-0.012));
#4137=CARTESIAN_POINT('',(0.166,0.0403678694094824,-0.012));
#4138=CARTESIAN_POINT('',(0.168,0.0403678694094824,-0.012));
#4139=CARTESIAN_POINT('',(0.161,0.0445589347047412,-2.1951852720175));
#4140=CARTESIAN_POINT('',(0.161,0.0403678694094824,-2.1951852720175));
#4141=CARTESIAN_POINT('',(0.161,0.0403678694094824,-0.0245560098415636));
#4142=CARTESIAN_POINT('',(0.161,0.,0.));
#4143=CARTESIAN_POINT('',(0.166,0.0403678694094824,-2.1951852720175));
#4144=CARTESIAN_POINT('',(0.171,0.0403678694094824,-2.1951852720175));
#4145=CARTESIAN_POINT('',(0.171,0.0403678694094824,-0.0245560098415636));
#4146=CARTESIAN_POINT('',(0.171,0.0403678694094824,-0.0245560098415636));
#4147=CARTESIAN_POINT('',(0.171,0.0399425377722318,-0.0254649788364755));
#4148=CARTESIAN_POINT('',(0.170894480340339,0.0390466725062805,-0.0272428501583024));
#4149=CARTESIAN_POINT('',(0.170367559286527,0.0378038016159173,-0.0293747435681667));
#4150=CARTESIAN_POINT('',(0.169558923774945,0.0368062092828928,-0.0309206092162742));
#4151=CARTESIAN_POINT('',(0.168698790850416,0.0361020573916968,-0.0319453187397836));
#4152=CARTESIAN_POINT('',(0.167509672405591,0.0355302339024274,-0.0327320954451053));
#4153=CARTESIAN_POINT('',(0.166007365759025,0.0352870517415002,-0.0330545362249789));
#4154=CARTESIAN_POINT('',(0.164492562689465,0.0355287923346629,-0.0327340239052621));
#4155=CARTESIAN_POINT('',(0.163307342243772,0.0360987581416631,-0.0319499290441232));
#4156=CARTESIAN_POINT('',(0.162445121054855,0.0368016769270446,-0.0309274588364552));
#4157=CARTESIAN_POINT('',(0.161632127218656,0.0378034585265373,-0.0293755350298093));
#4158=CARTESIAN_POINT('',(0.16110573980255,0.0390465472702577,-0.0272429853235879));
#4159=CARTESIAN_POINT('',(0.161,0.0399422522713059,-0.0254655889756397));
#4160=CARTESIAN_POINT('',(0.161,0.0403678694094824,-0.0245560098415638));
#4161=CARTESIAN_POINT('',(0.171,0.0445589347047412,-2.1951852720175));
#4162=CARTESIAN_POINT('',(0.171,0.,0.));
#4163=CARTESIAN_POINT('',(0.102500256484972,0.0456285713374682,-0.012));
#4164=CARTESIAN_POINT('',(0.1595,-0.04725,-0.012));
#4165=CARTESIAN_POINT('',(0.159902798690183,-0.04725,-0.012));
#4166=CARTESIAN_POINT('',(0.160686596538917,-0.0468991881038327,-0.012));
#4167=CARTESIAN_POINT('',(0.161,-0.0461032400739762,-0.012));
#4168=CARTESIAN_POINT('',(0.161,-0.0457007932097464,-0.012));
#4169=CARTESIAN_POINT('',(0.161,-0.0457007932097464,-0.012));
#4170=CARTESIAN_POINT('',(0.161,-0.0437442182619524,-0.012));
#4171=CARTESIAN_POINT('',(0.161,-0.0387384365239048,-0.012));
#4172=CARTESIAN_POINT('',(0.166,-0.0387384365239048,-0.012));
#4173=CARTESIAN_POINT('',(0.171,-0.0387384365239048,-0.012));
#4174=CARTESIAN_POINT('',(0.171,-0.0437442182619524,-0.012));
#4175=CARTESIAN_POINT('',(0.171,-0.0457007932097464,-0.012));
#4176=CARTESIAN_POINT('',(0.171,-0.0457007932097464,-0.012));
#4177=CARTESIAN_POINT('',(0.171,-0.0461034481641045,-0.012));
#4178=CARTESIAN_POINT('',(0.171312009295537,-0.0468974916202931,-0.012));
#4179=CARTESIAN_POINT('',(0.172096955120796,-0.04725,-0.012));
#4180=CARTESIAN_POINT('',(0.1725,-0.04725,-0.012));
#4181=CARTESIAN_POINT('',(0.166,-0.0387384365239048,-0.012));
#4182=CARTESIAN_POINT('',(0.168,-0.0387384365239048,-0.012));
#4183=CARTESIAN_POINT('',(0.166,-0.0387384365239048,-2.1951852720175));
#4184=CARTESIAN_POINT('',(0.161,-0.0387384365239048,-2.1951852720175));
#4185=CARTESIAN_POINT('',(0.161,-0.0387384365239048,-0.0270535771328561));
#4186=CARTESIAN_POINT('',(0.161,-0.0387384365239048,-0.0270535771328562));
#4187=CARTESIAN_POINT('',(0.161,-0.038289979392463,-0.0278883756678211));
#4188=CARTESIAN_POINT('',(0.161118826964479,-0.0373473569213478,-0.0295271594317409));
#4189=CARTESIAN_POINT('',(0.161798206338085,-0.0358317056214182,-0.0318338149326508));
#4190=CARTESIAN_POINT('',(0.163024036047496,-0.0345796979675698,-0.0335037722000752));
#4191=CARTESIAN_POINT('',(0.164595038836868,-0.0338745894927582,-0.034379337022623));
#4192=CARTESIAN_POINT('',(0.166014572339705,-0.0336679896066334,-0.0346282765367445));
#4193=CARTESIAN_POINT('',(0.167436123905628,-0.0338842045857405,-0.0343677278898533));
#4194=CARTESIAN_POINT('',(0.168602738887287,-0.03441469899365,-0.0337078619576325));
#4195=CARTESIAN_POINT('',(0.169479770840049,-0.0350983250673675,-0.03281378161868));
#4196=CARTESIAN_POINT('',(0.170322466226439,-0.0360942216558291,-0.0314335688325506));
#4197=CARTESIAN_POINT('',(0.17088390449544,-0.0373618044005086,-0.0295036660241576));
#4198=CARTESIAN_POINT('',(0.171,-0.0382911935686025,-0.0278861154908913));
#4199=CARTESIAN_POINT('',(0.171,-0.0387384365239048,-0.0270535771328563));
#4200=CARTESIAN_POINT('',(0.171,-0.0387384365239048,-0.0270535771328561));
#4201=CARTESIAN_POINT('',(0.171,-0.0387384365239048,-2.1951852720175));
#4202=CARTESIAN_POINT('',(0.161,-0.0437442182619524,-2.1951852720175));
#4203=CARTESIAN_POINT('',(0.161,0.,0.));
#4204=CARTESIAN_POINT('',(0.171,-0.0437442182619524,-2.1951852720175));
#4205=CARTESIAN_POINT('',(0.171,0.,0.));
#4206=CARTESIAN_POINT('',(0.102500256484972,0.0456285713374682,-0.012));
#4207=CARTESIAN_POINT('',(0.0968769345623065,-0.04725,-0.012));
#4208=CARTESIAN_POINT('',(0.0973966868332808,-0.04725,-0.012));
#4209=CARTESIAN_POINT('',(0.0983960607911468,-0.0466411555004412,-0.012));
#4210=CARTESIAN_POINT('',(0.0983996200949124,-0.0454825386539958,-0.012));
#4211=CARTESIAN_POINT('',(0.0981638784248223,-0.0450198409305742,-0.012));
#4212=CARTESIAN_POINT('',(0.0981638784248223,-0.0450198409305742,-0.012));
#4213=CARTESIAN_POINT('',(0.102618967890803,-0.04275,-0.012));
#4214=CARTESIAN_POINT('',(0.107074057356783,-0.0450198409305742,-0.012));
#4215=CARTESIAN_POINT('',(0.107074057356783,-0.0450198409305742,-0.012));
#4216=CARTESIAN_POINT('',(0.106838141772527,-0.0454828800009009,-0.012));
#4217=CARTESIAN_POINT('',(0.106840955011239,-0.0466387592383109,-0.012));
#4218=CARTESIAN_POINT('',(0.107840775243417,-0.04725,-0.012));
#4219=CARTESIAN_POINT('',(0.108361001219299,-0.04725,-0.012));
#4220=CARTESIAN_POINT('',(0.102618967890803,-0.04275,-0.012));
#4221=CARTESIAN_POINT('',(0.104618967890803,-0.04275,-0.012));
#4222=CARTESIAN_POINT('',(0.102618967890803,-0.04275,-2.1951852720175));
#4223=CARTESIAN_POINT('',(0.0981638784248223,-0.0450198409305742,-0.012));
#4224=CARTESIAN_POINT('',(0.0979797656322361,-0.0446584768579846,-0.0137890843484419));
#4225=CARTESIAN_POINT('',(0.0977216692943989,-0.0439936604956447,-0.0164435782473665));
#4226=CARTESIAN_POINT('',(0.0975918713081678,-0.0428446918165207,-0.0199288756884395));
#4227=CARTESIAN_POINT('',(0.097660417840939,-0.041860819570963,-0.0224778495042557));
#4228=CARTESIAN_POINT('',(0.0979831964898245,-0.0407418408166609,-0.0249836829287008));
#4229=CARTESIAN_POINT('',(0.0985709798576465,-0.039729984143711,-0.0269581040655717));
#4230=CARTESIAN_POINT('',(0.0993699719135106,-0.0389124117812814,-0.028411636550081));
#4231=CARTESIAN_POINT('',(0.100186326600293,-0.0383377553325921,-0.0293758378201311));
#4232=CARTESIAN_POINT('',(0.101283727797812,-0.037872074371346,-0.0301184860673786));
#4233=CARTESIAN_POINT('',(0.102680501847358,-0.0376821550383955,-0.0304115299016243));
#4234=CARTESIAN_POINT('',(0.104048882311315,-0.0379012413968835,-0.0300729735826734));
#4235=CARTESIAN_POINT('',(0.105127702357543,-0.0383810024811596,-0.0293052432210822));
#4236=CARTESIAN_POINT('',(0.105924688842539,-0.0389628708029765,-0.0283241573102541));
#4237=CARTESIAN_POINT('',(0.106693325320865,-0.0397688213495136,-0.0268850312468837));
#4238=CARTESIAN_POINT('',(0.107272475599778,-0.0407855122382824,-0.0248914479997945));
#4239=CARTESIAN_POINT('',(0.107579396423276,-0.0418788353044386,-0.0224331852204632));
#4240=CARTESIAN_POINT('',(0.107645783598767,-0.0428653581076443,-0.0198712541368066));
#4241=CARTESIAN_POINT('',(0.107512879930232,-0.0440004817710244,-0.0164152535295057));
#4242=CARTESIAN_POINT('',(0.107257176833794,-0.0446604264702673,-0.0137794319754333));
#4243=CARTESIAN_POINT('',(0.107074057356783,-0.0450198409305742,-0.012));
#4244=CARTESIAN_POINT('',(0.102500256484972,0.0456285713374682,-0.012));
#4245=CARTESIAN_POINT('',(0.0324930336742995,-0.0471539457612638,-0.0119999999999997));
#4246=CARTESIAN_POINT('',(0.0329145921994,-0.0471882944171857,-0.0119999999999997));
#4247=CARTESIAN_POINT('',(0.0337649140427655,-0.0468663070832504,-0.0120000000000002));
#4248=CARTESIAN_POINT('',(0.0341111111111111,-0.0460319267709877,-0.012));
#4249=CARTESIAN_POINT('',(0.0341111111111111,-0.0456093510056215,-0.012));
#4250=CARTESIAN_POINT('',(0.0341111111111111,-0.0456093510056215,-0.012));
#4251=CARTESIAN_POINT('',(0.0341111111111111,-0.0457453930460904,-0.012));
#4252=CARTESIAN_POINT('',(0.0341111111111111,-0.04275,-0.012));
#4253=CARTESIAN_POINT('',(0.0391111111111111,-0.04275,-0.012));
#4254=CARTESIAN_POINT('',(0.0441111111111111,-0.04275,-0.012));
#4255=CARTESIAN_POINT('',(0.0441111111111111,-0.04575,-0.012));
#4256=CARTESIAN_POINT('',(0.0441111111111111,-0.0457007932097464,-0.012));
#4257=CARTESIAN_POINT('',(0.0441111111111111,-0.0457007932097464,-0.012));
#4258=CARTESIAN_POINT('',(0.0441111111111111,-0.0461034481641046,-0.012));
#4259=CARTESIAN_POINT('',(0.044423120406648,-0.046897491620293,-0.012));
#4260=CARTESIAN_POINT('',(0.0452080662319067,-0.04725,-0.012));
#4261=CARTESIAN_POINT('',(0.0456111111111111,-0.04725,-0.012));
#4262=CARTESIAN_POINT('',(0.0391111111111111,-0.04275,-0.012));
#4263=CARTESIAN_POINT('',(0.0411111111111111,-0.04275,-0.012));
#4264=CARTESIAN_POINT('',(0.0341111111111111,-0.0457453930460904,-2.1951852720175));
#4265=CARTESIAN_POINT('',(0.0341111111111111,0.,0.));
#4266=CARTESIAN_POINT('',(0.0341111111111111,-0.04275,-0.0199160839311845));
#4267=CARTESIAN_POINT('',(0.0341111111111111,-0.04275,-2.1951852720175));
#4268=CARTESIAN_POINT('',(0.0441111111111111,-0.04575,-2.1951852720175));
#4269=CARTESIAN_POINT('',(0.0441111111111111,-0.04275,-2.1951852720175));
#4270=CARTESIAN_POINT('',(0.0441111111111111,-0.04275,-0.0201246117974981));
#4271=CARTESIAN_POINT('',(0.0441111111111111,0.,0.));
#4272=CARTESIAN_POINT('',(0.0391111111111111,-0.04275,-2.1951852720175));
#4273=CARTESIAN_POINT('',(0.0341111111111111,-0.04275,-0.0199160839311845));
#4274=CARTESIAN_POINT('',(0.0341111111111111,-0.0422168088174938,-0.0214039316461353));
#4275=CARTESIAN_POINT('',(0.0342279369935662,-0.0413369216721485,-0.0235906145580895));
#4276=CARTESIAN_POINT('',(0.0348749480726862,-0.040006726838043,-0.0263995390768787));
#4277=CARTESIAN_POINT('',(0.0354390173757597,-0.0393159298145364,-0.0277006649646313));
#4278=CARTESIAN_POINT('',(0.0358368582645113,-0.0389712080903373,-0.0282998367016115));
#4279=CARTESIAN_POINT('',(0.0358368582645113,-0.0389712080903373,-0.0282998367016115));
#4280=CARTESIAN_POINT('',(0.0358368582645113,-0.0389712080903373,-0.0282998367016115));
#4281=CARTESIAN_POINT('',(0.0362074819019871,-0.0386500696077129,-0.0288580176601578));
#4282=CARTESIAN_POINT('',(0.0368928049126612,-0.0381880607252062,-0.0296192329964172));
#4283=CARTESIAN_POINT('',(0.0382083758902214,-0.0377914970087451,-0.0302428371062638));
#4284=CARTESIAN_POINT('',(0.0393383138693389,-0.0377121635566021,-0.030365368204659));
#4285=CARTESIAN_POINT('',(0.0404288751690753,-0.0378890721983534,-0.0300908294630298));
#4286=CARTESIAN_POINT('',(0.0416364086783805,-0.0383600590666872,-0.0293411783636199));
#4287=CARTESIAN_POINT('',(0.0426766113391286,-0.0391565843372536,-0.0280034549859017));
#4288=CARTESIAN_POINT('',(0.0434327210882575,-0.0401519021561496,-0.0261559700521346));
#4289=CARTESIAN_POINT('',(0.0440061387010366,-0.0414170336293,-0.0235440864917788));
#4290=CARTESIAN_POINT('',(0.0441111111111111,-0.0422475370250534,-0.0215121853871723));
#4291=CARTESIAN_POINT('',(0.0441111111111111,-0.04275,-0.0201246117974981));
#4292=CARTESIAN_POINT('',(0.0223279280660034,0.0416279794098995,-2.1951852720175));
#4293=CARTESIAN_POINT('',(0.0240442423460419,0.0380682164587086,-0.0241341404488983));
#4294=CARTESIAN_POINT('',(0.0239707992294978,0.038220542922652,-0.0238340475326537));
#4295=CARTESIAN_POINT('',(0.0238987899191239,0.0383698955663903,-0.0235321414224146));
#4296=CARTESIAN_POINT('',(0.0238282086412746,0.0385162863648926,-0.0232284294195444));
#4297=CARTESIAN_POINT('',(0.0240442423460419,0.0380682164587086,-0.0241341404488984));
#4298=CARTESIAN_POINT('',(0.0238282086412746,0.0385162863648926,-0.0232284294195444));
#4299=CARTESIAN_POINT('',(0.0483905791940965,-0.0124278895965157,0.));
#4300=CARTESIAN_POINT('',(0.0219233272752859,0.0424671514202765,-0.012));
#4301=CARTESIAN_POINT('',(0.0223279280660034,0.0416279794098995,-0.012));
#4302=CARTESIAN_POINT('',(0.0240442423460419,0.0380682164587086,-0.012));
#4303=CARTESIAN_POINT('',(0.0240442423460419,0.0380682164587086,-2.1951852720175));
#4304=CARTESIAN_POINT('',(0.102500256484972,0.0456285713374682,-0.012));
#4305=CARTESIAN_POINT('',(0.0285480857528864,0.0402397123870087,-0.012));
#4306=CARTESIAN_POINT('',(0.0305480857528864,0.0402397123870087,-0.012));
#4307=CARTESIAN_POINT('',(0.034053953269668,0.0472389753511872,-0.012));
#4308=CARTESIAN_POINT('',(0.0336109723736865,0.0472267734136127,-0.012));
#4309=CARTESIAN_POINT('',(0.0327646020766553,0.0467729241951786,-0.012));
#4310=CARTESIAN_POINT('',(0.0325555285416676,0.0458399941455532,-0.012));
#4311=CARTESIAN_POINT('',(0.0326397897209492,0.0454053321126789,-0.012));
#4312=CARTESIAN_POINT('',(0.0326397897209492,0.0454053321126789,-0.012));
#4313=CARTESIAN_POINT('',(0.0327370899693546,0.0449034079272878,-0.012));
#4314=CARTESIAN_POINT('',(0.0334567044940184,0.0411912700858411,-0.012));
#4315=CARTESIAN_POINT('',(0.0285480857528864,0.0402397123870087,-0.012));
#4316=CARTESIAN_POINT('',(0.0219233272752859,0.0424671514202765,-0.0120000000000004));
#4317=CARTESIAN_POINT('',(0.0217470140408844,0.0428328381286648,-0.0120000000000004));
#4318=CARTESIAN_POINT('',(0.0211125079444901,0.0434154728753049,-0.0119999999999998));
#4319=CARTESIAN_POINT('',(0.0202444612490641,0.0433816493291312,-0.012));
#4320=CARTESIAN_POINT('',(0.0198810707377401,0.0431998092272904,-0.012));
#4321=CARTESIAN_POINT('',(0.0285480857528864,0.0402397123870087,-2.1951852720175));
#4322=CARTESIAN_POINT('',(0.0334567044940184,0.0411912700858411,-2.1951852720175));
#4323=CARTESIAN_POINT('',(0.0334567044940184,0.0411912700858411,-0.0226327805411866));
#4324=CARTESIAN_POINT('',(0.0334567044940185,0.041191270085841,-0.0226327805411865));
#4325=CARTESIAN_POINT('',(0.0335824015318928,0.0405428608127384,-0.0241775342414769));
#4326=CARTESIAN_POINT('',(0.0335975896622275,0.0398234239668711,-0.0256869400350259));
#4327=CARTESIAN_POINT('',(0.0333992370280001,0.0390287907107794,-0.0271576970864222));
#4328=CARTESIAN_POINT('',(0.0333992370280001,0.0390287907107794,-0.0271576970864223));
#4329=CARTESIAN_POINT('',(0.0333992370280001,0.0390287907107793,-0.0271576970864222));
#4330=CARTESIAN_POINT('',(0.0333067346374174,0.038658210929415,-0.0278435893799655));
#4331=CARTESIAN_POINT('',(0.0330264867396538,0.0378896531007081,-0.0291866440833623));
#4332=CARTESIAN_POINT('',(0.0323191373334807,0.0368699211972538,-0.03074495537753));
#4333=CARTESIAN_POINT('',(0.0313823986347895,0.0360807667819094,-0.0317610791397452));
#4334=CARTESIAN_POINT('',(0.0304279621741361,0.0355567622492596,-0.0322908058551784));
#4335=CARTESIAN_POINT('',(0.0292425678252747,0.0352389714371097,-0.0323585090436742));
#4336=CARTESIAN_POINT('',(0.0281080838521963,0.0352236038434684,-0.0319038744005352));
#4337=CARTESIAN_POINT('',(0.0271868979050079,0.03540319755582,-0.0311720386763889));
#4338=CARTESIAN_POINT('',(0.0261869198472593,0.0357817186716645,-0.0300107287606509));
#4339=CARTESIAN_POINT('',(0.0252662253470487,0.0364053174226576,-0.0283577473443332));
#4340=CARTESIAN_POINT('',(0.0245165238804139,0.0372227450965199,-0.0262839365016197));
#4341=CARTESIAN_POINT('',(0.0241803920216317,0.0377858319463742,-0.0248573507598282));
#4342=CARTESIAN_POINT('',(0.0240442423460419,0.0380682164587086,-0.0241341404488983));
#4343=CARTESIAN_POINT('',(0.0327370899693546,0.0449034079272878,-2.1951852720175));
#4344=CARTESIAN_POINT('',(0.0326397897209492,0.0454053321126789,-0.012));
#4345=CARTESIAN_POINT('',(0.0328148960900264,0.0445020443709071,-0.0154572863862238));
#4346=CARTESIAN_POINT('',(0.0330623109665374,0.0432257525588955,-0.0187611826478424));
#4347=CARTESIAN_POINT('',(0.0333819967881934,0.0415766504420398,-0.0219117684668234));
#4348=CARTESIAN_POINT('',(0.0333819967881934,0.0415766504420398,-0.0219117684668234));
#4349=CARTESIAN_POINT('',(0.0414971555603051,-0.000285467309649726,0.));
#4350=CARTESIAN_POINT('',(0.166,0.0403678694094824,-2.1831852720175));
#4351=CARTESIAN_POINT('',(0.166,0.0403678694094824,0.));
#4352=CARTESIAN_POINT('',(0.168,0.0403678694094824,0.));
#4353=CARTESIAN_POINT('',(0.166,-0.0387384365239048,-2.1831852720175));
#4354=CARTESIAN_POINT('',(0.166,-0.0387384365239048,0.));
#4355=CARTESIAN_POINT('',(0.168,-0.0387384365239048,0.));
#4356=CARTESIAN_POINT('',(0.102618967890803,-0.04275,-2.1831852720175));
#4357=CARTESIAN_POINT('',(0.102618967890803,-0.04275,0.));
#4358=CARTESIAN_POINT('',(0.104618967890803,-0.04275,0.));
#4359=CARTESIAN_POINT('',(0.0391111111111111,-0.04275,-2.1831852720175));
#4360=CARTESIAN_POINT('',(0.0391111111111111,-0.04275,0.));
#4361=CARTESIAN_POINT('',(0.0411111111111111,-0.04275,0.));
#4362=CARTESIAN_POINT('',(0.0285480857528864,0.0402397123870087,-2.1831852720175));
#4363=CARTESIAN_POINT('',(0.0285480857528864,0.0402397123870087,0.));
#4364=CARTESIAN_POINT('',(0.0305480857528864,0.0402397123870087,0.));
#4365=CARTESIAN_POINT('',(0.1595,0.,0.));
#4366=CARTESIAN_POINT('',(0.1595,0.0403678694094824,-0.0245560098415638));
#4367=CARTESIAN_POINT('',(0.161,0.0403678694094825,-0.0245560098415637));
#4368=CARTESIAN_POINT('',(0.161,0.0416493890732756,-0.0253355657095498));
#4369=CARTESIAN_POINT('',(0.1595,0.0416493890732756,-0.0253355657095498));
#4370=CARTESIAN_POINT('',(0.161,0.0399078659899771,-0.0255390753111594));
#4371=CARTESIAN_POINT('',(0.160886557623136,0.0410915947968382,-0.0262525292830792));
#4372=CARTESIAN_POINT('',(0.159499999998675,0.0410324003600021,-0.0263498396068664));
#4373=CARTESIAN_POINT('',(0.161122830971458,0.0389455764157512,-0.0274354502406225));
#4374=CARTESIAN_POINT('',(0.160815640118833,0.0399178855345594,-0.0280506614009522));
#4375=CARTESIAN_POINT('',(0.159659680263511,0.0397417103752461,-0.0283064169148747));
#4376=CARTESIAN_POINT('',(0.161847188522809,0.0373759439647108,-0.0300895816675308));
#4377=CARTESIAN_POINT('',(0.161405410354046,0.0379326847981159,-0.0306789229089416));
#4378=CARTESIAN_POINT('',(0.160601345079483,0.0376364097068997,-0.0310448064823876));
#4379=CARTESIAN_POINT('',(0.163133522936202,0.0361366338021614,-0.0319023996354299));
#4380=CARTESIAN_POINT('',(0.162775623562561,0.036341446184696,-0.032512367160908));
#4381=CARTESIAN_POINT('',(0.162273579817084,0.0359741603618657,-0.032915174227029));
#4382=CARTESIAN_POINT('',(0.164670749391808,0.0354895287625471,-0.0327858203709364));
#4383=CARTESIAN_POINT('',(0.164498714638123,0.0355214211961694,-0.033395469307341));
#4384=CARTESIAN_POINT('',(0.164271974209346,0.0351062178881011,-0.0338266400652522));
#4385=CARTESIAN_POINT('',(0.165993860215217,0.0353074163860474,-0.0330276513470323));
#4386=CARTESIAN_POINT('',(0.165993062172691,0.0352920243312472,-0.0336362259846873));
#4387=CARTESIAN_POINT('',(0.165992018279782,0.034861956049779,-0.0340761482151918));
#4388=CARTESIAN_POINT('',(0.167326960606904,0.0354880341647659,-0.0327878448141328));
#4389=CARTESIAN_POINT('',(0.167498793195093,0.0355195576973987,-0.0333974623030148));
#4390=CARTESIAN_POINT('',(0.167725048788979,0.0351042132291723,-0.0338287287764866));
#4391=CARTESIAN_POINT('',(0.168867918570667,0.0361375940180193,-0.0319010999214196));
#4392=CARTESIAN_POINT('',(0.169226027232365,0.036342701160749,-0.0325110209640461));
#4393=CARTESIAN_POINT('',(0.169728294141845,0.0359754482704371,-0.0329138332522564));
#4394=CARTESIAN_POINT('',(0.170151403264268,0.0373748394919831,-0.0300910662098735));
#4395=CARTESIAN_POINT('',(0.170592933306106,0.0379310822203921,-0.0306806752916231));
#4396=CARTESIAN_POINT('',(0.171396824243729,0.0376349283109387,-0.0310463381530596));
#4397=CARTESIAN_POINT('',(0.170876724223437,0.0389431389153546,-0.0274400356361571));
#4398=CARTESIAN_POINT('',(0.171184363797635,0.0399149214008977,-0.0280550032180698));
#4399=CARTESIAN_POINT('',(0.172339741489807,0.0397384410294792,-0.0283111478785182));
#4400=CARTESIAN_POINT('',(0.171,0.039907737686596,-0.0255393495061331));
#4401=CARTESIAN_POINT('',(0.171113472821329,0.041091445102526,-0.0262527753671748));
#4402=CARTESIAN_POINT('',(0.172500000001422,0.0410322282705397,-0.0263501225064495));
#4403=CARTESIAN_POINT('',(0.171,0.0403678694094824,-0.0245560098415638));
#4404=CARTESIAN_POINT('',(0.171,0.0416493890732755,-0.02533556570955));
#4405=CARTESIAN_POINT('',(0.1725,0.0416493890732755,-0.02533556570955));
#4406=CARTESIAN_POINT('',(0.1725,0.0403678694094825,-0.0245560098415636));
#4407=CARTESIAN_POINT('',(0.1725,0.,0.));
#4408=CARTESIAN_POINT('',(0.0218256068407312,0.0390165483684689,-0.0239349538447954));
#4409=CARTESIAN_POINT('',(0.0232196404760417,0.039778501818709,-0.0239782524254666));
#4410=CARTESIAN_POINT('',(0.0238282086412746,0.0385162863648926,-0.0232284294195445));
#4411=CARTESIAN_POINT('',(0.0209603987397858,0.0408764518012741,-0.0201053486663144));
#4412=CARTESIAN_POINT('',(0.0223482652171992,0.0415857986517897,-0.0201653566490884));
#4413=CARTESIAN_POINT('',(0.0229630005403432,0.0403107920557132,-0.0195054295923141));
#4414=CARTESIAN_POINT('',(0.02030411447506,0.0422890094216246,-0.0160676329659026));
#4415=CARTESIAN_POINT('',(0.0216745508708966,0.0429831321109519,-0.0160989737710507));
#4416=CARTESIAN_POINT('',(0.0223067162756102,0.0416719742344188,-0.0155850471739143));
#4417=CARTESIAN_POINT('',(0.0198733014762214,0.043216536148195,-0.0119255455422361));
#4418=CARTESIAN_POINT('',(0.0212344575187446,0.0438959183227325,-0.0119306837723834));
#4419=CARTESIAN_POINT('',(0.0218759032767647,0.0425655123060982,-0.0115661299587877));
#4420=CARTESIAN_POINT('',(0.0224770556192212,0.0378648375864026,-0.0232284294195444));
#4421=CARTESIAN_POINT('',(0.0238282086412746,0.0385162863648927,-0.0232284294195444));
#4422=CARTESIAN_POINT('',(0.0232196404760417,0.039778501818709,-0.0239782524254666));
#4423=CARTESIAN_POINT('',(0.0218256068407312,0.0390165483684689,-0.0239349538447954));
#4424=CARTESIAN_POINT('',(0.0238987899191237,0.0383698955663909,-0.0235321414224132));
#4425=CARTESIAN_POINT('',(0.0232932310613092,0.0396258694937016,-0.0242911028561744));
#4426=CARTESIAN_POINT('',(0.0218999029226708,0.038866349292411,-0.0242482989738046));
#4427=CARTESIAN_POINT('',(0.0239707992295065,0.038220542922634,-0.0238340475326413));
#4428=CARTESIAN_POINT('',(0.0233683450057012,0.0394700776090353,-0.0246022447060319));
#4429=CARTESIAN_POINT('',(0.0219757021967514,0.0387130955710623,-0.0245598017171713));
#4430=CARTESIAN_POINT('',(0.0240442423460419,0.0380682164587086,-0.0241341404488983));
#4431=CARTESIAN_POINT('',(0.0234449969317172,0.0393110958365672,-0.0249116792007626));
#4432=CARTESIAN_POINT('',(0.0220530107404863,0.0385567734851929,-0.0248694541041276));
#4433=CARTESIAN_POINT('',(0.0226930893239886,0.0374167676802186,-0.0241341404488983));
#4434=CARTESIAN_POINT('',(0.0240442423460417,0.0380682164587091,-0.024134140448897));
#4435=CARTESIAN_POINT('',(0.023444996931717,0.039311095836568,-0.0249116792007614));
#4436=CARTESIAN_POINT('',(0.022053010740486,0.0385567734851935,-0.0248694541041263));
#4437=CARTESIAN_POINT('',(0.0241921058494494,0.0377615365997894,-0.0249195731705848));
#4438=CARTESIAN_POINT('',(0.0235480962895295,0.038887820907681,-0.0256481105899629));
#4439=CARTESIAN_POINT('',(0.0222553502705441,0.0381476319331319,-0.0256799068135986));
#4440=CARTESIAN_POINT('',(0.0245608991151355,0.0371552199768805,-0.0264543513521997));
#4441=CARTESIAN_POINT('',(0.0238525275722246,0.0380499184480694,-0.0270990965716164));
#4442=CARTESIAN_POINT('',(0.0227600147407267,0.0373393986805589,-0.0272643076863488));
#4443=CARTESIAN_POINT('',(0.0253900173719413,0.0362916503547424,-0.0286478526598771));
#4444=CARTESIAN_POINT('',(0.0246992863927182,0.0368208786761018,-0.0292481235074042));
#4445=CARTESIAN_POINT('',(0.0238945976179156,0.036190179955085,-0.0295312920967838));
#4446=CARTESIAN_POINT('',(0.0264109179431717,0.0356660253642213,-0.0303342840494869));
#4447=CARTESIAN_POINT('',(0.0258513521785259,0.0359080788819286,-0.0309339788490856));
#4448=CARTESIAN_POINT('',(0.0252916194523628,0.0353596496743403,-0.0312768261770706));
#4449=CARTESIAN_POINT('',(0.0274584805115221,0.0353337157155336,-0.0314199741401217));
#4450=CARTESIAN_POINT('',(0.0270727457249813,0.0354105683006021,-0.0320145186498384));
#4451=CARTESIAN_POINT('',(0.0267251261248248,0.0349207197780922,-0.0324023752324896));
#4452=CARTESIAN_POINT('',(0.0283888181078754,0.0352095442360318,-0.0320492522119491));
#4453=CARTESIAN_POINT('',(0.0281603404719568,0.0352057459818856,-0.0326369348603308));
#4454=CARTESIAN_POINT('',(0.0279982196777333,0.0347591073710723,-0.0330559715417081));
#4455=CARTESIAN_POINT('',(0.0294202767706767,0.0352785532028246,-0.0323625052707324));
#4456=CARTESIAN_POINT('',(0.029373515531032,0.0352575283803673,-0.0329492981957134));
#4457=CARTESIAN_POINT('',(0.0294096894268268,0.0348559397052121,-0.0333832157683822));
#4458=CARTESIAN_POINT('',(0.030438155086706,0.0355720709766009,-0.0322679805116637));
#4459=CARTESIAN_POINT('',(0.0305644917360195,0.0356103247831274,-0.0328582406099725));
#4460=CARTESIAN_POINT('',(0.0308025755435064,0.0352527634944622,-0.0332887616287125));
#4461=CARTESIAN_POINT('',(0.0313188062600729,0.0360418026596813,-0.0318035293269791));
#4462=CARTESIAN_POINT('',(0.0315759482125032,0.0361997483582056,-0.0324021912189274));
#4463=CARTESIAN_POINT('',(0.0320076771491379,0.0358847383203463,-0.0328114501044241));
#4464=CARTESIAN_POINT('',(0.032247801120056,0.0367926212507451,-0.0308538047903404));
#4465=CARTESIAN_POINT('',(0.0326185435820149,0.0371614374647548,-0.0314623078620694));
#4466=CARTESIAN_POINT('',(0.033278933273467,0.0368931913374869,-0.0318328908623674));
#4467=CARTESIAN_POINT('',(0.0330010098594643,0.0378285389759196,-0.0292902204034538));
#4468=CARTESIAN_POINT('',(0.0333896054885019,0.0385046473512213,-0.0299043279348706));
#4469=CARTESIAN_POINT('',(0.034309639968418,0.0382831101339474,-0.0302200575518125));
#4470=CARTESIAN_POINT('',(0.0333013519491105,0.0386366469953009,-0.0278835012619773));
#4471=CARTESIAN_POINT('',(0.0335995387928593,0.0395083552457853,-0.0285638234513038));
#4472=CARTESIAN_POINT('',(0.0347206344098643,0.039367020309886,-0.0287686917781999));
#4473=CARTESIAN_POINT('',(0.0333992370280001,0.0390287907107793,-0.0271576970864222));
#4474=CARTESIAN_POINT('',(0.033639956197258,0.0399931512700238,-0.0278772437493714));
#4475=CARTESIAN_POINT('',(0.0348545824105344,0.0398929908494315,-0.0280198462002769));
#4476=CARTESIAN_POINT('',(0.0348545824105343,0.0386655142079106,-0.0271576970864223));
#4477=CARTESIAN_POINT('',(0.0333992370280002,0.0390287907107794,-0.0271576970864222));
#4478=CARTESIAN_POINT('',(0.033639956197258,0.0399931512700237,-0.0278772437493713));
#4479=CARTESIAN_POINT('',(0.0348545824105343,0.0398929908494316,-0.0280198462002769));
#4480=CARTESIAN_POINT('',(0.0335951619456556,0.0398136981352382,-0.0257049412121111));
#4481=CARTESIAN_POINT('',(0.0337250575974556,0.0410341169642649,-0.0263831695884926));
#4482=CARTESIAN_POINT('',(0.0351092847985654,0.0409457635073745,-0.0265209710919104));
#4483=CARTESIAN_POINT('',(0.0335839318171929,0.0405349668225869,-0.0241963406813632));
#4484=CARTESIAN_POINT('',(0.0335080873122451,0.0419440210519596,-0.0248958976682789));
#4485=CARTESIAN_POINT('',(0.0350946856378929,0.0419131794442296,-0.0249644784808219));
#4486=CARTESIAN_POINT('',(0.0334567044940184,0.041191270085841,-0.0226327805411865));
#4487=CARTESIAN_POINT('',(0.033161356642498,0.0427148245701409,-0.0234953870313072));
#4488=CARTESIAN_POINT('',(0.034929290116358,0.0427934592175697,-0.023351281510748));
#4489=CARTESIAN_POINT('',(0.034929290116358,0.0414767373954906,-0.0226327805411865));
#4490=CARTESIAN_POINT('',(0.0334567044940185,0.0411912700858409,-0.0226327805411865));
#4491=CARTESIAN_POINT('',(0.033161356642498,0.0427148245701409,-0.0234953870313072));
#4492=CARTESIAN_POINT('',(0.0349292901163581,0.0427934592175697,-0.023351281510748));
#4493=CARTESIAN_POINT('',(0.0334313994759468,0.0413218062436628,-0.0223935605333438));
#4494=CARTESIAN_POINT('',(0.0331349273313484,0.0428511604036678,-0.0232475158586685));
#4495=CARTESIAN_POINT('',(0.0349039850982841,0.0429281393804006,-0.023104467216943));
#4496=CARTESIAN_POINT('',(0.0334064956647693,0.0414502727721995,-0.0221532111830466));
#4497=CARTESIAN_POINT('',(0.033108923660601,0.0429853005674476,-0.0229985273369203));
#4498=CARTESIAN_POINT('',(0.0348790812871108,0.043060684211435,-0.0228564877285415));
#4499=CARTESIAN_POINT('',(0.0333819967881934,0.0415766504420399,-0.0219117684668233));
#4500=CARTESIAN_POINT('',(0.0330833481744137,0.0431172319374247,-0.0227484541132923));
#4501=CARTESIAN_POINT('',(0.034854582410533,0.0431910738707909,-0.0226073801641828));
#4502=CARTESIAN_POINT('',(0.0348545824105331,0.0418621177516896,-0.0219117684668234));
#4503=CARTESIAN_POINT('',(0.0333819967881934,0.0415766504420399,-0.0219117684668233));
#4504=CARTESIAN_POINT('',(0.0330833481744137,0.0431172319374248,-0.0227484541132923));
#4505=CARTESIAN_POINT('',(0.0348545824105331,0.0431910738707909,-0.0226073801641827));
#4506=CARTESIAN_POINT('',(0.0330474873895378,0.0433022201109528,-0.0186150924915601));
#4507=CARTESIAN_POINT('',(0.0327383526277619,0.04489689449276,-0.0193306937615675));
#4508=CARTESIAN_POINT('',(0.0345024672540158,0.0449714235294129,-0.019206047808866));
#4509=CARTESIAN_POINT('',(0.0327933097915323,0.0446133974811496,-0.0151635734713234));
#4510=CARTESIAN_POINT('',(0.0324750026612519,0.0462553876064085,-0.0157419383765198));
#4511=CARTESIAN_POINT('',(0.0342349118877557,0.0463241174970904,-0.0156449121248616));
#4512=CARTESIAN_POINT('',(0.0326179479288752,0.0455180031887959,-0.0115601336913869));
#4513=CARTESIAN_POINT('',(0.0322935613126806,0.047191354395537,-0.0119959972521281));
#4514=CARTESIAN_POINT('',(0.034050320453356,0.0472573414919588,-0.0119270697089451));
#4515=CARTESIAN_POINT('',(0.1725,0.,0.));
#4516=CARTESIAN_POINT('',(0.1725,-0.0387384365239048,-0.0270535771328563));
#4517=CARTESIAN_POINT('',(0.171,-0.0387384365239048,-0.0270535771328562));
#4518=CARTESIAN_POINT('',(0.171,-0.0399682281595843,-0.0279124208513596));
#4519=CARTESIAN_POINT('',(0.1725,-0.0399682281595843,-0.0279124208513596));
#4520=CARTESIAN_POINT('',(0.171,-0.0382551397728139,-0.0279532292763835));
#4521=CARTESIAN_POINT('',(0.171114340287201,-0.0393904229678526,-0.0287397890644984));
#4522=CARTESIAN_POINT('',(0.172500000001188,-0.0393199968031558,-0.0288406333805379));
#4523=CARTESIAN_POINT('',(0.170865160983575,-0.0372595479316889,-0.0296751399241933));
#4524=CARTESIAN_POINT('',(0.171171418857836,-0.0381867467582358,-0.030358498543055));
#4525=CARTESIAN_POINT('',(0.172324709278095,-0.0379846394921573,-0.0306172078582285));
#4526=CARTESIAN_POINT('',(0.170098492257725,-0.0356661808103054,-0.0320692638086933));
#4527=CARTESIAN_POINT('',(0.170528471553185,-0.0361846357051624,-0.0327157994752919));
#4528=CARTESIAN_POINT('',(0.171328039935194,-0.0358475042262892,-0.0330873356756541));
#4529=CARTESIAN_POINT('',(0.168783450564101,-0.0344578080810551,-0.0336573454050494));
#4530=CARTESIAN_POINT('',(0.169121305026172,-0.0346430577399981,-0.0343143004155697));
#4531=CARTESIAN_POINT('',(0.169618485733312,-0.0342267503275051,-0.034725832560763));
#4532=CARTESIAN_POINT('',(0.167284631994116,-0.0338525919566405,-0.0344056166085012));
#4533=CARTESIAN_POINT('',(0.167445579831098,-0.033881532431148,-0.035058474757627));
#4534=CARTESIAN_POINT('',(0.167670021592354,-0.0334149921923812,-0.0354978584055969));
#4535=CARTESIAN_POINT('',(0.166019307472671,-0.0336836448495965,-0.0346095025069844));
#4536=CARTESIAN_POINT('',(0.166021762635674,-0.0336701148752775,-0.0352605344075082));
#4537=CARTESIAN_POINT('',(0.166025099714472,-0.0331883885329325,-0.0357082168722853));
#4538=CARTESIAN_POINT('',(0.164748036081062,-0.0338436490817923,-0.0344164620042063));
#4539=CARTESIAN_POINT('',(0.164591027740159,-0.0338703265040541,-0.0350692366420282));
#4540=CARTESIAN_POINT('',(0.164372446905377,-0.0334029973840529,-0.0355090480995783));
#4541=CARTESIAN_POINT('',(0.1632398460468,-0.0344416721041225,-0.0336779196939274));
#4542=CARTESIAN_POINT('',(0.162904028894345,-0.0346228876821894,-0.034334574670787));
#4543=CARTESIAN_POINT('',(0.162411799860861,-0.0342051076282866,-0.0347470600016694));
#4544=CARTESIAN_POINT('',(0.161913318142829,-0.0356502360188338,-0.0320911636711568));
#4545=CARTESIAN_POINT('',(0.161483217153904,-0.0361641157102434,-0.0327381213142174));
#4546=CARTESIAN_POINT('',(0.160687313585502,-0.0358261179583583,-0.0331099307718422));
#4547=CARTESIAN_POINT('',(0.161139544741039,-0.0372391278381939,-0.0297089917360716));
#4548=CARTESIAN_POINT('',(0.160830134563363,-0.0381621693923272,-0.0303901809943195));
#4549=CARTESIAN_POINT('',(0.15968140816399,-0.0379572506366135,-0.0306521343308173));
#4550=CARTESIAN_POINT('',(0.161,-0.038253598675344,-0.027956098014235));
#4551=CARTESIAN_POINT('',(0.160885309052297,-0.0393886509474756,-0.0287423264480304));
#4552=CARTESIAN_POINT('',(0.159499999998625,-0.0393179297755604,-0.0288435931893981));
#4553=CARTESIAN_POINT('',(0.161,-0.0387384365239048,-0.0270535771328563));
#4554=CARTESIAN_POINT('',(0.161,-0.0399682281595843,-0.0279124208513597));
#4555=CARTESIAN_POINT('',(0.1595,-0.0399682281595843,-0.0279124208513597));
#4556=CARTESIAN_POINT('',(0.1595,-0.0387384365239048,-0.0270535771328562));
#4557=CARTESIAN_POINT('',(0.1595,0.,0.));
#4558=CARTESIAN_POINT('',(0.107002359402398,-0.045155385386186,-0.0113076646155898));
#4559=CARTESIAN_POINT('',(0.10584972409656,-0.0472558603639542,-0.011981284494744));
#4560=CARTESIAN_POINT('',(0.108317376855876,-0.0473334137322653,-0.0116666380954498));
#4561=CARTESIAN_POINT('',(0.107205249878651,-0.0447856532025201,-0.0132577458749985));
#4562=CARTESIAN_POINT('',(0.106320514021119,-0.04678981703406,-0.0138184010695328));
#4563=CARTESIAN_POINT('',(0.108581134476236,-0.0468375031057303,-0.0136786266964472));
#4564=CARTESIAN_POINT('',(0.107496409386877,-0.0440911140127897,-0.0161241700517321));
#4565=CARTESIAN_POINT('',(0.107017383086517,-0.0459293693212973,-0.0165756417806544));
#4566=CARTESIAN_POINT('',(0.108959641835422,-0.04590593863603,-0.0166360484660683));
#4567=CARTESIAN_POINT('',(0.10765017236999,-0.0428747241943091,-0.0198561445136245));
#4568=CARTESIAN_POINT('',(0.107625595300375,-0.0443054254251733,-0.0204133813829393));
#4569=CARTESIAN_POINT('',(0.109159533713798,-0.0442744316574788,-0.0204864983077087));
#4570=CARTESIAN_POINT('',(0.107572342450682,-0.0418103095945741,-0.022605529486366));
#4571=CARTESIAN_POINT('',(0.10779923129615,-0.0429390669277011,-0.0231470988968331));
#4572=CARTESIAN_POINT('',(0.109058354818631,-0.0428467644562058,-0.0233231653430758));
#4573=CARTESIAN_POINT('',(0.107221048296404,-0.0406493217735702,-0.025179859855523));
#4574=CARTESIAN_POINT('',(0.107608931019298,-0.0414569434255426,-0.0257077318875));
#4575=CARTESIAN_POINT('',(0.108601672418088,-0.0412895665058228,-0.0259792204858572));
#4576=CARTESIAN_POINT('',(0.106561907215487,-0.0395904607241007,-0.0272166875965541));
#4577=CARTESIAN_POINT('',(0.106985302753449,-0.0400929379068767,-0.0277611362034198));
#4578=CARTESIAN_POINT('',(0.107744789012892,-0.0398693481140712,-0.0280807094250161));
#4579=CARTESIAN_POINT('',(0.105729766472531,-0.038799654204857,-0.0286043107326502));
#4580=CARTESIAN_POINT('',(0.106099207759987,-0.0390806795508894,-0.0291537551743373));
#4581=CARTESIAN_POINT('',(0.10666300604705,-0.0388086631795304,-0.0295123840892423));
#4582=CARTESIAN_POINT('',(0.104899530298611,-0.0382595683175849,-0.0295020367247462));
#4583=CARTESIAN_POINT('',(0.105190500753177,-0.0383964136697104,-0.0300474299762809));
#4584=CARTESIAN_POINT('',(0.105583699020954,-0.0380842622672368,-0.0304386093191826));
#4585=CARTESIAN_POINT('',(0.103869297233438,-0.0378628462357254,-0.0301321278498014));
#4586=CARTESIAN_POINT('',(0.104036360874914,-0.0378933410636389,-0.0306763984471847));
#4587=CARTESIAN_POINT('',(0.104244396036229,-0.0375521509034729,-0.0310887033370967));
#4588=CARTESIAN_POINT('',(0.102679094967509,-0.0377013356686797,-0.0303820181579289));
#4589=CARTESIAN_POINT('',(0.102687284200124,-0.0376885010438636,-0.030926142480999));
#4590=CARTESIAN_POINT('',(0.102697133090521,-0.0373355216508482,-0.031346526670879));
#4591=CARTESIAN_POINT('',(0.101483587543958,-0.037833916995036,-0.0301771144539935));
#4592=CARTESIAN_POINT('',(0.10133143049272,-0.0378566207767325,-0.0307213683668852));
#4593=CARTESIAN_POINT('',(0.101142973439904,-0.0375133489854054,-0.0311351180874536));
#4594=CARTESIAN_POINT('',(0.10007906805327,-0.0383405776135225,-0.0293757335025141));
#4595=CARTESIAN_POINT('',(0.0997474745926325,-0.0385024662723326,-0.0299172227216148));
#4596=CARTESIAN_POINT('',(0.0993170981020105,-0.0381929175927406,-0.0303082964708479));
#4597=CARTESIAN_POINT('',(0.098848456463223,-0.0393299943212878,-0.0277122927322182));
#4598=CARTESIAN_POINT('',(0.0984089826661491,-0.0397760839119394,-0.0282336108379512));
#4599=CARTESIAN_POINT('',(0.0977173030349501,-0.0395199923833139,-0.0285920480570505));
#4600=CARTESIAN_POINT('',(0.0980432346157507,-0.0405891215040687,-0.0253046120159696));
#4601=CARTESIAN_POINT('',(0.0976502778136351,-0.0413807344616051,-0.0258305920876325));
#4602=CARTESIAN_POINT('',(0.0966705146332312,-0.041208821699904,-0.0261079330323496));
#4603=CARTESIAN_POINT('',(0.0976682400798511,-0.0417868505023615,-0.0226631331499123));
#4604=CARTESIAN_POINT('',(0.0974360009820194,-0.0429100737309776,-0.0232028153417012));
#4605=CARTESIAN_POINT('',(0.0961830217365799,-0.0428152994833174,-0.0233825976943539));
#4606=CARTESIAN_POINT('',(0.0975873011985365,-0.0428445581338836,-0.0199403162683315));
#4607=CARTESIAN_POINT('',(0.0976034719816666,-0.0442663607014775,-0.0204972587929094));
#4608=CARTESIAN_POINT('',(0.0960778011908035,-0.0442339708304001,-0.020573342181612));
#4609=CARTESIAN_POINT('',(0.0977370286171423,-0.0440857135137261,-0.0161521999458689));
#4610=CARTESIAN_POINT('',(0.0982123160268232,-0.0459259939488053,-0.0165951903503297));
#4611=CARTESIAN_POINT('',(0.0962724468353264,-0.0458986951095082,-0.0166649681981179));
#4612=CARTESIAN_POINT('',(0.0980322736827797,-0.0447849392701717,-0.013261691176084));
#4613=CARTESIAN_POINT('',(0.0989165594976012,-0.0467890084985799,-0.0138217503637685));
#4614=CARTESIAN_POINT('',(0.096656265419121,-0.0468365455298032,-0.0136826972451697));
#4615=CARTESIAN_POINT('',(0.0982356784095439,-0.0451555713091665,-0.0113066839554955));
#4616=CARTESIAN_POINT('',(0.0993884654742156,-0.0472561115822618,-0.0119802941627192));
#4617=CARTESIAN_POINT('',(0.0969206915651662,-0.0473336631051518,-0.011665626303289));
#4618=CARTESIAN_POINT('',(0.0456111111111111,0.,0.));
#4619=CARTESIAN_POINT('',(0.0456111111111111,-0.04275,-0.0201246117974981));
#4620=CARTESIAN_POINT('',(0.0441111111111111,-0.04275,-0.0201246117974981));
#4621=CARTESIAN_POINT('',(0.0441111111111111,-0.0441071428571429,-0.020763488362498));
#4622=CARTESIAN_POINT('',(0.0456111111111111,-0.0441071428571429,-0.020763488362498));
#4623=CARTESIAN_POINT('',(0.0441111111111111,-0.0421959704865709,-0.0216545886493347));
#4624=CARTESIAN_POINT('',(0.0442543123781003,-0.0434282229131081,-0.0222056939532435));
#4625=CARTESIAN_POINT('',(0.0456111111129944,-0.0433640397797368,-0.0223420359080988));
#4626=CARTESIAN_POINT('',(0.0439842565518057,-0.0412829526030214,-0.0238583186968358));
#4627=CARTESIAN_POINT('',(0.0443203458542795,-0.042287833819047,-0.0243577966994496));
#4628=CARTESIAN_POINT('',(0.0454462001835858,-0.0421394364278299,-0.0246157256395811));
#4629=CARTESIAN_POINT('',(0.0432912791699469,-0.0399140261943623,-0.0266186189332782));
#4630=CARTESIAN_POINT('',(0.0437128735099286,-0.0405091895955218,-0.0271578329020004));
#4631=CARTESIAN_POINT('',(0.0445453295876838,-0.0403033367210201,-0.02746365445497));
#4632=CARTESIAN_POINT('',(0.0423983314647091,-0.0388877420714248,-0.028471000509711));
#4633=CARTESIAN_POINT('',(0.0427997197929823,-0.0392035237125673,-0.0290055183814072));
#4634=CARTESIAN_POINT('',(0.0433844975707439,-0.0389268127783197,-0.0293748417957399));
#4635=CARTESIAN_POINT('',(0.0410050448398821,-0.0380029210112437,-0.0299191827075426));
#4636=CARTESIAN_POINT('',(0.0412686987933069,-0.0380753301279299,-0.0304580221464233));
#4637=CARTESIAN_POINT('',(0.0415732249586061,-0.0377400289754675,-0.0308689980315656));
#4638=CARTESIAN_POINT('',(0.0390491378669495,-0.037612383743722,-0.0305181060598235));
#4639=CARTESIAN_POINT('',(0.0390399272037673,-0.0375756740807585,-0.0310623079794453));
#4640=CARTESIAN_POINT('',(0.0390305458933751,-0.0372162131163228,-0.0314869348237249));
#4641=CARTESIAN_POINT('',(0.0371098425931768,-0.0380496472003514,-0.0298457122166622));
#4642=CARTESIAN_POINT('',(0.0368332297196412,-0.0381349062640478,-0.0303842323822219));
#4643=CARTESIAN_POINT('',(0.0365094620390075,-0.0378027014046039,-0.0307931951438114));
#4644=CARTESIAN_POINT('',(0.0362102063129853,-0.0386477089562985,-0.0288621207849951));
#4645=CARTESIAN_POINT('',(0.0358593857217209,-0.03888851347825,-0.029409481285806));
#4646=CARTESIAN_POINT('',(0.035339934870939,-0.0386048635980505,-0.0297783785884774));
#4647=CARTESIAN_POINT('',(0.0358368582645113,-0.0389712080903372,-0.0282998367016115));
#4648=CARTESIAN_POINT('',(0.0354665131218361,-0.039292105262401,-0.0288595197550656));
#4649=CARTESIAN_POINT('',(0.0348545824105313,-0.0390387632322777,-0.0291982442159484));
#4650=CARTESIAN_POINT('',(0.0348545824105313,-0.0378375705174384,-0.0282998367016115));
#4651=CARTESIAN_POINT('',(0.0358368582645113,-0.0389712080903372,-0.0282998367016115));
#4652=CARTESIAN_POINT('',(0.0354665131218362,-0.039292105262401,-0.0288595197550656));
#4653=CARTESIAN_POINT('',(0.0348545824105314,-0.0390387632322777,-0.0291982442159484));
#4654=CARTESIAN_POINT('',(0.0354625749962487,-0.0392955175749134,-0.0277361441139604));
#4655=CARTESIAN_POINT('',(0.0350480858106872,-0.0397200353527828,-0.0282944123220156));
#4656=CARTESIAN_POINT('',(0.0343424053121787,-0.0394737497705276,-0.0286166566262847));
#4657=CARTESIAN_POINT('',(0.0349028072594515,-0.0399638157817367,-0.0264842988952594));
#4658=CARTESIAN_POINT('',(0.0344564462972583,-0.0406106153988077,-0.0270287541547267));
#4659=CARTESIAN_POINT('',(0.0335764073483582,-0.0403697456081726,-0.0273248002822062));
#4660=CARTESIAN_POINT('',(0.0342370386655183,-0.0412982069012574,-0.0236810824672116));
#4661=CARTESIAN_POINT('',(0.0338746804922272,-0.0423962965672883,-0.0241910814960918));
#4662=CARTESIAN_POINT('',(0.0326653555927742,-0.0421585980888086,-0.024432076753063));
#4663=CARTESIAN_POINT('',(0.034111111111111,-0.0421997421760416,-0.0214515553954841));
#4664=CARTESIAN_POINT('',(0.0339574853748332,-0.04353854518217,-0.0220382974632531));
#4665=CARTESIAN_POINT('',(0.0324930336725651,-0.0433674523450456,-0.0221317170037786));
#4666=CARTESIAN_POINT('',(0.034111111111111,-0.04275,-0.0199160839311845));
#4667=CARTESIAN_POINT('',(0.034111111111111,-0.0442212856449197,-0.0206015166420844));
#4668=CARTESIAN_POINT('',(0.0324930336742994,-0.0441054685530732,-0.0205475605503444));
#4669=CARTESIAN_POINT('',(0.0326111111111111,-0.04275,-0.0199160839311845));
#4670=CARTESIAN_POINT('',(0.0326111111111111,0.,0.));
#4671=CARTESIAN_POINT('',(0.102500256484972,0.0456285713374682,0.));
#4672=CARTESIAN_POINT('',(0.102500256484972,0.0456285713374682,0.));
#4673=CARTESIAN_POINT('',(0.102500256484972,0.0456285713374682,0.));
#4674=CARTESIAN_POINT('',(0.128994949366117,0.0989949493661166,2.18374171136934));
#4675=MECHANICAL_DESIGN_GEOMETRIC_PRESENTATION_REPRESENTATION('',(#1808),
#4676);
#4676=(
GEOMETRIC_REPRESENTATION_CONTEXT(3)
GLOBAL_UNCERTAINTY_ASSIGNED_CONTEXT((#4677))
GLOBAL_UNIT_ASSIGNED_CONTEXT((#4680,#4679,#4678))
REPRESENTATION_CONTEXT('motor_mount_top','TOP_LEVEL_ASSEMBLY_PART')
);
#4677=UNCERTAINTY_MEASURE_WITH_UNIT(LENGTH_MEASURE(2.08707513272081E-5),
#4680,'DISTANCE_ACCURACY_VALUE','Maximum Tolerance applied to model');
#4678=(
NAMED_UNIT(*)
SI_UNIT($,.STERADIAN.)
SOLID_ANGLE_UNIT()
);
#4679=(
NAMED_UNIT(*)
PLANE_ANGLE_UNIT()
SI_UNIT($,.RADIAN.)
);
#4680=(
LENGTH_UNIT()
NAMED_UNIT(*)
SI_UNIT($,.METRE.)
);
#4681=PRODUCT_DEFINITION_SHAPE('','',#4682);
#4682=PRODUCT_DEFINITION('','',#4684,#4683);
#4683=PRODUCT_DEFINITION_CONTEXT('',#4690,'design');
#4684=PRODUCT_DEFINITION_FORMATION_WITH_SPECIFIED_SOURCE('','',#4686,
 .NOT_KNOWN.);
#4685=PRODUCT_RELATED_PRODUCT_CATEGORY('','',(#4686));
#4686=PRODUCT('motor_mount_top','motor_mount_top','motor_mount_top',(#4688));
#4687=PRODUCT_CATEGORY('','');
#4688=PRODUCT_CONTEXT('',#4690,'mechanical');
#4689=APPLICATION_PROTOCOL_DEFINITION('international standard',
'ap242_managed_model_based_3d_engineering',2020,#4690);
#4690=APPLICATION_CONTEXT('managed model based 3d engineering');
ENDSEC;
END-ISO-10303-21;
